{"type":"FeatureCollection","features":[{"type":"Feature","geometry":{"type":"Point","coordinates":[44.7455947,41.7242981]},"properties":{"pole_id":327,"labels":["5.5"],"track_ids":[619],"conf":0.916,"n_frames":30,"first_ts":1791370251419265000,"last_ts":1791370252319140000,"image":"20261007T102104Z_c0001_photos/sign_327.jpg","gnss_q":"FIX","n_obs":30,"n_views":28,"dmin_m":10.416,"dmed_m":12.799,"err_h_m":null,"tier":"B","method":"legacy","source":"gnss","pos_src":"rt","n_tracks":1,"n_passes":1,"photo_key":"1791370252152491000_124_357_200_431_v2.jpg","photo_url":"https://drive.google.com/thumbnail?id=1yX2qDaE0i64PjrOWkORI-ve8K8GYnvrx&sz=w1200","photo_view":"https://drive.google.com/file/d/1yX2qDaE0i64PjrOWkORI-ve8K8GYnvrx/view","label_stats":{},"alt":485.34,"session":"2026-10-07_20261007T102104Z","kind":"sign"}},{"type":"Feature","geometry":{"type":"Point","coordinates":[44.7456162,41.7242958]},"properties":{"pole_id":328,"labels":["3.27"],"track_ids":[620],"conf":0.908,"n_frames":35,"first_ts":1791370251585888000,"last_ts":1791370252685755000,"image":"20261007T102104Z_c0001_photos/sign_328.jpg","gnss_q":"FIX","n_obs":35,"n_views":34,"dmin_m":9.473,"dmed_m":11.527,"err_h_m":null,"tier":"B","method":"legacy","source":"gnss","pos_src":"rt","n_tracks":1,"n_passes":1,"photo_key":"1791370252485764000_139_482_218_548_v2.jpg","photo_url":"https://drive.google.com/thumbnail?id=1ZKUDaAMunpWnQxcAmvp4Vbf8JCxL-VUV&sz=w1200","photo_view":"https://drive.google.com/file/d/1ZKUDaAMunpWnQxcAmvp4Vbf8JCxL-VUV/view","label_stats":{},"alt":483.95,"session":"2026-10-07_20261007T102104Z","kind":"sign"}},{"type":"Feature","geometry":{"type":"Point","coordinates":[44.7456134,41.7242952]},"properties":{"pole_id":329,"labels":["Manqanis_gadayvana"],"track_ids":[621],"conf":0.815,"n_frames":14,"first_ts":1791370252119151000,"last_ts":1791370252585759000,"image":"20261007T102104Z_c0001_photos/sign_329.jpg","gnss_q":"FIX","n_obs":14,"n_views":13,"dmin_m":9.709,"dmed_m":10.775,"err_h_m":null,"tier":"B","method":"legacy","source":"gnss","pos_src":"rt","n_tracks":1,"n_passes":1,"photo_key":"1791370252352455000_243_561_306_588_v2.jpg","photo_url":"https://drive.google.com/thumbnail?id=1eOLI2MEyqARoo-57aGudEQ_viVArlcXq&sz=w1200","photo_view":"https://drive.google.com/file/d/1eOLI2MEyqARoo-57aGudEQ_viVArlcXq/view","label_stats":{},"alt":483.49,"session":"2026-10-07_20261007T102104Z","kind":"sign"}},{"type":"Feature","geometry":{"type":"Point","coordinates":[44.745722,41.7243002]},"properties":{"pole_id":330,"labels":["7.4"],"track_ids":[622],"conf":0.931,"n_frames":28,"first_ts":1791370253019027000,"last_ts":1791370253918903000,"image":"20261007T102104Z_c0001_photos/sign_330.jpg","gnss_q":"FIX","n_obs":28,"n_views":28,"dmin_m":8.08,"dmed_m":10.471,"err_h_m":null,"tier":"B","method":"legacy","source":"gnss","pos_src":"rt","n_tracks":1,"n_passes":1,"photo_key":"1791370253885589000_13_157_109_249_v2.jpg","photo_url":"https://drive.google.com/thumbnail?id=1ZDAgkUhNGF5zR477Nt-6VTBR4ActYo1j&sz=w1200","photo_view":"https://drive.google.com/file/d/1ZDAgkUhNGF5zR477Nt-6VTBR4ActYo1j/view","label_stats":{},"alt":485.49,"session":"2026-10-07_20261007T102104Z","kind":"sign"}},{"type":"Feature","geometry":{"type":"Point","coordinates":[44.7462437,41.7243499]},"properties":{"pole_id":331,"labels":["1.24"],"track_ids":[625],"conf":0.958,"n_frames":53,"first_ts":1791370258718250000,"last_ts":1791370260351383000,"image":"20261007T102104Z_c0001_photos/sign_331.jpg","gnss_q":"FLOAT","n_obs":53,"n_views":50,"dmin_m":5.695,"dmed_m":10.012,"err_h_m":null,"tier":"C","method":"legacy","source":"gnss","pos_src":"rt","n_tracks":1,"n_passes":1,"photo_key":"1791370260351383000_0_26_140_166_v2.jpg","photo_url":"https://drive.google.com/thumbnail?id=1g_QXsolt4ZV3GB6YiyTwEvB3rwwxeigU&sz=w1200","photo_view":"https://drive.google.com/file/d/1g_QXsolt4ZV3GB6YiyTwEvB3rwwxeigU/view","label_stats":{},"alt":483.8,"session":"2026-10-07_20261007T102104Z","kind":"sign"}},{"type":"Feature","geometry":{"type":"Point","coordinates":[44.7462399,41.7243502]},"properties":{"pole_id":332,"labels":["3.27"],"track_ids":[626],"conf":0.951,"n_frames":46,"first_ts":1791370258718250000,"last_ts":1791370260284728000,"image":"20261007T102104Z_c0001_photos/sign_332.jpg","gnss_q":"FLOAT","n_obs":46,"n_views":46,"dmin_m":5.558,"dmed_m":10.31,"err_h_m":null,"tier":"C","method":"legacy","source":"gnss","pos_src":"rt","n_tracks":1,"n_passes":1,"photo_key":"1791370260118078000_271_314_383_410_v2.jpg","photo_url":"https://drive.google.com/thumbnail?id=1H-ZgTEvlYBH-ZZchYy4GaFmae4nAq1Kv&sz=w1200","photo_view":"https://drive.google.com/file/d/1H-ZgTEvlYBH-ZZchYy4GaFmae4nAq1Kv/view","label_stats":{},"alt":482.93,"session":"2026-10-07_20261007T102104Z","kind":"sign"}},{"type":"Feature","geometry":{"type":"Point","coordinates":[44.7462414,41.7243504]},"properties":{"pole_id":333,"labels":["3.27","Manqanis_gadayvana"],"track_ids":[627,628],"conf":0.948,"n_frames":16,"first_ts":1791370258984900000,"last_ts":1791370260351383000,"image":"20261007T102104Z_c0001_photos/sign_333.jpg","gnss_q":"FLOAT","n_obs":16,"n_views":16,"dmin_m":5.412,"dmed_m":6.697,"err_h_m":null,"tier":"C","method":"legacy","source":"gnss","pos_src":"rt","n_tracks":2,"n_passes":1,"photo_key":"1791370260318041000_1_188_165_318_v2.jpg","photo_url":"https://drive.google.com/thumbnail?id=1__3HQQQ6G_4YuprBpHY_G31XcYm8KVJS&sz=w1200","photo_view":"https://drive.google.com/file/d/1__3HQQQ6G_4YuprBpHY_G31XcYm8KVJS/view","label_stats":{},"alt":483.56,"session":"2026-10-07_20261007T102104Z","kind":"sign"}},{"type":"Feature","geometry":{"type":"Point","coordinates":[44.7463942,41.7243656]},"properties":{"pole_id":334,"labels":["7.4"],"track_ids":[629],"conf":0.934,"n_frames":33,"first_ts":1791370261117924000,"last_ts":1791370262217795000,"image":"20261007T102104Z_c0001_photos/sign_334.jpg","gnss_q":"FIX","n_obs":33,"n_views":33,"dmin_m":6.248,"dmed_m":8.934,"err_h_m":null,"tier":"A","method":"legacy","source":"gnss","pos_src":"rt","n_tracks":1,"n_passes":1,"photo_key":"1791370262184455000_35_10_179_135_v2.jpg","photo_url":"https://drive.google.com/thumbnail?id=1F91_uRcviQnGXjH1Xm702oVh2PUgyNyH&sz=w1200","photo_view":"https://drive.google.com/file/d/1F91_uRcviQnGXjH1Xm702oVh2PUgyNyH/view","label_stats":{},"alt":484.17,"session":"2026-10-07_20261007T102104Z","kind":"sign"}},{"type":"Feature","geometry":{"type":"Point","coordinates":[44.7471734,41.7244513]},"properties":{"pole_id":0,"labels":["7.4"],"track_ids":[1],"conf":0.864,"n_frames":8,"first_ts":1791370271083294000,"last_ts":1791370271349911000,"image":"20261007T102104Z_c0002_photos/sign_0.jpg","gnss_q":"DGNSS","n_obs":8,"n_views":8,"dmin_m":11.614,"dmed_m":13.205,"err_h_m":null,"tier":"C","method":"legacy","source":"gnss","pos_src":"rt","n_tracks":1,"n_passes":1,"photo_key":"1791370271116608000_648_448_686_487_v2.jpg","photo_url":"https://drive.google.com/thumbnail?id=1mqZWRKqvNY8Yt_0onBDKNQOHEaOWUTSP&sz=w1200","photo_view":"https://drive.google.com/file/d/1mqZWRKqvNY8Yt_0onBDKNQOHEaOWUTSP/view","label_stats":{"7.4":{"detections":8,"mean_conf":0.684,"max_conf":0.864}},"alt":482.79,"session":"2026-10-07_20261007T102104Z","kind":"sign"}},{"type":"Feature","geometry":{"type":"Point","coordinates":[44.7471645,41.7244417]},"properties":{"pole_id":1,"labels":["Manqanis_gadayvana"],"track_ids":[2],"conf":0.548,"n_frames":3,"first_ts":1791370272049828000,"last_ts":1791370272183139000,"image":"20261007T102104Z_c0002_photos/sign_1.jpg","gnss_q":"DGNSS","n_obs":3,"n_views":3,"dmin_m":6.375,"dmed_m":6.548,"err_h_m":null,"tier":"C","method":"legacy","source":"gnss","pos_src":"rt","n_tracks":1,"n_passes":1,"photo_key":"1791370272149799000_116_263_228_315_v2.jpg","photo_url":"https://drive.google.com/thumbnail?id=1tDCR1IC_NvNlFpeMU9F9OP1aIC-ja5mg&sz=w1200","photo_view":"https://drive.google.com/file/d/1tDCR1IC_NvNlFpeMU9F9OP1aIC-ja5mg/view","label_stats":{"Manqanis_gadayvana":{"detections":3,"mean_conf":0.477,"max_conf":0.548}},"alt":482.49,"session":"2026-10-07_20261007T102104Z","kind":"sign"}},{"type":"Feature","geometry":{"type":"Point","coordinates":[44.7474104,41.7244648]},"properties":{"pole_id":2,"labels":["7.20.2"],"track_ids":[3],"conf":0.933,"n_frames":46,"first_ts":1791370273749598000,"last_ts":1791370275316057000,"image":"20261007T102104Z_c0002_photos/sign_2.jpg","gnss_q":"FLOAT","n_obs":46,"n_views":44,"dmin_m":6.254,"dmed_m":10.609,"err_h_m":null,"tier":"C","method":"legacy","source":"gnss","pos_src":"rt","n_tracks":1,"n_passes":1,"photo_key":"1791370275282744000_16_16_160_143_v2.jpg","photo_url":"https://drive.google.com/thumbnail?id=1tls3RI1dVYDagnyPGDFtplLFuun1kbB5&sz=w1200","photo_view":"https://drive.google.com/file/d/1tls3RI1dVYDagnyPGDFtplLFuun1kbB5/view","label_stats":{"7.20.2":{"detections":44,"mean_conf":0.75,"max_conf":0.933}},"alt":483.14,"session":"2026-10-07_20261007T102104Z","kind":"sign"}},{"type":"Feature","geometry":{"type":"Point","coordinates":[44.7474939,41.724471]},"properties":{"pole_id":3,"labels":["7.4"],"track_ids":[4],"conf":0.959,"n_frames":45,"first_ts":1791370274949444000,"last_ts":1791370276382591000,"image":"20261007T102104Z_c0002_photos/sign_3.jpg","gnss_q":"FLOAT","n_obs":45,"n_views":44,"dmin_m":6.433,"dmed_m":9.485,"err_h_m":null,"tier":"C","method":"legacy","source":"gnss","pos_src":"rt","n_tracks":1,"n_passes":1,"photo_key":"1791370276349251000_12_6_193_155_v2.jpg","photo_url":"https://drive.google.com/thumbnail?id=1Sn9jUoO-rOYtS1NZ_LYcvjUR17Et-irW&sz=w1200","photo_view":"https://drive.google.com/file/d/1Sn9jUoO-rOYtS1NZ_LYcvjUR17Et-irW/view","label_stats":{"7.4":{"detections":45,"mean_conf":0.863,"max_conf":0.959}},"alt":482.68,"session":"2026-10-07_20261007T102104Z","kind":"sign"}},{"type":"Feature","geometry":{"type":"Point","coordinates":[44.7477735,41.7244336]},"properties":{"pole_id":4,"labels":["5.15.2"],"track_ids":[7],"conf":0.889,"n_frames":33,"first_ts":1791370278682289000,"last_ts":1791370279648824000,"image":"20261007T102104Z_c0002_photos/sign_4.jpg","gnss_q":"DGNSS","n_obs":33,"n_views":30,"dmin_m":9.704,"dmed_m":11.623,"err_h_m":null,"tier":"C","method":"legacy","source":"gnss","pos_src":"rt","n_tracks":1,"n_passes":1,"photo_key":"1791370279082244000_1140_187_1190_240_v2.jpg","photo_url":"https://drive.google.com/thumbnail?id=14AzJ_dSl4KTcGAauPMuJyIuJQabv4UC2&sz=w1200","photo_view":"https://drive.google.com/file/d/14AzJ_dSl4KTcGAauPMuJyIuJQabv4UC2/view","label_stats":{"5.15.2":{"detections":30,"mean_conf":0.723,"max_conf":0.889}},"alt":485.63,"session":"2026-10-07_20261007T102104Z","kind":"sign"}},{"type":"Feature","geometry":{"type":"Point","coordinates":[44.7477622,41.7244641]},"properties":{"pole_id":5,"labels":["4.1.5"],"track_ids":[8],"conf":0.753,"n_frames":6,"first_ts":1791370278748944000,"last_ts":1791370279515514000,"image":"20261007T102104Z_c0002_photos/sign_5.jpg","gnss_q":"DGNSS","n_obs":6,"n_views":6,"dmin_m":9.641,"dmed_m":11.486,"err_h_m":null,"tier":"C","method":"legacy","source":"gnss","pos_src":"rt","n_tracks":1,"n_passes":1,"photo_key":"1791370279115556000_886_154_936_206_v2.jpg","photo_url":"https://drive.google.com/thumbnail?id=10vdDZw2jTDRoso6y4z85qZKQQem1xZFY&sz=w1200","photo_view":"https://drive.google.com/file/d/10vdDZw2jTDRoso6y4z85qZKQQem1xZFY/view","label_stats":{"4.1.5":{"detections":6,"mean_conf":0.654,"max_conf":0.753}},"alt":485.77,"session":"2026-10-07_20261007T102104Z","kind":"sign"}},{"type":"Feature","geometry":{"type":"Point","coordinates":[44.7477875,41.7243853]},"properties":{"pole_id":6,"labels":["4.1.4"],"track_ids":[9],"conf":0.863,"n_frames":11,"first_ts":1791370279182241000,"last_ts":1791370279615510000,"image":"20261007T102104Z_c0002_photos/sign_6.jpg","gnss_q":"DGNSS","n_obs":11,"n_views":11,"dmin_m":12.534,"dmed_m":12.982,"err_h_m":null,"tier":"C","method":"legacy","source":"gnss","pos_src":"rt","n_tracks":1,"n_passes":1,"photo_key":"1791370279182241000_1562_170_1610_221_v2.jpg","photo_url":"https://drive.google.com/thumbnail?id=1W0ZZ8G5_WVMzdRmAzVOrgEWOT6DAvDgL&sz=w1200","photo_view":"https://drive.google.com/file/d/1W0ZZ8G5_WVMzdRmAzVOrgEWOT6DAvDgL/view","label_stats":{"4.1.4":{"detections":11,"mean_conf":0.585,"max_conf":0.863}},"alt":485.73,"session":"2026-10-07_20261007T102104Z","kind":"sign"}},{"type":"Feature","geometry":{"type":"Point","coordinates":[44.747959,41.7244609]},"properties":{"pole_id":7,"labels":["2.1"],"track_ids":[10,11,12,17,19],"conf":0.893,"n_frames":234,"first_ts":1791370283714977000,"last_ts":1791370332942362000,"image":"20261007T102104Z_c0002_photos/sign_7.jpg","gnss_q":"FLOAT","n_obs":234,"n_views":234,"dmin_m":3.39,"dmed_m":3.545,"err_h_m":null,"tier":"C","method":"legacy","source":"gnss","pos_src":"rt","n_tracks":5,"n_passes":2,"photo_key":"1791370325009928000_1559_566_1589_593_v2.jpg","photo_url":"https://drive.google.com/thumbnail?id=16UA_huBdg4qQc4hjG80tvmYkiV6wd9tl&sz=w1200","photo_view":"https://drive.google.com/file/d/16UA_huBdg4qQc4hjG80tvmYkiV6wd9tl/view","label_stats":{"2.1":{"detections":234,"mean_conf":0.871,"max_conf":0.893}},"alt":480.77,"session":"2026-10-07_20261007T102104Z","kind":"sign"}},{"type":"Feature","geometry":{"type":"Point","coordinates":[44.7479593,41.7244606]},"properties":{"pole_id":8,"labels":["7.20.2"],"track_ids":[13,14,15,16,18],"conf":0.586,"n_frames":82,"first_ts":1791370320110519000,"last_ts":1791370332909020000,"image":"20261007T102104Z_c0002_photos/sign_8.jpg","gnss_q":"FLOAT","n_obs":82,"n_views":82,"dmin_m":3.479,"dmed_m":3.597,"err_h_m":null,"tier":"C","method":"legacy","source":"gnss","pos_src":"rt","n_tracks":5,"n_passes":1,"photo_key":"1791370332909020000_1359_691_1375_712_v2.jpg","photo_url":"https://drive.google.com/thumbnail?id=1Nv3hvZHFaAVZ9aegtmcEHbAqNrKNxWyq&sz=w1200","photo_view":"https://drive.google.com/file/d/1Nv3hvZHFaAVZ9aegtmcEHbAqNrKNxWyq/view","label_stats":{"7.20.2":{"detections":82,"mean_conf":0.463,"max_conf":0.586}},"alt":480.64,"session":"2026-10-07_20261007T102104Z","kind":"sign"}},{"type":"Feature","geometry":{"type":"Point","coordinates":[44.7481506,41.7245451]},"properties":{"pole_id":9,"labels":["5.19.1"],"track_ids":[20],"conf":0.93,"n_frames":56,"first_ts":1791370336175299000,"last_ts":1791370338041776000,"image":"20261007T102104Z_c0002_photos/sign_9.jpg","gnss_q":"FLOAT","n_obs":56,"n_views":56,"dmin_m":6.121,"dmed_m":10.462,"err_h_m":null,"tier":"C","method":"legacy","source":"gnss","pos_src":"rt","n_tracks":1,"n_passes":1,"photo_key":"1791370337941778000_133_255_232_360_v2.jpg","photo_url":"https://drive.google.com/thumbnail?id=17QJqkJZEk92qv3UKe-EcaGKSU8_35KMK&sz=w1200","photo_view":"https://drive.google.com/file/d/17QJqkJZEk92qv3UKe-EcaGKSU8_35KMK/view","label_stats":{"5.19.1":{"detections":56,"mean_conf":0.888,"max_conf":0.93}},"alt":482.02,"session":"2026-10-07_20261007T102104Z","kind":"sign"}},{"type":"Feature","geometry":{"type":"Point","coordinates":[44.7483424,41.7245623]},"properties":{"pole_id":10,"labels":["7.4"],"track_ids":[21],"conf":0.928,"n_frames":37,"first_ts":1791370339308296000,"last_ts":1791370340508160000,"image":"20261007T102104Z_c0002_photos/sign_10.jpg","gnss_q":"FLOAT","n_obs":37,"n_views":37,"dmin_m":6.377,"dmed_m":9.57,"err_h_m":null,"tier":"C","method":"legacy","source":"gnss","pos_src":"rt","n_tracks":1,"n_passes":1,"photo_key":"1791370340341506000_232_152_334_248_v2.jpg","photo_url":"https://drive.google.com/thumbnail?id=1Hdpls9VFQC3JmikXDPqPzgSw_eoA8eZu&sz=w1200","photo_view":"https://drive.google.com/file/d/1Hdpls9VFQC3JmikXDPqPzgSw_eoA8eZu/view","label_stats":{"7.4":{"detections":37,"mean_conf":0.847,"max_conf":0.928}},"alt":482.33,"session":"2026-10-07_20261007T102104Z","kind":"sign"}},{"type":"Feature","geometry":{"type":"Point","coordinates":[44.7489343,41.7246207]},"properties":{"pole_id":11,"labels":["7.4"],"track_ids":[23],"conf":0.94,"n_frames":34,"first_ts":1791370345840895000,"last_ts":1791370346940763000,"image":"20261007T102104Z_c0002_photos/sign_11.jpg","gnss_q":"DGNSS","n_obs":34,"n_views":34,"dmin_m":6.45,"dmed_m":9.695,"err_h_m":null,"tier":"C","method":"legacy","source":"gnss","pos_src":"rt","n_tracks":1,"n_passes":1,"photo_key":"1791370346874106000_84_81_206_190_v2.jpg","photo_url":"https://drive.google.com/thumbnail?id=1O3bxksTggpb6LG_FuxHfy2tBNLVlK5EP&sz=w1200","photo_view":"https://drive.google.com/file/d/1O3bxksTggpb6LG_FuxHfy2tBNLVlK5EP/view","label_stats":{"7.4":{"detections":34,"mean_conf":0.884,"max_conf":0.94}},"alt":481.63,"session":"2026-10-07_20261007T102104Z","kind":"sign"}},{"type":"Feature","geometry":{"type":"Point","coordinates":[44.7495309,41.7246737]},"properties":{"pole_id":12,"labels":["7.4"],"track_ids":[25,27],"conf":0.939,"n_frames":29,"first_ts":1791370351206958000,"last_ts":1791370352373483000,"image":"20261007T102104Z_c0002_photos/sign_12.jpg","gnss_q":"DGNSS","n_obs":29,"n_views":28,"dmin_m":6.728,"dmed_m":9.78,"err_h_m":null,"tier":"C","method":"legacy","source":"gnss","pos_src":"rt","n_tracks":2,"n_passes":1,"photo_key":"1791370352306827000_124_93_246_198_v2.jpg","photo_url":"https://drive.google.com/thumbnail?id=1UQtBjEAIpk6iTxVWWePRyDLsB2lFe_HN&sz=w1200","photo_view":"https://drive.google.com/file/d/1UQtBjEAIpk6iTxVWWePRyDLsB2lFe_HN/view","label_stats":{"7.4":{"detections":29,"mean_conf":0.862,"max_conf":0.939}},"alt":481.32,"session":"2026-10-07_20261007T102104Z","kind":"sign"}},{"type":"Feature","geometry":{"type":"Point","coordinates":[44.7494767,41.7246675]},"properties":{"pole_id":13,"labels":["Manqanis_gadayvana"],"track_ids":[26,28],"conf":0.588,"n_frames":3,"first_ts":1791370351773550000,"last_ts":1791370352373483000,"image":"20261007T102104Z_c0002_photos/sign_13.jpg","gnss_q":"DGNSS","n_obs":3,"n_views":3,"dmin_m":6.232,"dmed_m":7.01,"err_h_m":null,"tier":"C","method":"legacy","source":"gnss","pos_src":"rt","n_tracks":2,"n_passes":1,"photo_key":"1791370352373483000_1_239_102_293_v2.jpg","photo_url":"https://drive.google.com/thumbnail?id=1LvyeAsCw5OC_cYEzCDxGOUKwaDjIN0RA&sz=w1200","photo_view":"https://drive.google.com/file/d/1LvyeAsCw5OC_cYEzCDxGOUKwaDjIN0RA/view","label_stats":{"Manqanis_gadayvana":{"detections":3,"mean_conf":0.514,"max_conf":0.588}},"alt":480.8,"session":"2026-10-07_20261007T102104Z","kind":"sign"}},{"type":"Feature","geometry":{"type":"Point","coordinates":[44.7500075,41.724704]},"properties":{"pole_id":14,"labels":["5.15.2"],"track_ids":[29],"conf":0.921,"n_frames":14,"first_ts":1791370355373152000,"last_ts":1791370355939769000,"image":"20261007T102104Z_c0002_photos/sign_14.jpg","gnss_q":"FLOAT","n_obs":14,"n_views":14,"dmin_m":10.633,"dmed_m":12.854,"err_h_m":null,"tier":"C","method":"legacy","source":"gnss","pos_src":"rt","n_tracks":1,"n_passes":1,"photo_key":"1791370355639803000_729_177_773_228_v2.jpg","photo_url":"https://drive.google.com/thumbnail?id=1Gh2yq-RYjHmKBd_xX045TJjAaoSJb0bz&sz=w1200","photo_view":"https://drive.google.com/file/d/1Gh2yq-RYjHmKBd_xX045TJjAaoSJb0bz/view","label_stats":{"5.15.2":{"detections":59,"mean_conf":0.889,"max_conf":0.971}},"alt":483.27,"session":"2026-10-07_20261007T102104Z","kind":"sign"}},{"type":"Feature","geometry":{"type":"Point","coordinates":[44.7500095,41.7246465]},"properties":{"pole_id":15,"labels":["5.15.2"],"track_ids":[30],"conf":0.97,"n_frames":20,"first_ts":1791370355373152000,"last_ts":1791370356006425000,"image":"20261007T102104Z_c0002_photos/sign_15.jpg","gnss_q":"FLOAT","n_obs":20,"n_views":20,"dmin_m":8.813,"dmed_m":11.484,"err_h_m":null,"tier":"C","method":"legacy","source":"gnss","pos_src":"rt","n_tracks":1,"n_passes":1,"photo_key":"1791370355806457000_1203_133_1260_192_v2.jpg","photo_url":"https://drive.google.com/thumbnail?id=1NCzbbiFJtSg9KMeq9KaaWIq9MwN-2lpz&sz=w1200","photo_view":"https://drive.google.com/file/d/1NCzbbiFJtSg9KMeq9KaaWIq9MwN-2lpz/view","label_stats":{"5.15.2":{"detections":64,"mean_conf":0.878,"max_conf":0.971}},"alt":482.95,"session":"2026-10-07_20261007T102104Z","kind":"sign"}},{"type":"Feature","geometry":{"type":"Point","coordinates":[44.7500053,41.7246738]},"properties":{"pole_id":16,"labels":["5.15.2"],"track_ids":[31],"conf":0.971,"n_frames":15,"first_ts":1791370355506490000,"last_ts":1791370355973084000,"image":"20261007T102104Z_c0002_photos/sign_16.jpg","gnss_q":"FLOAT","n_obs":15,"n_views":15,"dmin_m":8.713,"dmed_m":11.367,"err_h_m":null,"tier":"C","method":"legacy","source":"gnss","pos_src":"rt","n_tracks":1,"n_passes":1,"photo_key":"1791370355673118000_942_191_988_238_v2.jpg","photo_url":"https://drive.google.com/thumbnail?id=1eMaeImX1Ld3Rlyp-K9wWj5zVPOX-7XkV&sz=w1200","photo_view":"https://drive.google.com/file/d/1eMaeImX1Ld3Rlyp-K9wWj5zVPOX-7XkV/view","label_stats":{"5.15.2":{"detections":55,"mean_conf":0.892,"max_conf":0.971}},"alt":483.11,"session":"2026-10-07_20261007T102104Z","kind":"sign"}},{"type":"Feature","geometry":{"type":"Point","coordinates":[44.7500213,41.7246186]},"properties":{"pole_id":17,"labels":["5.15.2"],"track_ids":[32],"conf":0.959,"n_frames":15,"first_ts":1791370355539804000,"last_ts":1791370356006425000,"image":"20261007T102104Z_c0002_photos/sign_17.jpg","gnss_q":"FLOAT","n_obs":15,"n_views":15,"dmin_m":10.719,"dmed_m":12.258,"err_h_m":null,"tier":"C","method":"legacy","source":"gnss","pos_src":"rt","n_tracks":1,"n_passes":1,"photo_key":"1791370355806457000_1453_136_1509_192_v2.jpg","photo_url":"https://drive.google.com/thumbnail?id=11Ef4XA1jgn7d9DsbrQMG8y54TNAP1k25&sz=w1200","photo_view":"https://drive.google.com/file/d/11Ef4XA1jgn7d9DsbrQMG8y54TNAP1k25/view","label_stats":{"5.15.2":{"detections":54,"mean_conf":0.883,"max_conf":0.971}},"alt":483.27,"session":"2026-10-07_20261007T102104Z","kind":"sign"}},{"type":"Feature","geometry":{"type":"Point","coordinates":[44.7503858,41.7247581]},"properties":{"pole_id":18,"labels":["5.19.1"],"track_ids":[34],"conf":0.915,"n_frames":30,"first_ts":1791370358739443000,"last_ts":1791370359739344000,"image":"20261007T102104Z_c0002_photos/sign_18.jpg","gnss_q":"DGNSS","n_obs":30,"n_views":30,"dmin_m":7.302,"dmed_m":11.018,"err_h_m":null,"tier":"C","method":"legacy","source":"gnss","pos_src":"rt","n_tracks":1,"n_passes":1,"photo_key":"1791370359672687000_138_403_240_493_v2.jpg","photo_url":"https://drive.google.com/thumbnail?id=1ggOH8EdBnSm5kIyNQq71soPItargKM1D&sz=w1200","photo_view":"https://drive.google.com/file/d/1ggOH8EdBnSm5kIyNQq71soPItargKM1D/view","label_stats":{"5.19.1":{"detections":30,"mean_conf":0.867,"max_conf":0.915}},"alt":478.42,"session":"2026-10-07_20261007T102104Z","kind":"sign"}},{"type":"Feature","geometry":{"type":"Point","coordinates":[44.7508086,41.72477]},"properties":{"pole_id":19,"labels":["4.1.5"],"track_ids":[35,37],"conf":0.898,"n_frames":21,"first_ts":1791370361972431000,"last_ts":1791370362905676000,"image":"20261007T102104Z_c0002_photos/sign_19.jpg","gnss_q":"FLOAT","n_obs":21,"n_views":19,"dmin_m":8.287,"dmed_m":11.838,"err_h_m":null,"tier":"C","method":"legacy","source":"gnss","pos_src":"rt","n_tracks":2,"n_passes":1,"photo_key":"1791370362572369000_763_257_811_308_v2.jpg","photo_url":"https://drive.google.com/thumbnail?id=1JJA6CceL9QR-v23oGMe5Ouy76-T8C4LI&sz=w1200","photo_view":"https://drive.google.com/file/d/1JJA6CceL9QR-v23oGMe5Ouy76-T8C4LI/view","label_stats":{"4.1.5":{"detections":15,"mean_conf":0.712,"max_conf":0.898}},"alt":477.68,"session":"2026-10-07_20261007T102104Z","kind":"sign"}},{"type":"Feature","geometry":{"type":"Point","coordinates":[44.7508069,41.7247323]},"properties":{"pole_id":20,"labels":["5.15.2"],"track_ids":[36],"conf":0.956,"n_frames":33,"first_ts":1791370361972431000,"last_ts":1791370363038988000,"image":"20261007T102104Z_c0002_photos/sign_20.jpg","gnss_q":"FIX","n_obs":33,"n_views":33,"dmin_m":6.72,"dmed_m":10.71,"err_h_m":null,"tier":"A","method":"legacy","source":"gnss","pos_src":"rt","n_tracks":1,"n_passes":1,"photo_key":"1791370362938991000_1130_68_1214_158_v2.jpg","photo_url":"https://drive.google.com/thumbnail?id=1CTlyV_dZ5UQtMv31Gr6edQozjLLZNhz7&sz=w1200","photo_view":"https://drive.google.com/file/d/1CTlyV_dZ5UQtMv31Gr6edQozjLLZNhz7/view","label_stats":{"5.15.2":{"detections":35,"mean_conf":0.876,"max_conf":0.956}},"alt":477.51,"session":"2026-10-07_20261007T102104Z","kind":"sign"}},{"type":"Feature","geometry":{"type":"Point","coordinates":[44.7508128,41.7247013]},"properties":{"pole_id":21,"labels":["4.1.4"],"track_ids":[38],"conf":0.892,"n_frames":15,"first_ts":1791370362372396000,"last_ts":1791370362972333000,"image":"20261007T102104Z_c0002_photos/sign_21.jpg","gnss_q":"FIX","n_obs":15,"n_views":15,"dmin_m":8.704,"dmed_m":10.516,"err_h_m":null,"tier":"B","method":"legacy","source":"gnss","pos_src":"rt","n_tracks":1,"n_passes":1,"photo_key":"1791370362505714000_1306_313_1353_363_v2.jpg","photo_url":"https://drive.google.com/thumbnail?id=1EV4wcH5xVSVF6wDQswKjSnnSWnvLtsJe&sz=w1200","photo_view":"https://drive.google.com/file/d/1EV4wcH5xVSVF6wDQswKjSnnSWnvLtsJe/view","label_stats":{"4.1.4":{"detections":15,"mean_conf":0.639,"max_conf":0.892}},"alt":477.38,"session":"2026-10-07_20261007T102104Z","kind":"sign"}},{"type":"Feature","geometry":{"type":"Point","coordinates":[44.7508692,41.7248004]},"properties":{"pole_id":22,"labels":["3.1"],"track_ids":[39,40],"conf":0.782,"n_frames":6,"first_ts":1791370363472269000,"last_ts":1791370363605583000,"image":"20261007T102104Z_c0002_photos/sign_22.jpg","gnss_q":"FIX","n_obs":6,"n_views":5,"dmin_m":8.459,"dmed_m":9.56,"err_h_m":null,"tier":"B","method":"legacy","source":"gnss","pos_src":"rt","n_tracks":2,"n_passes":1,"photo_key":"1791370363505611000_487_462_510_496_v2.jpg","photo_url":"https://drive.google.com/thumbnail?id=1RzGE1n5sOjR9J8p_NpgWkev8m-yGxopi&sz=w1200","photo_view":"https://drive.google.com/file/d/1RzGE1n5sOjR9J8p_NpgWkev8m-yGxopi/view","label_stats":{"3.1":{"detections":6,"mean_conf":0.579,"max_conf":0.782}},"alt":474.66,"session":"2026-10-07_20261007T102104Z","kind":"sign"}},{"type":"Feature","geometry":{"type":"Point","coordinates":[44.7512719,41.7248453]},"properties":{"pole_id":23,"labels":["7.4"],"track_ids":[41,42],"conf":0.943,"n_frames":31,"first_ts":1791370367405195000,"last_ts":1791370368371755000,"image":"20261007T102104Z_c0002_photos/sign_23.jpg","gnss_q":"FIX","n_obs":31,"n_views":30,"dmin_m":7.108,"dmed_m":9.674,"err_h_m":null,"tier":"A","method":"legacy","source":"gnss","pos_src":"rt","n_tracks":2,"n_passes":1,"photo_key":"1791370368105102000_286_200_395_295_v2.jpg","photo_url":"https://drive.google.com/thumbnail?id=1G0Nkjrbb5fCaF5xwXYejxvS4kalG5xbN&sz=w1200","photo_view":"https://drive.google.com/file/d/1G0Nkjrbb5fCaF5xwXYejxvS4kalG5xbN/view","label_stats":{"7.4":{"detections":31,"mean_conf":0.827,"max_conf":0.943}},"alt":475.38,"session":"2026-10-07_20261007T102104Z","kind":"sign"}},{"type":"Feature","geometry":{"type":"Point","coordinates":[44.7515602,41.7248749]},"properties":{"pole_id":24,"labels":["3.24_40"],"track_ids":[43],"conf":0.937,"n_frames":23,"first_ts":1791370370904814000,"last_ts":1791370371671380000,"image":"20261007T102104Z_c0002_photos/sign_24.jpg","gnss_q":"FLOAT","n_obs":23,"n_views":23,"dmin_m":7.035,"dmed_m":9.43,"err_h_m":null,"tier":"C","method":"legacy","source":"gnss","pos_src":"rt","n_tracks":1,"n_passes":1,"photo_key":"1791370371671380000_0_194_120_303_v2.jpg","photo_url":"https://drive.google.com/thumbnail?id=1cYj2B7Psad4Dj56_GHOTGJWgUIHE6evf&sz=w1200","photo_view":"https://drive.google.com/file/d/1cYj2B7Psad4Dj56_GHOTGJWgUIHE6evf/view","label_stats":{"3.24_40":{"detections":23,"mean_conf":0.89,"max_conf":0.937}},"alt":473.69,"session":"2026-10-07_20261007T102104Z","kind":"sign"}},{"type":"Feature","geometry":{"type":"Point","coordinates":[44.7518423,41.7248287]},"properties":{"pole_id":25,"labels":["7.4"],"track_ids":[44],"conf":0.585,"n_frames":3,"first_ts":1791370374271124000,"last_ts":1791370374337780000,"image":"20261007T102104Z_c0002_photos/sign_25.jpg","gnss_q":"DGNSS","n_obs":3,"n_views":3,"dmin_m":5.055,"dmed_m":5.085,"err_h_m":null,"tier":"C","method":"legacy","source":"gnss","pos_src":"rt","n_tracks":1,"n_passes":1,"photo_key":"1791370374304438000_1425_571_1449_590_v2.jpg","photo_url":"https://drive.google.com/thumbnail?id=13Yzze8H2v9fO6KhzCFvPcnnf3GvyRB7R&sz=w1200","photo_view":"https://drive.google.com/file/d/13Yzze8H2v9fO6KhzCFvPcnnf3GvyRB7R/view","label_stats":{"7.4":{"detections":2,"mean_conf":0.577,"max_conf":0.585}},"alt":471.56,"session":"2026-10-07_20261007T102104Z","kind":"sign"}},{"type":"Feature","geometry":{"type":"Point","coordinates":[44.7520761,41.7249299]},"properties":{"pole_id":26,"labels":["7.4"],"track_ids":[46],"conf":0.932,"n_frames":25,"first_ts":1791370375537656000,"last_ts":1791370376370905000,"image":"20261007T102104Z_c0002_photos/sign_26.jpg","gnss_q":"FLOAT","n_obs":25,"n_views":25,"dmin_m":7.197,"dmed_m":10.375,"err_h_m":null,"tier":"C","method":"legacy","source":"gnss","pos_src":"rt","n_tracks":1,"n_passes":1,"photo_key":"1791370376270904000_147_140_245_231_v2.jpg","photo_url":"https://drive.google.com/thumbnail?id=1ZmJJR8o92Rsl5DmUb0PVY9Cd3RtF_XuH&sz=w1200","photo_view":"https://drive.google.com/file/d/1ZmJJR8o92Rsl5DmUb0PVY9Cd3RtF_XuH/view","label_stats":{"7.4":{"detections":25,"mean_conf":0.857,"max_conf":0.932}},"alt":472.97,"session":"2026-10-07_20261007T102104Z","kind":"sign"}},{"type":"Feature","geometry":{"type":"Point","coordinates":[44.7523398,41.7249527]},"properties":{"pole_id":27,"labels":["5.7.1"],"track_ids":[47],"conf":0.849,"n_frames":14,"first_ts":1791370377804063000,"last_ts":1791370378370690000,"image":"20261007T102104Z_c0002_photos/sign_27.jpg","gnss_q":"FIX","n_obs":14,"n_views":14,"dmin_m":9.291,"dmed_m":12.326,"err_h_m":null,"tier":"B","method":"legacy","source":"gnss","pos_src":"rt","n_tracks":1,"n_passes":1,"photo_key":"1791370378170716000_605_511_629_537_v2.jpg","photo_url":"https://drive.google.com/thumbnail?id=1h3OCUc-dzAXBgDS7zpqKf2fSzr3ltBO0&sz=w1200","photo_view":"https://drive.google.com/file/d/1h3OCUc-dzAXBgDS7zpqKf2fSzr3ltBO0/view","label_stats":{"5.7.1":{"detections":14,"mean_conf":0.66,"max_conf":0.849}},"alt":469.28,"session":"2026-10-07_20261007T102104Z","kind":"sign"}},{"type":"Feature","geometry":{"type":"Point","coordinates":[44.7526954,41.724979]},"properties":{"pole_id":28,"labels":["5.7.1"],"track_ids":[48],"conf":0.555,"n_frames":3,"first_ts":1791370381537028000,"last_ts":1791370381603685000,"image":"20261007T102104Z_c0002_photos/sign_28.jpg","gnss_q":"FLOAT","n_obs":3,"n_views":3,"dmin_m":9.458,"dmed_m":9.469,"err_h_m":null,"tier":"C","method":"legacy","source":"gnss","pos_src":"rt","n_tracks":1,"n_passes":1,"photo_key":"1791370381537028000_595_529_614_552_v2.jpg","photo_url":"https://drive.google.com/thumbnail?id=1a0nD9aIBOn7pPjD-2_1DMSvMn9V6K521&sz=w1200","photo_view":"https://drive.google.com/file/d/1a0nD9aIBOn7pPjD-2_1DMSvMn9V6K521/view","label_stats":{"5.7.1":{"detections":3,"mean_conf":0.48,"max_conf":0.555}},"alt":468.77,"session":"2026-10-07_20261007T102104Z","kind":"sign"}},{"type":"Feature","geometry":{"type":"Point","coordinates":[44.7530917,41.7250203]},"properties":{"pole_id":29,"labels":["3.24_30"],"track_ids":[49],"conf":0.962,"n_frames":33,"first_ts":1791370384803344000,"last_ts":1791370386003220000,"image":"20261007T102104Z_c0002_photos/sign_29.jpg","gnss_q":"FIX","n_obs":33,"n_views":31,"dmin_m":6.347,"dmed_m":10.225,"err_h_m":null,"tier":"A","method":"legacy","source":"gnss","pos_src":"rt","n_tracks":1,"n_passes":1,"photo_key":"1791370385636595000_399_433_478_499_v2.jpg","photo_url":"https://drive.google.com/thumbnail?id=10X75q9MEIFbefNcUHMI-WwCuGpjtPUp-&sz=w1200","photo_view":"https://drive.google.com/file/d/10X75q9MEIFbefNcUHMI-WwCuGpjtPUp-/view","label_stats":{"3.24_30":{"detections":26,"mean_conf":0.928,"max_conf":0.962}},"alt":470.58,"session":"2026-10-07_20261007T102104Z","kind":"sign"}},{"type":"Feature","geometry":{"type":"Point","coordinates":[44.7530977,41.7250208]},"properties":{"pole_id":30,"labels":["1.24"],"track_ids":[50],"conf":0.947,"n_frames":33,"first_ts":1791370384970000000,"last_ts":1791370386036535000,"image":"20261007T102104Z_c0002_photos/sign_30.jpg","gnss_q":"FIX","n_obs":33,"n_views":33,"dmin_m":6.498,"dmed_m":9.804,"err_h_m":null,"tier":"A","method":"legacy","source":"gnss","pos_src":"rt","n_tracks":1,"n_passes":1,"photo_key":"1791370386003220000_0_164_158_276_v2.jpg","photo_url":"https://drive.google.com/thumbnail?id=1_HkJy7UGTMeShd0v696rJI2XmfIDDrdt&sz=w1200","photo_view":"https://drive.google.com/file/d/1_HkJy7UGTMeShd0v696rJI2XmfIDDrdt/view","label_stats":{"1.24":{"detections":33,"mean_conf":0.828,"max_conf":0.947}},"alt":471.03,"session":"2026-10-07_20261007T102104Z","kind":"sign"}},{"type":"Feature","geometry":{"type":"Point","coordinates":[44.7538155,41.7250909]},"properties":{"pole_id":31,"labels":["3.24_30"],"track_ids":[52,56,57],"conf":0.966,"n_frames":79,"first_ts":1791370393802418000,"last_ts":1791370396468800000,"image":"20261007T102104Z_c0002_photos/sign_31.jpg","gnss_q":"FIX","n_obs":79,"n_views":60,"dmin_m":5.222,"dmed_m":9.956,"err_h_m":null,"tier":"A","method":"legacy","source":"gnss","pos_src":"rt","n_tracks":3,"n_passes":1,"photo_key":"1791370396268829000_166_244_305_357_v2.jpg","photo_url":"https://drive.google.com/thumbnail?id=17PSe9fYxu_jgzx7JIM9xwwJOGdWaagit&sz=w1200","photo_view":"https://drive.google.com/file/d/17PSe9fYxu_jgzx7JIM9xwwJOGdWaagit/view","label_stats":{"3.24_30":{"detections":54,"mean_conf":0.821,"max_conf":0.966}},"alt":470.11,"session":"2026-10-07_20261007T102104Z","kind":"sign"}},{"type":"Feature","geometry":{"type":"Point","coordinates":[44.7538653,41.7250971]},"properties":{"pole_id":32,"labels":["7.4"],"track_ids":[53],"conf":0.948,"n_frames":86,"first_ts":1791370393902390000,"last_ts":1791370397202053000,"image":"20261007T102104Z_c0002_photos/sign_32.jpg","gnss_q":"FIX","n_obs":86,"n_views":84,"dmin_m":6.207,"dmed_m":11.338,"err_h_m":null,"tier":"A","method":"legacy","source":"gnss","pos_src":"rt","n_tracks":1,"n_passes":1,"photo_key":"1791370397168739000_17_4_178_135_v2.jpg","photo_url":"https://drive.google.com/thumbnail?id=1BHQz7nl9NsGVJK2CPYioogIdXUpCNXh1&sz=w1200","photo_view":"https://drive.google.com/file/d/1BHQz7nl9NsGVJK2CPYioogIdXUpCNXh1/view","label_stats":{"7.4":{"detections":59,"mean_conf":0.882,"max_conf":0.948}},"alt":470.43,"session":"2026-10-07_20261007T102104Z","kind":"sign"}},{"type":"Feature","geometry":{"type":"Point","coordinates":[44.7538213,41.7250905]},"properties":{"pole_id":33,"labels":["1.24"],"track_ids":[55],"conf":0.949,"n_frames":67,"first_ts":1791370394135703000,"last_ts":1791370396468800000,"image":"20261007T102104Z_c0002_photos/sign_33.jpg","gnss_q":"FIX","n_obs":67,"n_views":65,"dmin_m":5.538,"dmed_m":9.198,"err_h_m":null,"tier":"A","method":"legacy","source":"gnss","pos_src":"rt","n_tracks":1,"n_passes":1,"photo_key":"1791370396368829000_79_70_249_195_v2.jpg","photo_url":"https://drive.google.com/thumbnail?id=1AB3gTn8I6J4P1jmpeREnXx0dmLjb_CP-&sz=w1200","photo_view":"https://drive.google.com/file/d/1AB3gTn8I6J4P1jmpeREnXx0dmLjb_CP-/view","label_stats":{"1.24":{"detections":70,"mean_conf":0.843,"max_conf":0.949}},"alt":470.54,"session":"2026-10-07_20261007T102104Z","kind":"sign"}},{"type":"Feature","geometry":{"type":"Point","coordinates":[44.7538121,41.7250921]},"properties":{"pole_id":34,"labels":["8.2.1"],"track_ids":[58],"conf":0.944,"n_frames":27,"first_ts":1791370395402236000,"last_ts":1791370396402144000,"image":"20261007T102104Z_c0002_photos/sign_34.jpg","gnss_q":"FIX","n_obs":27,"n_views":27,"dmin_m":5.386,"dmed_m":7.195,"err_h_m":null,"tier":"A","method":"legacy","source":"gnss","pos_src":"rt","n_tracks":1,"n_passes":1,"photo_key":"1791370396135516000_261_393_373_443_v2.jpg","photo_url":"https://drive.google.com/thumbnail?id=1AZRNihQg3uL4TOsNzPXSNYEkMMnigBdw&sz=w1200","photo_view":"https://drive.google.com/file/d/1AZRNihQg3uL4TOsNzPXSNYEkMMnigBdw/view","label_stats":{"8.2.1":{"detections":27,"mean_conf":0.856,"max_conf":0.944}},"alt":469.51,"session":"2026-10-07_20261007T102104Z","kind":"sign"}},{"type":"Feature","geometry":{"type":"Point","coordinates":[44.7541573,41.7251213]},"properties":{"pole_id":35,"labels":["7.20.2"],"track_ids":[60],"conf":0.956,"n_frames":49,"first_ts":1791370400101775000,"last_ts":1791370401701597000,"image":"20261007T102104Z_c0002_photos/sign_35.jpg","gnss_q":"FIX","n_obs":49,"n_views":49,"dmin_m":6.298,"dmed_m":9.893,"err_h_m":null,"tier":"A","method":"legacy","source":"gnss","pos_src":"rt","n_tracks":1,"n_passes":1,"photo_key":"1791370401634939000_50_16_195_141_v2.jpg","photo_url":"https://drive.google.com/thumbnail?id=1lfSCr_YzJqyxEJt1K5L8mDoc5e1ijPk-&sz=w1200","photo_view":"https://drive.google.com/file/d/1lfSCr_YzJqyxEJt1K5L8mDoc5e1ijPk-/view","label_stats":{"7.20.2":{"detections":49,"mean_conf":0.89,"max_conf":0.956}},"alt":470.18,"session":"2026-10-07_20261007T102104Z","kind":"sign"}},{"type":"Feature","geometry":{"type":"Point","coordinates":[44.7545297,41.7250809]},"properties":{"pole_id":36,"labels":["5.15.2","5.5"],"track_ids":[62],"conf":0.897,"n_frames":17,"first_ts":1791370404934606000,"last_ts":1791370405667860000,"image":"20261007T102104Z_c0002_photos/sign_36.jpg","gnss_q":"FIX","n_obs":17,"n_views":16,"dmin_m":11.277,"dmed_m":13.167,"err_h_m":null,"tier":"B","method":"legacy","source":"gnss","pos_src":"rt","n_tracks":1,"n_passes":1,"photo_key":"1791370405634545000_1163_186_1210_236_v2.jpg","photo_url":"https://drive.google.com/thumbnail?id=1Bwy7beD5wgz_NG0fWWYyuKxvWSsq8WyT&sz=w1200","photo_view":"https://drive.google.com/file/d/1Bwy7beD5wgz_NG0fWWYyuKxvWSsq8WyT/view","label_stats":{"5.15.2":{"detections":38,"mean_conf":0.69,"max_conf":0.923},"5.5":{"detections":12,"mean_conf":0.538,"max_conf":0.744}},"alt":467.31,"session":"2026-10-07_20261007T102104Z","kind":"sign"}},{"type":"Feature","geometry":{"type":"Point","coordinates":[44.7545314,41.7250826]},"properties":{"pole_id":37,"labels":["5.15.2"],"track_ids":[63],"conf":0.956,"n_frames":37,"first_ts":1791370405001264000,"last_ts":1791370406034515000,"image":"20261007T102104Z_c0002_photos/sign_37.jpg","gnss_q":"FIX","n_obs":37,"n_views":28,"dmin_m":8.871,"dmed_m":13.32,"err_h_m":null,"tier":"B","method":"legacy","source":"gnss","pos_src":"rt","n_tracks":1,"n_passes":1,"photo_key":"1791370405967830000_1238_14_1304_82_v2.jpg","photo_url":"https://drive.google.com/thumbnail?id=16oS6T_qERcjcEjh6FwfGs52LC867Mhlr&sz=w1200","photo_view":"https://drive.google.com/file/d/16oS6T_qERcjcEjh6FwfGs52LC867Mhlr/view","label_stats":{"5.15.2":{"detections":60,"mean_conf":0.743,"max_conf":0.966}},"alt":468.82,"session":"2026-10-07_20261007T102104Z","kind":"sign"}},{"type":"Feature","geometry":{"type":"Point","coordinates":[44.754532,41.725091]},"properties":{"pole_id":38,"labels":["5.15.2"],"track_ids":[64],"conf":0.966,"n_frames":23,"first_ts":1791370405101262000,"last_ts":1791370406034515000,"image":"20261007T102104Z_c0002_photos/sign_38.jpg","gnss_q":"FIX","n_obs":23,"n_views":23,"dmin_m":8.479,"dmed_m":10.761,"err_h_m":null,"tier":"B","method":"legacy","source":"gnss","pos_src":"rt","n_tracks":1,"n_passes":1,"photo_key":"1791370405767859000_1110_130_1163_184_v2.jpg","photo_url":"https://drive.google.com/thumbnail?id=1GNXscJ43zKvce8Ze0WVeD4dU859vu6h9&sz=w1200","photo_view":"https://drive.google.com/file/d/1GNXscJ43zKvce8Ze0WVeD4dU859vu6h9/view","label_stats":{"5.15.2":{"detections":56,"mean_conf":0.751,"max_conf":0.966}},"alt":469.25,"session":"2026-10-07_20261007T102104Z","kind":"sign"}},{"type":"Feature","geometry":{"type":"Point","coordinates":[44.7545305,41.7250993]},"properties":{"pole_id":39,"labels":["4.1.5"],"track_ids":[65],"conf":0.816,"n_frames":16,"first_ts":1791370405467889000,"last_ts":1791370406034515000,"image":"20261007T102104Z_c0002_photos/sign_39.jpg","gnss_q":"FIX","n_obs":16,"n_views":15,"dmin_m":8.263,"dmed_m":10.381,"err_h_m":null,"tier":"B","method":"legacy","source":"gnss","pos_src":"rt","n_tracks":1,"n_passes":1,"photo_key":"1791370405801202000_1026_113_1084_171_v2.jpg","photo_url":"https://drive.google.com/thumbnail?id=1Pz6Kje1A2MD5IX7Nek1GCxWtSxFUk1I_&sz=w1200","photo_view":"https://drive.google.com/file/d/1Pz6Kje1A2MD5IX7Nek1GCxWtSxFUk1I_/view","label_stats":{"4.1.5":{"detections":14,"mean_conf":0.577,"max_conf":0.816}},"alt":469.07,"session":"2026-10-07_20261007T102104Z","kind":"sign"}},{"type":"Feature","geometry":{"type":"Point","coordinates":[44.7546014,41.7251659]},"properties":{"pole_id":40,"labels":["7.4"],"track_ids":[67],"conf":0.953,"n_frames":32,"first_ts":1791370406234485000,"last_ts":1791370407267708000,"image":"20261007T102104Z_c0002_photos/sign_40.jpg","gnss_q":"FIX","n_obs":32,"n_views":32,"dmin_m":6.759,"dmed_m":9.622,"err_h_m":null,"tier":"A","method":"legacy","source":"gnss","pos_src":"rt","n_tracks":1,"n_passes":1,"photo_key":"1791370407201052000_71_106_205_219_v2.jpg","photo_url":"https://drive.google.com/thumbnail?id=1uLCnHIFTgpUm2xmOZjblVjaDT_cjYsfu&sz=w1200","photo_view":"https://drive.google.com/file/d/1uLCnHIFTgpUm2xmOZjblVjaDT_cjYsfu/view","label_stats":{"7.4":{"detections":32,"mean_conf":0.912,"max_conf":0.953}},"alt":469.51,"session":"2026-10-07_20261007T102104Z","kind":"sign"}},{"type":"Feature","geometry":{"type":"Point","coordinates":[44.7545848,41.725109]},"properties":{"pole_id":41,"labels":["7.20.2"],"track_ids":[69],"conf":0.525,"n_frames":4,"first_ts":1791370406767768000,"last_ts":1791370407434366000,"image":"20261007T102104Z_c0002_photos/sign_41.jpg","gnss_q":"FIX","n_obs":4,"n_views":4,"dmin_m":4.884,"dmed_m":4.949,"err_h_m":null,"tier":"A","method":"legacy","source":"gnss","pos_src":"rt","n_tracks":1,"n_passes":1,"photo_key":"1791370407167710000_1332_684_1347_705_v2.jpg","photo_url":"https://drive.google.com/thumbnail?id=1DguC7wmIQxwPE1fy32HADJdlAl9_qNpC&sz=w1200","photo_view":"https://drive.google.com/file/d/1DguC7wmIQxwPE1fy32HADJdlAl9_qNpC/view","label_stats":{"7.20.2":{"detections":4,"mean_conf":0.445,"max_conf":0.525}},"alt":466.08,"session":"2026-10-07_20261007T102104Z","kind":"sign"}},{"type":"Feature","geometry":{"type":"Point","coordinates":[44.7548697,41.7251931]},"properties":{"pole_id":42,"labels":["8.3.2"],"track_ids":[70],"conf":0.539,"n_frames":5,"first_ts":1791370409134185000,"last_ts":1791370409500813000,"image":"20261007T102104Z_c0002_photos/sign_42.jpg","gnss_q":"FIX","n_obs":5,"n_views":5,"dmin_m":12.105,"dmed_m":13.529,"err_h_m":null,"tier":"B","method":"legacy","source":"gnss","pos_src":"rt","n_tracks":1,"n_passes":1,"photo_key":"1791370409200843000_677_525_709_544_v2.jpg","photo_url":"https://drive.google.com/thumbnail?id=1hrwRpK_9mPunCSZCRpF2tRmU1vLqeOfz&sz=w1200","photo_view":"https://drive.google.com/file/d/1hrwRpK_9mPunCSZCRpF2tRmU1vLqeOfz/view","label_stats":{"8.3.2":{"detections":5,"mean_conf":0.484,"max_conf":0.539}},"alt":463.87,"session":"2026-10-07_20261007T102104Z","kind":"sign"}},{"type":"Feature","geometry":{"type":"Point","coordinates":[44.7548897,41.7251914]},"properties":{"pole_id":43,"labels":["7.4"],"track_ids":[71,73],"conf":0.955,"n_frames":38,"first_ts":1791370409200843000,"last_ts":1791370410400723000,"image":"20261007T102104Z_c0002_photos/sign_43.jpg","gnss_q":"FIX","n_obs":38,"n_views":37,"dmin_m":6.294,"dmed_m":9.668,"err_h_m":null,"tier":"A","method":"legacy","source":"gnss","pos_src":"rt","n_tracks":2,"n_passes":1,"photo_key":"1791370410300751000_113_143_239_252_v2.jpg","photo_url":"https://drive.google.com/thumbnail?id=1S95yz8fA8lVVD9i9bxkfbU2pS89Gr3zA&sz=w1200","photo_view":"https://drive.google.com/file/d/1S95yz8fA8lVVD9i9bxkfbU2pS89Gr3zA/view","label_stats":{"7.4":{"detections":39,"mean_conf":0.894,"max_conf":0.955}},"alt":468.98,"session":"2026-10-07_20261007T102104Z","kind":"sign"}},{"type":"Feature","geometry":{"type":"Point","coordinates":[44.7554186,41.7252447]},"properties":{"pole_id":44,"labels":["3.1"],"track_ids":[74],"conf":0.887,"n_frames":33,"first_ts":1791370415200244000,"last_ts":1791370416433471000,"image":"20261007T102104Z_c0002_photos/sign_44.jpg","gnss_q":"FIX","n_obs":33,"n_views":32,"dmin_m":6.474,"dmed_m":11.018,"err_h_m":null,"tier":"A","method":"legacy","source":"gnss","pos_src":"rt","n_tracks":1,"n_passes":1,"photo_key":"1791370416166839000_493_452_527_486_v2.jpg","photo_url":"https://drive.google.com/thumbnail?id=1m5O1bNwpSM_fARLgEovsqAbvXa2Z5cyp&sz=w1200","photo_view":"https://drive.google.com/file/d/1m5O1bNwpSM_fARLgEovsqAbvXa2Z5cyp/view","label_stats":{"3.1":{"detections":49,"mean_conf":0.732,"max_conf":0.904}},"alt":466.36,"session":"2026-10-07_20261007T102104Z","kind":"sign"}},{"type":"Feature","geometry":{"type":"Point","coordinates":[44.755427,41.7252436]},"properties":{"pole_id":45,"labels":["3.1"],"track_ids":[75,77],"conf":0.887,"n_frames":7,"first_ts":1791370415466899000,"last_ts":1791370416466812000,"image":"20261007T102104Z_c0002_photos/sign_45.jpg","gnss_q":"FIX","n_obs":7,"n_views":7,"dmin_m":7.284,"dmed_m":11.768,"err_h_m":null,"tier":"A","method":"legacy","source":"gnss","pos_src":"rt","n_tracks":2,"n_passes":1,"photo_key":"1791370415766870000_632_516_657_542_v2.jpg","photo_url":"https://drive.google.com/thumbnail?id=1ojq8yVOSRBh_LH98V_vM1pgSEnhWNBcO&sz=w1200","photo_view":"https://drive.google.com/file/d/1ojq8yVOSRBh_LH98V_vM1pgSEnhWNBcO/view","label_stats":{"3.1":{"detections":45,"mean_conf":0.718,"max_conf":0.904}},"alt":466.03,"session":"2026-10-07_20261007T102104Z","kind":"sign"}},{"type":"Feature","geometry":{"type":"Point","coordinates":[44.7554229,41.7252568]},"properties":{"pole_id":46,"labels":["3.1"],"track_ids":[76,78],"conf":0.904,"n_frames":21,"first_ts":1791370415666869000,"last_ts":1791370416466812000,"image":"20261007T102104Z_c0002_photos/sign_46.jpg","gnss_q":"FIX","n_obs":21,"n_views":20,"dmin_m":7.351,"dmed_m":9.113,"err_h_m":null,"tier":"A","method":"legacy","source":"gnss","pos_src":"rt","n_tracks":2,"n_passes":1,"photo_key":"1791370416166839000_341_440_373_474_v2.jpg","photo_url":"https://drive.google.com/thumbnail?id=1-A06ZrkiwXs051Y7mBN51KN_wyGiOoZn&sz=w1200","photo_view":"https://drive.google.com/file/d/1-A06ZrkiwXs051Y7mBN51KN_wyGiOoZn/view","label_stats":{"3.1":{"detections":38,"mean_conf":0.709,"max_conf":0.904}},"alt":467.35,"session":"2026-10-07_20261007T102104Z","kind":"sign"}},{"type":"Feature","geometry":{"type":"Point","coordinates":[44.755632,41.7253165]},"properties":{"pole_id":47,"labels":["3.27"],"track_ids":[79],"conf":0.927,"n_frames":22,"first_ts":1791370417733346000,"last_ts":1791370418533258000,"image":"20261007T102104Z_c0002_photos/sign_47.jpg","gnss_q":"FIX","n_obs":22,"n_views":22,"dmin_m":12.742,"dmed_m":13.861,"err_h_m":null,"tier":"B","method":"legacy","source":"gnss","pos_src":"rt","n_tracks":1,"n_passes":1,"photo_key":"1791370418366601000_104_477_175_530_v2.jpg","photo_url":"https://drive.google.com/thumbnail?id=1P1bHzvfeZyA1ASrYIrDA0MQlwJurfTck&sz=w1200","photo_view":"https://drive.google.com/file/d/1P1bHzvfeZyA1ASrYIrDA0MQlwJurfTck/view","label_stats":{"3.27":{"detections":22,"mean_conf":0.864,"max_conf":0.927}},"alt":466.04,"session":"2026-10-07_20261007T102104Z","kind":"sign"}},{"type":"Feature","geometry":{"type":"Point","coordinates":[44.7557414,41.7252765]},"properties":{"pole_id":48,"labels":["7.4"],"track_ids":[81],"conf":0.946,"n_frames":42,"first_ts":1791370418899886000,"last_ts":1791370420266424000,"image":"20261007T102104Z_c0002_photos/sign_48.jpg","gnss_q":"FIX","n_obs":42,"n_views":42,"dmin_m":6.439,"dmed_m":9.68,"err_h_m":null,"tier":"A","method":"legacy","source":"gnss","pos_src":"rt","n_tracks":1,"n_passes":1,"photo_key":"1791370420199767000_77_62_208_176_v2.jpg","photo_url":"https://drive.google.com/thumbnail?id=12DGjpv5ErVAtPKhpFXEObjKW4UNPgwi7&sz=w1200","photo_view":"https://drive.google.com/file/d/12DGjpv5ErVAtPKhpFXEObjKW4UNPgwi7/view","label_stats":{"7.4":{"detections":42,"mean_conf":0.88,"max_conf":0.946}},"alt":467.93,"session":"2026-10-07_20261007T102104Z","kind":"sign"}},{"type":"Feature","geometry":{"type":"Point","coordinates":[44.7559178,41.7252529]},"properties":{"pole_id":49,"labels":["5.15.2","4.1.5"],"track_ids":[83],"conf":0.537,"n_frames":11,"first_ts":1791370421033022000,"last_ts":1791370422232902000,"image":"20261007T102104Z_c0002_photos/sign_49.jpg","gnss_q":"DGNSS","n_obs":11,"n_views":11,"dmin_m":8.336,"dmed_m":11.304,"err_h_m":null,"tier":"C","method":"legacy","source":"gnss","pos_src":"rt","n_tracks":1,"n_passes":1,"photo_key":"1791370422032904000_861_121_922_182_v2.jpg","photo_url":"https://drive.google.com/thumbnail?id=1r37k00BlobPvmccbb7D6kLJqdSRWSebU&sz=w1200","photo_view":"https://drive.google.com/file/d/1r37k00BlobPvmccbb7D6kLJqdSRWSebU/view","label_stats":{"5.15.2":{"detections":44,"mean_conf":0.77,"max_conf":0.937},"4.1.5":{"detections":5,"mean_conf":0.569,"max_conf":0.766}},"alt":466.41,"session":"2026-10-07_20261007T102104Z","kind":"sign"}},{"type":"Feature","geometry":{"type":"Point","coordinates":[44.755914,41.7251972]},"properties":{"pole_id":50,"labels":["4.1.4"],"track_ids":[84],"conf":0.944,"n_frames":38,"first_ts":1791370421266334000,"last_ts":1791370422432874000,"image":"20261007T102104Z_c0002_photos/sign_50.jpg","gnss_q":"DGNSS","n_obs":38,"n_views":32,"dmin_m":8.971,"dmed_m":12.358,"err_h_m":null,"tier":"C","method":"legacy","source":"gnss","pos_src":"rt","n_tracks":1,"n_passes":1,"photo_key":"1791370422232902000_1549_114_1621_189_v2.jpg","photo_url":"https://drive.google.com/thumbnail?id=13VpgVwHrmvPve28wOOmfPBmX_jqcIsbn&sz=w1200","photo_view":"https://drive.google.com/file/d/13VpgVwHrmvPve28wOOmfPBmX_jqcIsbn/view","label_stats":{"4.1.4":{"detections":29,"mean_conf":0.783,"max_conf":0.944}},"alt":465.55,"session":"2026-10-07_20261007T102104Z","kind":"sign"}},{"type":"Feature","geometry":{"type":"Point","coordinates":[44.7559175,41.725226]},"properties":{"pole_id":51,"labels":["5.15.2"],"track_ids":[85],"conf":0.95,"n_frames":35,"first_ts":1791370421299649000,"last_ts":1791370422432874000,"image":"20261007T102104Z_c0002_photos/sign_51.jpg","gnss_q":"DGNSS","n_obs":35,"n_views":35,"dmin_m":7.454,"dmed_m":10.504,"err_h_m":null,"tier":"C","method":"legacy","source":"gnss","pos_src":"rt","n_tracks":1,"n_passes":1,"photo_key":"1791370422266219000_1201_71_1271_144_v2.jpg","photo_url":"https://drive.google.com/thumbnail?id=1Y0fAYMK3LQ0wQ4Rq3abW2iz3251-RbJ_&sz=w1200","photo_view":"https://drive.google.com/file/d/1Y0fAYMK3LQ0wQ4Rq3abW2iz3251-RbJ_/view","label_stats":{"5.15.2":{"detections":47,"mean_conf":0.794,"max_conf":0.95}},"alt":466.36,"session":"2026-10-07_20261007T102104Z","kind":"sign"}},{"type":"Feature","geometry":{"type":"Point","coordinates":[44.7559042,41.7251634]},"properties":{"pole_id":52,"labels":["5.5"],"track_ids":[86],"conf":0.737,"n_frames":3,"first_ts":1791370421699617000,"last_ts":1791370421832933000,"image":"20261007T102104Z_c0002_photos/sign_52.jpg","gnss_q":"DGNSS","n_obs":3,"n_views":3,"dmin_m":13.521,"dmed_m":14.499,"err_h_m":null,"tier":"C","method":"legacy","source":"gnss","pos_src":"rt","n_tracks":1,"n_passes":1,"photo_key":"1791370421832933000_1683_254_1737_307_v2.jpg","photo_url":"https://drive.google.com/thumbnail?id=1696TiOn-Cr1JAfT-P4WnlALIFBkCBncO&sz=w1200","photo_view":"https://drive.google.com/file/d/1696TiOn-Cr1JAfT-P4WnlALIFBkCBncO/view","label_stats":{"5.5":{"detections":3,"mean_conf":0.677,"max_conf":0.737}},"alt":462.39,"session":"2026-10-07_20261007T102104Z","kind":"sign"}},{"type":"Feature","geometry":{"type":"Point","coordinates":[44.7559032,41.7251521]},"properties":{"pole_id":53,"labels":["4.4"],"track_ids":[87],"conf":0.935,"n_frames":4,"first_ts":1791370421799618000,"last_ts":1791370421932932000,"image":"20261007T102104Z_c0002_photos/sign_53.jpg","gnss_q":"DGNSS","n_obs":4,"n_views":4,"dmin_m":14.508,"dmed_m":14.83,"err_h_m":null,"tier":"C","method":"legacy","source":"gnss","pos_src":"rt","n_tracks":1,"n_passes":1,"photo_key":"1791370421899590000_1844_233_1897_287_v2.jpg","photo_url":"https://drive.google.com/thumbnail?id=1VYa9_G_lln6h93xsperyNHt8PVVYT4__&sz=w1200","photo_view":"https://drive.google.com/file/d/1VYa9_G_lln6h93xsperyNHt8PVVYT4__/view","label_stats":{"4.4":{"detections":4,"mean_conf":0.918,"max_conf":0.935}},"alt":462.98,"session":"2026-10-07_20261007T102104Z","kind":"sign"}},{"type":"Feature","geometry":{"type":"Point","coordinates":[44.7564936,41.7253416]},"properties":{"pole_id":54,"labels":["7.4"],"track_ids":[91,94],"conf":0.956,"n_frames":39,"first_ts":1791370429698829000,"last_ts":1791370430932055000,"image":"20261007T102104Z_c0002_photos/sign_54.jpg","gnss_q":"FIX","n_obs":39,"n_views":37,"dmin_m":6.958,"dmed_m":9.857,"err_h_m":null,"tier":"A","method":"legacy","source":"gnss","pos_src":"rt","n_tracks":2,"n_passes":1,"photo_key":"1791370430832055000_114_151_215_246_v2.jpg","photo_url":"https://drive.google.com/thumbnail?id=1EOSWW8c5GzZM7Elf5bAL-xiARja5NNd8&sz=w1200","photo_view":"https://drive.google.com/file/d/1EOSWW8c5GzZM7Elf5bAL-xiARja5NNd8/view","label_stats":{"7.4":{"detections":39,"mean_conf":0.849,"max_conf":0.956}},"alt":467.77,"session":"2026-10-07_20261007T102104Z","kind":"sign"}},{"type":"Feature","geometry":{"type":"Point","coordinates":[44.7571484,41.7254076]},"properties":{"pole_id":55,"labels":["7.4"],"track_ids":[96],"conf":0.956,"n_frames":30,"first_ts":1791370438764646000,"last_ts":1791370439731218000,"image":"20261007T102104Z_c0002_photos/sign_55.jpg","gnss_q":"FLOAT","n_obs":30,"n_views":30,"dmin_m":6.136,"dmed_m":8.327,"err_h_m":null,"tier":"C","method":"legacy","source":"gnss","pos_src":"rt","n_tracks":1,"n_passes":1,"photo_key":"1791370439697876000_48_15_196_138_v2.jpg","photo_url":"https://drive.google.com/thumbnail?id=1riYnI8mnl4zmaWM4YYtDpvSksm9IgeaC&sz=w1200","photo_view":"https://drive.google.com/file/d/1riYnI8mnl4zmaWM4YYtDpvSksm9IgeaC/view","label_stats":{"7.4":{"detections":30,"mean_conf":0.917,"max_conf":0.956}},"alt":467.37,"session":"2026-10-07_20261007T102104Z","kind":"sign"}},{"type":"Feature","geometry":{"type":"Point","coordinates":[44.7576392,41.725453]},"properties":{"pole_id":56,"labels":["7.4"],"track_ids":[97],"conf":0.903,"n_frames":41,"first_ts":1791370444164134000,"last_ts":1791370445563991000,"image":"20261007T102104Z_c0002_photos/sign_56.jpg","gnss_q":"FIX","n_obs":41,"n_views":41,"dmin_m":6.12,"dmed_m":9.844,"err_h_m":null,"tier":"A","method":"legacy","source":"gnss","pos_src":"rt","n_tracks":1,"n_passes":1,"photo_key":"1791370445530649000_35_9_173_124_v2.jpg","photo_url":"https://drive.google.com/thumbnail?id=17Sh6M_6FMzVGwTgr2W1A8iFIpx0tGyo-&sz=w1200","photo_view":"https://drive.google.com/file/d/17Sh6M_6FMzVGwTgr2W1A8iFIpx0tGyo-/view","label_stats":{"7.4":{"detections":41,"mean_conf":0.793,"max_conf":0.903}},"alt":466.88,"session":"2026-10-07_20261007T102104Z","kind":"sign"}},{"type":"Feature","geometry":{"type":"Point","coordinates":[44.7578615,41.7254781]},"properties":{"pole_id":57,"labels":["5.7.2"],"track_ids":[99],"conf":0.67,"n_frames":9,"first_ts":1791370447363822000,"last_ts":1791370448030421000,"image":"20261007T102104Z_c0002_photos/sign_57.jpg","gnss_q":"FIX","n_obs":9,"n_views":9,"dmin_m":7.481,"dmed_m":8.425,"err_h_m":null,"tier":"A","method":"legacy","source":"gnss","pos_src":"rt","n_tracks":1,"n_passes":1,"photo_key":"1791370447730451000_539_433_577_472_v2.jpg","photo_url":"https://drive.google.com/thumbnail?id=1TrH00DqTAwJt9cuZHlyL8NQTqIFVjQ4q&sz=w1200","photo_view":"https://drive.google.com/file/d/1TrH00DqTAwJt9cuZHlyL8NQTqIFVjQ4q/view","label_stats":{"5.7.2":{"detections":6,"mean_conf":0.53,"max_conf":0.67}},"alt":465.47,"session":"2026-10-07_20261007T102104Z","kind":"sign"}},{"type":"Feature","geometry":{"type":"Point","coordinates":[44.7580499,41.725499]},"properties":{"pole_id":58,"labels":["3.24_40"],"track_ids":[101],"conf":0.943,"n_frames":44,"first_ts":1791370449296966000,"last_ts":1791370450663512000,"image":"20261007T102104Z_c0002_photos/sign_58.jpg","gnss_q":"FLOAT","n_obs":44,"n_views":40,"dmin_m":5.589,"dmed_m":10.235,"err_h_m":null,"tier":"C","method":"legacy","source":"gnss","pos_src":"rt","n_tracks":1,"n_passes":1,"photo_key":"1791370450496855000_219_360_330_455_v2.jpg","photo_url":"https://drive.google.com/thumbnail?id=1f6fkGai-r55BY3fRnsOG0rGm9kpf8oUr&sz=w1200","photo_view":"https://drive.google.com/file/d/1f6fkGai-r55BY3fRnsOG0rGm9kpf8oUr/view","label_stats":{"3.24_40":{"detections":38,"mean_conf":0.884,"max_conf":0.943}},"alt":466.03,"session":"2026-10-07_20261007T102104Z","kind":"sign"}},{"type":"Feature","geometry":{"type":"Point","coordinates":[44.7583775,41.7255343]},"properties":{"pole_id":59,"labels":["7.4"],"track_ids":[104,105,107],"conf":0.747,"n_frames":11,"first_ts":1791370452763313000,"last_ts":1791370454263172000,"image":"20261007T102104Z_c0002_photos/sign_59.jpg","gnss_q":"FIX","n_obs":11,"n_views":11,"dmin_m":8.507,"dmed_m":12.096,"err_h_m":null,"tier":"B","method":"legacy","source":"gnss","pos_src":"rt","n_tracks":3,"n_passes":1,"photo_key":"1791370452863312000_499_467_522_493_v2.jpg","photo_url":"https://drive.google.com/thumbnail?id=1nn5YIg_F88_DNM5wCCuC2eDxeRC7cFpe&sz=w1200","photo_view":"https://drive.google.com/file/d/1nn5YIg_F88_DNM5wCCuC2eDxeRC7cFpe/view","label_stats":{"7.4":{"detections":31,"mean_conf":0.79,"max_conf":0.917}},"alt":463.64,"session":"2026-10-07_20261007T102104Z","kind":"sign"}},{"type":"Feature","geometry":{"type":"Point","coordinates":[44.7583973,41.7255292]},"properties":{"pole_id":60,"labels":["7.4"],"track_ids":[106],"conf":0.944,"n_frames":42,"first_ts":1791370453563256000,"last_ts":1791370454929773000,"image":"20261007T102104Z_c0002_photos/sign_60.jpg","gnss_q":"FIX","n_obs":42,"n_views":42,"dmin_m":5.322,"dmed_m":8.645,"err_h_m":null,"tier":"A","method":"legacy","source":"gnss","pos_src":"rt","n_tracks":1,"n_passes":1,"photo_key":"1791370454696459000_336_224_445_319_v2.jpg","photo_url":"https://drive.google.com/thumbnail?id=1ETOKXJQ3EoUOggW76gjFxZn4B4JLMoXc&sz=w1200","photo_view":"https://drive.google.com/file/d/1ETOKXJQ3EoUOggW76gjFxZn4B4JLMoXc/view","label_stats":{"7.4":{"detections":45,"mean_conf":0.875,"max_conf":0.944}},"alt":466.41,"session":"2026-10-07_20261007T102104Z","kind":"sign"}},{"type":"Feature","geometry":{"type":"Point","coordinates":[44.7583837,41.725535]},"properties":{"pole_id":61,"labels":["8.2.1"],"track_ids":[108],"conf":0.676,"n_frames":5,"first_ts":1791370454363172000,"last_ts":1791370454796461000,"image":"20261007T102104Z_c0002_photos/sign_61.jpg","gnss_q":"FIX","n_obs":5,"n_views":5,"dmin_m":5.335,"dmed_m":5.747,"err_h_m":null,"tier":"A","method":"legacy","source":"gnss","pos_src":"rt","n_tracks":1,"n_passes":1,"photo_key":"1791370454696459000_325_487_418_509_v2.jpg","photo_url":"https://drive.google.com/thumbnail?id=1QwkjZEjqnSOJ24UIHbKvywK7JDDjd6py&sz=w1200","photo_view":"https://drive.google.com/file/d/1QwkjZEjqnSOJ24UIHbKvywK7JDDjd6py/view","label_stats":{"8.2.1":{"detections":2,"mean_conf":0.595,"max_conf":0.676}},"alt":465.59,"session":"2026-10-07_20261007T102104Z","kind":"sign"}},{"type":"Feature","geometry":{"type":"Point","coordinates":[44.7587255,41.7255914]},"properties":{"pole_id":62,"labels":["7.20.2"],"track_ids":[110],"conf":0.932,"n_frames":25,"first_ts":1791370458162808000,"last_ts":1791370458962751000,"image":"20261007T102104Z_c0002_photos/sign_62.jpg","gnss_q":"FLOAT","n_obs":25,"n_views":25,"dmin_m":9.817,"dmed_m":11.545,"err_h_m":null,"tier":"C","method":"legacy","source":"gnss","pos_src":"rt","n_tracks":1,"n_passes":1,"photo_key":"1791370458729437000_141_317_238_395_v2.jpg","photo_url":"https://drive.google.com/thumbnail?id=1e60RUUjfiQ-at2fKJLc3zYtkFeu2GFUt&sz=w1200","photo_view":"https://drive.google.com/file/d/1e60RUUjfiQ-at2fKJLc3zYtkFeu2GFUt/view","label_stats":{"7.20.2":{"detections":25,"mean_conf":0.835,"max_conf":0.932}},"alt":466.72,"session":"2026-10-07_20261007T102104Z","kind":"sign"}},{"type":"Feature","geometry":{"type":"Point","coordinates":[44.7587689,41.7255148]},"properties":{"pole_id":63,"labels":["5.15.2"],"track_ids":[111],"conf":0.956,"n_frames":44,"first_ts":1791370458362808000,"last_ts":1791370459829328000,"image":"20261007T102104Z_c0002_photos/sign_63.jpg","gnss_q":"FLOAT","n_obs":44,"n_views":44,"dmin_m":8.603,"dmed_m":11.517,"err_h_m":null,"tier":"C","method":"legacy","source":"gnss","pos_src":"rt","n_tracks":1,"n_passes":1,"photo_key":"1791370459596016000_1076_41_1136_108_v2.jpg","photo_url":"https://drive.google.com/thumbnail?id=1p9g3fKTXp6CoU7M4U7XJbtsnapb0IlBc&sz=w1200","photo_view":"https://drive.google.com/file/d/1p9g3fKTXp6CoU7M4U7XJbtsnapb0IlBc/view","label_stats":{"5.15.2":{"detections":78,"mean_conf":0.9,"max_conf":0.963}},"alt":463.98,"session":"2026-10-07_20261007T102104Z","kind":"sign"}},{"type":"Feature","geometry":{"type":"Point","coordinates":[44.7587578,41.7254948]},"properties":{"pole_id":64,"labels":["5.15.2"],"track_ids":[112],"conf":0.963,"n_frames":37,"first_ts":1791370458762753000,"last_ts":1791370459962642000,"image":"20261007T102104Z_c0002_photos/sign_64.jpg","gnss_q":"FLOAT","n_obs":37,"n_views":37,"dmin_m":8.799,"dmed_m":11.274,"err_h_m":null,"tier":"C","method":"legacy","source":"gnss","pos_src":"rt","n_tracks":1,"n_passes":1,"photo_key":"1791370459662672000_1368_65_1433_136_v2.jpg","photo_url":"https://drive.google.com/thumbnail?id=1nKqG6fWzfeYljP4DP0PzipyjPbfsoKEV&sz=w1200","photo_view":"https://drive.google.com/file/d/1nKqG6fWzfeYljP4DP0PzipyjPbfsoKEV/view","label_stats":{"5.15.2":{"detections":71,"mean_conf":0.894,"max_conf":0.963}},"alt":463.05,"session":"2026-10-07_20261007T102104Z","kind":"sign"}},{"type":"Feature","geometry":{"type":"Point","coordinates":[44.7587556,41.7254652]},"properties":{"pole_id":65,"labels":["4.1.4"],"track_ids":[113],"conf":0.915,"n_frames":8,"first_ts":1791370459229382000,"last_ts":1791370459962642000,"image":"20261007T102104Z_c0002_photos/sign_65.jpg","gnss_q":"FLOAT","n_obs":8,"n_views":8,"dmin_m":11.749,"dmed_m":12.529,"err_h_m":null,"tier":"C","method":"legacy","source":"gnss","pos_src":"rt","n_tracks":1,"n_passes":1,"photo_key":"1791370459229382000_1517_200_1570_258_v2.jpg","photo_url":"https://drive.google.com/thumbnail?id=1qShjwKXCaoyLPmiExmfLVBSfefxvGO75&sz=w1200","photo_view":"https://drive.google.com/file/d/1qShjwKXCaoyLPmiExmfLVBSfefxvGO75/view","label_stats":{"4.1.4":{"detections":7,"mean_conf":0.699,"max_conf":0.915}},"alt":461.62,"session":"2026-10-07_20261007T102104Z","kind":"sign"}},{"type":"Feature","geometry":{"type":"Point","coordinates":[44.7587487,41.7255688]},"properties":{"pole_id":66,"labels":["7.4"],"track_ids":[114,115],"conf":0.753,"n_frames":3,"first_ts":1791370459496039000,"last_ts":1791370460029299000,"image":"20261007T102104Z_c0002_photos/sign_66.jpg","gnss_q":"FLOAT","n_obs":3,"n_views":3,"dmin_m":6.056,"dmed_m":6.234,"err_h_m":null,"tier":"C","method":"legacy","source":"gnss","pos_src":"rt","n_tracks":2,"n_passes":1,"photo_key":"1791370459995984000_543_462_576_499_v2.jpg","photo_url":"https://drive.google.com/thumbnail?id=12fVY2nsSLHe2Ixm2SWaOX0JgOWJql54y&sz=w1200","photo_view":"https://drive.google.com/file/d/12fVY2nsSLHe2Ixm2SWaOX0JgOWJql54y/view","label_stats":{"7.4":{"detections":3,"mean_conf":0.699,"max_conf":0.753}},"alt":464.75,"session":"2026-10-07_20261007T102104Z","kind":"sign"}},{"type":"Feature","geometry":{"type":"Point","coordinates":[44.7588778,41.7256071]},"properties":{"pole_id":67,"labels":["7.4"],"track_ids":[116],"conf":0.954,"n_frames":77,"first_ts":1791370460595928000,"last_ts":1791370463129022000,"image":"20261007T102104Z_c0002_photos/sign_67.jpg","gnss_q":"FLOAT","n_obs":77,"n_views":77,"dmin_m":10.246,"dmed_m":11.755,"err_h_m":null,"tier":"C","method":"legacy","source":"gnss","pos_src":"rt","n_tracks":1,"n_passes":1,"photo_key":"1791370462495761000_38_257_153_344_v2.jpg","photo_url":"https://drive.google.com/thumbnail?id=1X5Kk8uRiwmRytR8o6MMwCMszOGQqM2QW&sz=w1200","photo_view":"https://drive.google.com/file/d/1X5Kk8uRiwmRytR8o6MMwCMszOGQqM2QW/view","label_stats":{"7.4":{"detections":79,"mean_conf":0.835,"max_conf":0.954}},"alt":466.97,"session":"2026-10-07_20261007T102104Z","kind":"sign"}},{"type":"Feature","geometry":{"type":"Point","coordinates":[44.7588327,41.7255877]},"properties":{"pole_id":68,"labels":["7.4"],"track_ids":[117,118],"conf":0.471,"n_frames":3,"first_ts":1791370463095707000,"last_ts":1791370463662308000,"image":"20261007T102104Z_c0002_photos/sign_68.jpg","gnss_q":"FLOAT","n_obs":3,"n_views":3,"dmin_m":5.848,"dmed_m":6.322,"err_h_m":null,"tier":"C","method":"legacy","source":"gnss","pos_src":"rt","n_tracks":2,"n_passes":1,"photo_key":"1791370463129022000_445_664_457_678_v2.jpg","photo_url":"https://drive.google.com/thumbnail?id=1R4oRfidiElQuU5ZnSt1jMOnpD0Q7OMv2&sz=w1200","photo_view":"https://drive.google.com/file/d/1R4oRfidiElQuU5ZnSt1jMOnpD0Q7OMv2/view","label_stats":{"7.4":{"detections":5,"mean_conf":0.489,"max_conf":0.628}},"alt":464.27,"session":"2026-10-07_20261007T102104Z","kind":"sign"}},{"type":"Feature","geometry":{"type":"Point","coordinates":[44.7588221,41.7255549]},"properties":{"pole_id":69,"labels":["7.20.2"],"track_ids":[119,120,121],"conf":0.675,"n_frames":10,"first_ts":1791370464728884000,"last_ts":1791370492993014000,"image":"20261007T102104Z_c0002_photos/sign_69.jpg","gnss_q":"FIX","n_obs":10,"n_views":10,"dmin_m":4.389,"dmed_m":4.406,"err_h_m":null,"tier":"A","method":"legacy","source":"gnss","pos_src":"rt","n_tracks":3,"n_passes":1,"photo_key":"1791370491659803000_1037_696_1052_710_v2.jpg","photo_url":"https://drive.google.com/thumbnail?id=1ulLYNQCU_XdMEQFeAe7DWYFP96oSh3e4&sz=w1200","photo_view":"https://drive.google.com/file/d/1ulLYNQCU_XdMEQFeAe7DWYFP96oSh3e4/view","label_stats":{"7.20.2":{"detections":10,"mean_conf":0.517,"max_conf":0.675}},"alt":463.21,"session":"2026-10-07_20261007T102104Z","kind":"sign"}},{"type":"Feature","geometry":{"type":"Point","coordinates":[44.7591166,41.7255995]},"properties":{"pole_id":70,"labels":["3.18.2"],"track_ids":[122],"conf":0.956,"n_frames":37,"first_ts":1791370498225905000,"last_ts":1791370499925748000,"image":"20261007T102104Z_c0002_photos/sign_70.jpg","gnss_q":"FIX","n_obs":37,"n_views":37,"dmin_m":5.596,"dmed_m":8.702,"err_h_m":null,"tier":"A","method":"legacy","source":"gnss","pos_src":"rt","n_tracks":1,"n_passes":1,"photo_key":"1791370499692432000_290_332_400_421_v2.jpg","photo_url":"https://drive.google.com/thumbnail?id=1ip0tn5WqfWairziq1uhu9w78MKRhNfJX&sz=w1200","photo_view":"https://drive.google.com/file/d/1ip0tn5WqfWairziq1uhu9w78MKRhNfJX/view","label_stats":{"3.18.2":{"detections":37,"mean_conf":0.926,"max_conf":0.956}},"alt":465.93,"session":"2026-10-07_20261007T102104Z","kind":"sign"}},{"type":"Feature","geometry":{"type":"Point","coordinates":[44.7594842,41.7256433]},"properties":{"pole_id":71,"labels":["3.1"],"track_ids":[123],"conf":0.918,"n_frames":28,"first_ts":1791370503125459000,"last_ts":1791370504025382000,"image":"20261007T102104Z_c0002_photos/sign_71.jpg","gnss_q":"FIX","n_obs":28,"n_views":28,"dmin_m":8.762,"dmed_m":12.234,"err_h_m":null,"tier":"B","method":"legacy","source":"gnss","pos_src":"rt","n_tracks":1,"n_passes":1,"photo_key":"1791370503658751000_314_393_371_447_v2.jpg","photo_url":"https://drive.google.com/thumbnail?id=1i9WcKrgZzkJTbMs9FPsxpGs97tAw1pxi&sz=w1200","photo_view":"https://drive.google.com/file/d/1i9WcKrgZzkJTbMs9FPsxpGs97tAw1pxi/view","label_stats":{"3.1":{"detections":28,"mean_conf":0.885,"max_conf":0.918}},"alt":466.42,"session":"2026-10-07_20261007T102104Z","kind":"sign"}},{"type":"Feature","geometry":{"type":"Point","coordinates":[44.7598059,41.7256051]},"properties":{"pole_id":72,"labels":["5.15.2"],"track_ids":[124],"conf":0.949,"n_frames":29,"first_ts":1791370507025154000,"last_ts":1791370507958387000,"image":"20261007T102104Z_c0002_photos/sign_72.jpg","gnss_q":"FLOAT","n_obs":29,"n_views":29,"dmin_m":6.157,"dmed_m":9.329,"err_h_m":null,"tier":"C","method":"legacy","source":"gnss","pos_src":"rt","n_tracks":1,"n_passes":1,"photo_key":"1791370507891730000_1280_35_1374_141_v2.jpg","photo_url":"https://drive.google.com/thumbnail?id=1weEqgfGjYN1bt5LHpZJoo6Orkj_Rrsro&sz=w1200","photo_view":"https://drive.google.com/file/d/1weEqgfGjYN1bt5LHpZJoo6Orkj_Rrsro/view","label_stats":{"5.15.2":{"detections":49,"mean_conf":0.782,"max_conf":0.949}},"alt":463.75,"session":"2026-10-07_20261007T102104Z","kind":"sign"}},{"type":"Feature","geometry":{"type":"Point","coordinates":[44.759784,41.7255811]},"properties":{"pole_id":73,"labels":["4.1.4"],"track_ids":[125],"conf":0.891,"n_frames":25,"first_ts":1791370507058469000,"last_ts":1791370507925073000,"image":"20261007T102104Z_c0002_photos/sign_73.jpg","gnss_q":"FIX","n_obs":25,"n_views":23,"dmin_m":8.523,"dmed_m":10.292,"err_h_m":null,"tier":"B","method":"legacy","source":"gnss","pos_src":"rt","n_tracks":1,"n_passes":1,"photo_key":"1791370507225126000_1351_363_1400_410_v2.jpg","photo_url":"https://drive.google.com/thumbnail?id=10A8g07DJ2dzsws3YZh6_Ya_6Z7gKJ3iN&sz=w1200","photo_view":"https://drive.google.com/file/d/10A8g07DJ2dzsws3YZh6_Ya_6Z7gKJ3iN/view","label_stats":{"4.1.4":{"detections":21,"mean_conf":0.641,"max_conf":0.891}},"alt":461.57,"session":"2026-10-07_20261007T102104Z","kind":"sign"}},{"type":"Feature","geometry":{"type":"Point","coordinates":[44.7598291,41.7256238]},"properties":{"pole_id":74,"labels":["5.15.2"],"track_ids":[126],"conf":0.91,"n_frames":16,"first_ts":1791370507258439000,"last_ts":1791370507958387000,"image":"20261007T102104Z_c0002_photos/sign_74.jpg","gnss_q":"FLOAT","n_obs":16,"n_views":16,"dmin_m":5.953,"dmed_m":8.062,"err_h_m":null,"tier":"C","method":"legacy","source":"gnss","pos_src":"rt","n_tracks":1,"n_passes":1,"photo_key":"1791370507858387000_836_38_923_133_v2.jpg","photo_url":"https://drive.google.com/thumbnail?id=190bhLaKNy0jlCzALz_flwJ7JcIlIVj-e&sz=w1200","photo_view":"https://drive.google.com/file/d/190bhLaKNy0jlCzALz_flwJ7JcIlIVj-e/view","label_stats":{"5.15.2":{"detections":42,"mean_conf":0.793,"max_conf":0.949}},"alt":465.71,"session":"2026-10-07_20261007T102104Z","kind":"sign"}},{"type":"Feature","geometry":{"type":"Point","coordinates":[44.7599273,41.7256644]},"properties":{"pole_id":75,"labels":["7.4"],"track_ids":[127],"conf":0.944,"n_frames":34,"first_ts":1791370507758414000,"last_ts":1791370508924967000,"image":"20261007T102104Z_c0002_photos/sign_75.jpg","gnss_q":"FLOAT","n_obs":34,"n_views":34,"dmin_m":6.315,"dmed_m":9.736,"err_h_m":null,"tier":"C","method":"legacy","source":"gnss","pos_src":"rt","n_tracks":1,"n_passes":1,"photo_key":"1791370508858310000_152_80_282_192_v2.jpg","photo_url":"https://drive.google.com/thumbnail?id=1BswgxO_BPtL_DjiGFvrbi1ZuhC5c3iIt&sz=w1200","photo_view":"https://drive.google.com/file/d/1BswgxO_BPtL_DjiGFvrbi1ZuhC5c3iIt/view","label_stats":{"7.4":{"detections":34,"mean_conf":0.864,"max_conf":0.944}},"alt":467.1,"session":"2026-10-07_20261007T102104Z","kind":"sign"}},{"type":"Feature","geometry":{"type":"Point","coordinates":[44.7609149,41.725749]},"properties":{"pole_id":76,"labels":["7.20.2"],"track_ids":[131],"conf":0.708,"n_frames":4,"first_ts":1791370518857467000,"last_ts":1791370519190762000,"image":"20261007T102104Z_c0002_photos/sign_76.jpg","gnss_q":"FIX","n_obs":4,"n_views":4,"dmin_m":5.07,"dmed_m":5.678,"err_h_m":null,"tier":"A","method":"legacy","source":"gnss","pos_src":"rt","n_tracks":1,"n_passes":1,"photo_key":"1791370519190762000_1236_673_1252_689_v2.jpg","photo_url":"https://drive.google.com/thumbnail?id=1uYepw-cGjkEyYe1QiNAtyzoaEZ8gGqcG&sz=w1200","photo_view":"https://drive.google.com/file/d/1uYepw-cGjkEyYe1QiNAtyzoaEZ8gGqcG/view","label_stats":{"7.20.2":{"detections":4,"mean_conf":0.578,"max_conf":0.708}},"alt":461.85,"session":"2026-10-07_20261007T102104Z","kind":"sign"}},{"type":"Feature","geometry":{"type":"Point","coordinates":[44.7612471,41.7258012]},"properties":{"pole_id":77,"labels":["Manqanis_gadayvana"],"track_ids":[132],"conf":0.654,"n_frames":23,"first_ts":1791370520723973000,"last_ts":1791370522057189000,"image":"20261007T102104Z_c0002_photos/sign_77.jpg","gnss_q":"FLOAT","n_obs":23,"n_views":23,"dmin_m":5.863,"dmed_m":12.327,"err_h_m":null,"tier":"C","method":"legacy","source":"gnss","pos_src":"rt","n_tracks":1,"n_passes":1,"photo_key":"1791370521723897000_377_463_435_492_v2.jpg","photo_url":"https://drive.google.com/thumbnail?id=18pvlHy9Sit8wDwfyz8yl5qLACi2LhEyY&sz=w1200","photo_view":"https://drive.google.com/file/d/18pvlHy9Sit8wDwfyz8yl5qLACi2LhEyY/view","label_stats":{"Manqanis_gadayvana":{"detections":7,"mean_conf":0.523,"max_conf":0.654}},"alt":466.76,"session":"2026-10-07_20261007T102104Z","kind":"sign"}},{"type":"Feature","geometry":{"type":"Point","coordinates":[44.7615725,41.7257709]},"properties":{"pole_id":78,"labels":["5.15.2"],"track_ids":[133],"conf":0.958,"n_frames":47,"first_ts":1791370524790303000,"last_ts":1791370526356834000,"image":"20261007T102104Z_c0002_photos/sign_78.jpg","gnss_q":"DGNSS","n_obs":47,"n_views":47,"dmin_m":8.621,"dmed_m":11.131,"err_h_m":null,"tier":"C","method":"legacy","source":"gnss","pos_src":"rt","n_tracks":1,"n_passes":1,"photo_key":"1791370525756885000_1193_158_1248_217_v2.jpg","photo_url":"https://drive.google.com/thumbnail?id=1_1LEC5QHVc3QefeNgfmyGsHeeS3Su7Q0&sz=w1200","photo_view":"https://drive.google.com/file/d/1_1LEC5QHVc3QefeNgfmyGsHeeS3Su7Q0/view","label_stats":{"5.15.2":{"detections":57,"mean_conf":0.861,"max_conf":0.958}},"alt":460.55,"session":"2026-10-07_20261007T102104Z","kind":"sign"}},{"type":"Feature","geometry":{"type":"Point","coordinates":[44.7615556,41.7257535]},"properties":{"pole_id":79,"labels":["4.1.4"],"track_ids":[134],"conf":0.93,"n_frames":44,"first_ts":1791370525190251000,"last_ts":1791370526356834000,"image":"20261007T102104Z_c0002_photos/sign_79.jpg","gnss_q":"DGNSS","n_obs":44,"n_views":36,"dmin_m":10.507,"dmed_m":12.546,"err_h_m":null,"tier":"C","method":"legacy","source":"gnss","pos_src":"rt","n_tracks":1,"n_passes":1,"photo_key":"1791370525656885000_1426_204_1477_258_v2.jpg","photo_url":"https://drive.google.com/thumbnail?id=1rIYDCKfmYUvscEj7yhZfUrCt-g_XOTHj&sz=w1200","photo_view":"https://drive.google.com/file/d/1rIYDCKfmYUvscEj7yhZfUrCt-g_XOTHj/view","label_stats":{"4.1.4":{"detections":35,"mean_conf":0.751,"max_conf":0.93}},"alt":458.49,"session":"2026-10-07_20261007T102104Z","kind":"sign"}},{"type":"Feature","geometry":{"type":"Point","coordinates":[44.7615987,41.725783]},"properties":{"pole_id":80,"labels":["4.1.5"],"track_ids":[135],"conf":0.932,"n_frames":21,"first_ts":1791370525390252000,"last_ts":1791370526190175000,"image":"20261007T102104Z_c0002_photos/sign_80.jpg","gnss_q":"DGNSS","n_obs":21,"n_views":21,"dmin_m":9.52,"dmed_m":11.046,"err_h_m":null,"tier":"C","method":"legacy","source":"gnss","pos_src":"rt","n_tracks":1,"n_passes":1,"photo_key":"1791370525790201000_918_107_973_166_v2.jpg","photo_url":"https://drive.google.com/thumbnail?id=14igSifdj7feW4WhmoFtgjquASWncaJGZ&sz=w1200","photo_view":"https://drive.google.com/file/d/14igSifdj7feW4WhmoFtgjquASWncaJGZ/view","label_stats":{"4.1.5":{"detections":20,"mean_conf":0.737,"max_conf":0.932}},"alt":462.18,"session":"2026-10-07_20261007T102104Z","kind":"sign"}},{"type":"Feature","geometry":{"type":"Point","coordinates":[44.7620101,41.7258602]},"properties":{"pole_id":81,"labels":["7.4"],"track_ids":[138],"conf":0.946,"n_frames":36,"first_ts":1791370551088120000,"last_ts":1791370552288023000,"image":"20261007T102104Z_c0002_photos/sign_81.jpg","gnss_q":"FIX","n_obs":36,"n_views":36,"dmin_m":5.831,"dmed_m":9.216,"err_h_m":null,"tier":"A","method":"legacy","source":"gnss","pos_src":"rt","n_tracks":1,"n_passes":1,"photo_key":"1791370552254707000_101_14_251_145_v2.jpg","photo_url":"https://drive.google.com/thumbnail?id=1UdWzyBQCEGfWDzv2MsvFTjGtJe9-BS5g&sz=w1200","photo_view":"https://drive.google.com/file/d/1UdWzyBQCEGfWDzv2MsvFTjGtJe9-BS5g/view","label_stats":{"7.4":{"detections":36,"mean_conf":0.884,"max_conf":0.946}},"alt":465.43,"session":"2026-10-07_20261007T102104Z","kind":"sign"}},{"type":"Feature","geometry":{"type":"Point","coordinates":[44.7623109,41.7258881]},"properties":{"pole_id":82,"labels":["7.4"],"track_ids":[141],"conf":0.957,"n_frames":35,"first_ts":1791370554154535000,"last_ts":1791370555287783000,"image":"20261007T102104Z_c0002_photos/sign_82.jpg","gnss_q":"FLOAT","n_obs":35,"n_views":35,"dmin_m":5.914,"dmed_m":9.589,"err_h_m":null,"tier":"C","method":"legacy","source":"gnss","pos_src":"rt","n_tracks":1,"n_passes":1,"photo_key":"1791370555254468000_20_23_186_161_v2.jpg","photo_url":"https://drive.google.com/thumbnail?id=1QSXykR1b2sQzHRz2xupbTrwz_ajXF16L&sz=w1200","photo_view":"https://drive.google.com/file/d/1QSXykR1b2sQzHRz2xupbTrwz_ajXF16L/view","label_stats":{"7.4":{"detections":35,"mean_conf":0.888,"max_conf":0.957}},"alt":465.15,"session":"2026-10-07_20261007T102104Z","kind":"sign"}},{"type":"Feature","geometry":{"type":"Point","coordinates":[44.7622949,41.7258902]},"properties":{"pole_id":83,"labels":["8.3.2"],"track_ids":[142],"conf":0.535,"n_frames":4,"first_ts":1791370554154535000,"last_ts":1791370554521195000,"image":"20261007T102104Z_c0002_photos/sign_83.jpg","gnss_q":"DGNSS","n_obs":4,"n_views":4,"dmin_m":11.525,"dmed_m":14.057,"err_h_m":null,"tier":"C","method":"legacy","source":"gnss","pos_src":"rt","n_tracks":1,"n_passes":1,"photo_key":"1791370554154535000_698_515_733_536_v2.jpg","photo_url":"https://drive.google.com/thumbnail?id=1xeaZlNAT6NGoeEMC-iKKMIKvhwOCmhtB&sz=w1200","photo_view":"https://drive.google.com/file/d/1xeaZlNAT6NGoeEMC-iKKMIKvhwOCmhtB/view","label_stats":{"8.3.2":{"detections":4,"mean_conf":0.456,"max_conf":0.535}},"alt":459.97,"session":"2026-10-07_20261007T102104Z","kind":"sign"}},{"type":"Feature","geometry":{"type":"Point","coordinates":[44.7630523,41.7259584]},"properties":{"pole_id":84,"labels":["7.4"],"track_ids":[144],"conf":0.946,"n_frames":30,"first_ts":1791370561053983000,"last_ts":1791370562020569000,"image":"20261007T102104Z_c0002_photos/sign_84.jpg","gnss_q":"FLOAT","n_obs":30,"n_views":30,"dmin_m":6.343,"dmed_m":10.118,"err_h_m":null,"tier":"C","method":"legacy","source":"gnss","pos_src":"rt","n_tracks":1,"n_passes":1,"photo_key":"1791370561953911000_118_148_243_256_v2.jpg","photo_url":"https://drive.google.com/thumbnail?id=1KLbPjgUYJqX1KX-SdNOAJVPqTl2NGcYG&sz=w1200","photo_view":"https://drive.google.com/file/d/1KLbPjgUYJqX1KX-SdNOAJVPqTl2NGcYG/view","label_stats":{"7.4":{"detections":30,"mean_conf":0.888,"max_conf":0.946}},"alt":463.78,"session":"2026-10-07_20261007T102104Z","kind":"sign"}},{"type":"Feature","geometry":{"type":"Point","coordinates":[44.763376,41.7259448]},"properties":{"pole_id":85,"labels":["5.15.2"],"track_ids":[145],"conf":0.96,"n_frames":28,"first_ts":1791370564087085000,"last_ts":1791370564987014000,"image":"20261007T102104Z_c0002_photos/sign_85.jpg","gnss_q":"FLOAT","n_obs":28,"n_views":28,"dmin_m":8.205,"dmed_m":12.052,"err_h_m":null,"tier":"C","method":"legacy","source":"gnss","pos_src":"rt","n_tracks":1,"n_passes":1,"photo_key":"1791370564487064000_1116_252_1160_296_v2.jpg","photo_url":"https://drive.google.com/thumbnail?id=1JbM4kfO7rogFq6rUd9yoTtnRrYQVMJJF&sz=w1200","photo_view":"https://drive.google.com/file/d/1JbM4kfO7rogFq6rUd9yoTtnRrYQVMJJF/view","label_stats":{"5.15.2":{"detections":46,"mean_conf":0.909,"max_conf":0.96}},"alt":457.75,"session":"2026-10-07_20261007T102104Z","kind":"sign"}},{"type":"Feature","geometry":{"type":"Point","coordinates":[44.7634171,41.7259924]},"properties":{"pole_id":86,"labels":["7.4"],"track_ids":[146],"conf":0.947,"n_frames":24,"first_ts":1791370564287062000,"last_ts":1791370565220332000,"image":"20261007T102104Z_c0002_photos/sign_86.jpg","gnss_q":"FLOAT","n_obs":24,"n_views":24,"dmin_m":6.381,"dmed_m":9.578,"err_h_m":null,"tier":"C","method":"legacy","source":"gnss","pos_src":"rt","n_tracks":1,"n_passes":1,"photo_key":"1791370565186989000_83_81_209_191_v2.jpg","photo_url":"https://drive.google.com/thumbnail?id=1dQE_7jwMxZjWEQVTHJk3WsMdddwoyNwY&sz=w1200","photo_view":"https://drive.google.com/file/d/1dQE_7jwMxZjWEQVTHJk3WsMdddwoyNwY/view","label_stats":{"7.4":{"detections":24,"mean_conf":0.895,"max_conf":0.947}},"alt":463.85,"session":"2026-10-07_20261007T102104Z","kind":"sign"}},{"type":"Feature","geometry":{"type":"Point","coordinates":[44.7633583,41.7259329]},"properties":{"pole_id":87,"labels":["5.15.2"],"track_ids":[147],"conf":0.955,"n_frames":17,"first_ts":1791370564353719000,"last_ts":1791370564953671000,"image":"20261007T102104Z_c0002_photos/sign_87.jpg","gnss_q":"FLOAT","n_obs":17,"n_views":17,"dmin_m":9.781,"dmed_m":12.672,"err_h_m":null,"tier":"C","method":"legacy","source":"gnss","pos_src":"rt","n_tracks":1,"n_passes":1,"photo_key":"1791370564853697000_1485_78_1545_144_v2.jpg","photo_url":"https://drive.google.com/thumbnail?id=1sTfKHOo75qEqmrNEeDkzvLOrbWLk8AAg&sz=w1200","photo_view":"https://drive.google.com/file/d/1sTfKHOo75qEqmrNEeDkzvLOrbWLk8AAg/view","label_stats":{"5.15.2":{"detections":37,"mean_conf":0.908,"max_conf":0.96}},"alt":455.44,"session":"2026-10-07_20261007T102104Z","kind":"sign"}},{"type":"Feature","geometry":{"type":"Point","coordinates":[44.7634058,41.7259471]},"properties":{"pole_id":88,"labels":["4.1.5"],"track_ids":[148],"conf":0.818,"n_frames":6,"first_ts":1791370564620380000,"last_ts":1791370564953671000,"image":"20261007T102104Z_c0002_photos/sign_88.jpg","gnss_q":"FLOAT","n_obs":6,"n_views":6,"dmin_m":9.184,"dmed_m":11.057,"err_h_m":null,"tier":"C","method":"legacy","source":"gnss","pos_src":"rt","n_tracks":1,"n_passes":1,"photo_key":"1791370564753697000_902_98_956_157_v2.jpg","photo_url":"https://drive.google.com/thumbnail?id=13ZUpFnRbVWhO4zH9HDmp93SgQf1xyf1C&sz=w1200","photo_view":"https://drive.google.com/file/d/13ZUpFnRbVWhO4zH9HDmp93SgQf1xyf1C/view","label_stats":{"4.1.5":{"detections":5,"mean_conf":0.534,"max_conf":0.818}},"alt":459.34,"session":"2026-10-07_20261007T102104Z","kind":"sign"}},{"type":"Feature","geometry":{"type":"Point","coordinates":[44.7642088,41.7260662]},"properties":{"pole_id":89,"labels":["7.4"],"track_ids":[152],"conf":0.941,"n_frames":33,"first_ts":1791370571753152000,"last_ts":1791370572819712000,"image":"20261007T102104Z_c0002_photos/sign_89.jpg","gnss_q":"FIX","n_obs":33,"n_views":33,"dmin_m":6.402,"dmed_m":9.68,"err_h_m":null,"tier":"A","method":"legacy","source":"gnss","pos_src":"rt","n_tracks":1,"n_passes":1,"photo_key":"1791370572653080000_271_182_370_272_v2.jpg","photo_url":"https://drive.google.com/thumbnail?id=1NjOkdiVvwhsBF0zVXFPkGSl_y8Lhrc4K&sz=w1200","photo_view":"https://drive.google.com/file/d/1NjOkdiVvwhsBF0zVXFPkGSl_y8Lhrc4K/view","label_stats":{"7.4":{"detections":33,"mean_conf":0.91,"max_conf":0.941}},"alt":463.34,"session":"2026-10-07_20261007T102104Z","kind":"sign"}},{"type":"Feature","geometry":{"type":"Point","coordinates":[44.7643807,41.7260526]},"properties":{"pole_id":90,"labels":["5.15.2"],"track_ids":[153],"conf":0.965,"n_frames":35,"first_ts":1791370573786300000,"last_ts":1791370574919545000,"image":"20261007T102104Z_c0002_photos/sign_90.jpg","gnss_q":"FIX","n_obs":35,"n_views":35,"dmin_m":7.024,"dmed_m":10.45,"err_h_m":null,"tier":"A","method":"legacy","source":"gnss","pos_src":"rt","n_tracks":1,"n_passes":1,"photo_key":"1791370574819571000_1291_46_1375_134_v2.jpg","photo_url":"https://drive.google.com/thumbnail?id=1zRMMw3Zh6PKzGaeY9h55xCy_1lnSYKxY&sz=w1200","photo_view":"https://drive.google.com/file/d/1zRMMw3Zh6PKzGaeY9h55xCy_1lnSYKxY/view","label_stats":{"5.15.2":{"detections":59,"mean_conf":0.906,"max_conf":0.965}},"alt":456.65,"session":"2026-10-07_20261007T102104Z","kind":"sign"}},{"type":"Feature","geometry":{"type":"Point","coordinates":[44.7644056,41.7260563]},"properties":{"pole_id":91,"labels":["5.15.2"],"track_ids":[154],"conf":0.95,"n_frames":24,"first_ts":1791370574052959000,"last_ts":1791370574819571000,"image":"20261007T102104Z_c0002_photos/sign_91.jpg","gnss_q":"FIX","n_obs":24,"n_views":24,"dmin_m":7.571,"dmed_m":11.302,"err_h_m":null,"tier":"A","method":"legacy","source":"gnss","pos_src":"rt","n_tracks":1,"n_passes":1,"photo_key":"1791370574719572000_851_53_922_128_v2.jpg","photo_url":"https://drive.google.com/thumbnail?id=1fSJIybPeVpYB0Mlaz4sI-ZqJzRJ32LtO&sz=w1200","photo_view":"https://drive.google.com/file/d/1fSJIybPeVpYB0Mlaz4sI-ZqJzRJ32LtO/view","label_stats":{"5.15.2":{"detections":48,"mean_conf":0.911,"max_conf":0.965}},"alt":459.45,"session":"2026-10-07_20261007T102104Z","kind":"sign"}},{"type":"Feature","geometry":{"type":"Point","coordinates":[44.764361,41.726044]},"properties":{"pole_id":92,"labels":["4.1.4"],"track_ids":[155],"conf":0.925,"n_frames":24,"first_ts":1791370574086274000,"last_ts":1791370574852887000,"image":"20261007T102104Z_c0002_photos/sign_92.jpg","gnss_q":"FIX","n_obs":24,"n_views":24,"dmin_m":9.491,"dmed_m":12.87,"err_h_m":null,"tier":"B","method":"legacy","source":"gnss","pos_src":"rt","n_tracks":1,"n_passes":1,"photo_key":"1791370574552911000_1517_250_1578_313_v2.jpg","photo_url":"https://drive.google.com/thumbnail?id=1-VU1HTI753uRwaUALznDhKJpGevXRXbX&sz=w1200","photo_view":"https://drive.google.com/file/d/1-VU1HTI753uRwaUALznDhKJpGevXRXbX/view","label_stats":{"4.1.4":{"detections":24,"mean_conf":0.723,"max_conf":0.925}},"alt":453.47,"session":"2026-10-07_20261007T102104Z","kind":"sign"}},{"type":"Feature","geometry":{"type":"Point","coordinates":[44.7648378,41.7261418]},"properties":{"pole_id":93,"labels":["7.20.2"],"track_ids":[156],"conf":0.632,"n_frames":3,"first_ts":1791370579052557000,"last_ts":1791370579385877000,"image":"20261007T102104Z_c0002_photos/sign_93.jpg","gnss_q":"FLOAT","n_obs":3,"n_views":3,"dmin_m":7.468,"dmed_m":7.557,"err_h_m":null,"tier":"C","method":"legacy","source":"gnss","pos_src":"rt","n_tracks":1,"n_passes":1,"photo_key":"1791370579052557000_764_580_782_599_v2.jpg","photo_url":"https://drive.google.com/thumbnail?id=1qdNMjq0V3PiGT9Q2ZRsfGnPu8u_QzSie&sz=w1200","photo_view":"https://drive.google.com/file/d/1qdNMjq0V3PiGT9Q2ZRsfGnPu8u_QzSie/view","label_stats":{"7.20.2":{"detections":2,"mean_conf":0.58,"max_conf":0.632}},"alt":458.93,"session":"2026-10-07_20261007T102104Z","kind":"sign"}},{"type":"Feature","geometry":{"type":"Point","coordinates":[44.7653223,41.7261706]},"properties":{"pole_id":94,"labels":["7.4"],"track_ids":[157],"conf":0.951,"n_frames":98,"first_ts":1791370584218816000,"last_ts":1791370587685220000,"image":"20261007T102104Z_c0002_photos/sign_94.jpg","gnss_q":"FIX","n_obs":98,"n_views":98,"dmin_m":6.245,"dmed_m":8.109,"err_h_m":null,"tier":"A","method":"legacy","source":"gnss","pos_src":"rt","n_tracks":1,"n_passes":1,"photo_key":"1791370586785289000_238_156_342_249_v2.jpg","photo_url":"https://drive.google.com/thumbnail?id=1NhWx__zzDrVSKLyoc3goz6NngX_ZtHyc&sz=w1200","photo_view":"https://drive.google.com/file/d/1NhWx__zzDrVSKLyoc3goz6NngX_ZtHyc/view","label_stats":{"7.4":{"detections":97,"mean_conf":0.875,"max_conf":0.951}},"alt":462.83,"session":"2026-10-07_20261007T102104Z","kind":"sign"}},{"type":"Feature","geometry":{"type":"Point","coordinates":[44.7655137,41.7261954]},"properties":{"pole_id":95,"labels":["5.7.1","5.7.2"],"track_ids":[160],"conf":0.67,"n_frames":11,"first_ts":1791370591684919000,"last_ts":1791370592184872000,"image":"20261007T102104Z_c0002_photos/sign_95.jpg","gnss_q":"FIX","n_obs":11,"n_views":10,"dmin_m":9.383,"dmed_m":10.656,"err_h_m":null,"tier":"B","method":"legacy","source":"gnss","pos_src":"rt","n_tracks":1,"n_passes":1,"photo_key":"1791370592018213000_587_471_616_505_v2.jpg","photo_url":"https://drive.google.com/thumbnail?id=1aPKUHs3cdWTLVtSy-VV2dZNYq4jXlIMe&sz=w1200","photo_view":"https://drive.google.com/file/d/1aPKUHs3cdWTLVtSy-VV2dZNYq4jXlIMe/view","label_stats":{"5.7.1":{"detections":5,"mean_conf":0.503,"max_conf":0.67},"5.7.2":{"detections":3,"mean_conf":0.454,"max_conf":0.481}},"alt":460.4,"session":"2026-10-07_20261007T102104Z","kind":"sign"}},{"type":"Feature","geometry":{"type":"Point","coordinates":[44.7662556,41.7262595]},"properties":{"pole_id":96,"labels":["7.4"],"track_ids":[162],"conf":0.933,"n_frames":49,"first_ts":1791370601417501000,"last_ts":1791370603017388000,"image":"20261007T102104Z_c0002_photos/sign_96.jpg","gnss_q":"FIX","n_obs":49,"n_views":49,"dmin_m":6.237,"dmed_m":9.368,"err_h_m":null,"tier":"A","method":"legacy","source":"gnss","pos_src":"rt","n_tracks":1,"n_passes":1,"photo_key":"1791370602784069000_256_152_360_245_v2.jpg","photo_url":"https://drive.google.com/thumbnail?id=1UKyYhzZCEWf38M9wVbDAGr58vzjvCPNK&sz=w1200","photo_view":"https://drive.google.com/file/d/1UKyYhzZCEWf38M9wVbDAGr58vzjvCPNK/view","label_stats":{"7.4":{"detections":49,"mean_conf":0.851,"max_conf":0.933}},"alt":461.6,"session":"2026-10-07_20261007T102104Z","kind":"sign"}},{"type":"Feature","geometry":{"type":"Point","coordinates":[44.7664504,41.7262898]},"properties":{"pole_id":97,"labels":["7.4"],"track_ids":[163,164],"conf":0.832,"n_frames":4,"first_ts":1791370635514927000,"last_ts":1791370638481391000,"image":"20261007T102104Z_c0002_photos/sign_97.jpg","gnss_q":"FIX","n_obs":4,"n_views":4,"dmin_m":6.636,"dmed_m":7.005,"err_h_m":null,"tier":"A","method":"legacy","source":"gnss","pos_src":"rt","n_tracks":2,"n_passes":1,"photo_key":"1791370638414733000_1565_559_1589_582_v2.jpg","photo_url":"https://drive.google.com/thumbnail?id=1FmskiulH5rpDAH7OskdhMAf-WsjWzx4I&sz=w1200","photo_view":"https://drive.google.com/file/d/1FmskiulH5rpDAH7OskdhMAf-WsjWzx4I/view","label_stats":{"7.4":{"detections":4,"mean_conf":0.733,"max_conf":0.832}},"alt":453.3,"session":"2026-10-07_20261007T102104Z","kind":"sign"}},{"type":"Feature","geometry":{"type":"Point","coordinates":[44.7666346,41.7262959]},"properties":{"pole_id":98,"labels":["5.7.2"],"track_ids":[165,166,167,168,169],"conf":0.7,"n_frames":72,"first_ts":1791370662412957000,"last_ts":1791370670845690000,"image":"20261007T102104Z_c0002_photos/sign_98.jpg","gnss_q":"FIX","n_obs":72,"n_views":70,"dmin_m":7.289,"dmed_m":9.182,"err_h_m":null,"tier":"A","method":"legacy","source":"gnss","pos_src":"rt","n_tracks":5,"n_passes":1,"photo_key":"1791370670679031000_426_236_480_304_v2.jpg","photo_url":"https://drive.google.com/thumbnail?id=1T8DkUhmV35Dva0E-oOZ8_SIABXbcemOX&sz=w1200","photo_view":"https://drive.google.com/file/d/1T8DkUhmV35Dva0E-oOZ8_SIABXbcemOX/view","label_stats":{"5.7.2":{"detections":45,"mean_conf":0.524,"max_conf":0.7}},"alt":460.84,"session":"2026-10-07_20261007T102104Z","kind":"sign"}},{"type":"Feature","geometry":{"type":"Point","coordinates":[44.7667396,41.7262798]},"properties":{"pole_id":99,"labels":["5.15.2"],"track_ids":[170],"conf":0.953,"n_frames":160,"first_ts":1791370679311748000,"last_ts":1791370685144684000,"image":"20261007T102104Z_c0002_photos/sign_99.jpg","gnss_q":"FIX","n_obs":160,"n_views":157,"dmin_m":7.412,"dmed_m":14.431,"err_h_m":null,"tier":"A","method":"legacy","source":"gnss","pos_src":"rt","n_tracks":1,"n_passes":1,"photo_key":"1791370683711451000_962_265_1009_315_v2.jpg","photo_url":"https://drive.google.com/thumbnail?id=1w5p8CH8YlR4j8zo7hcAFBg0isBiSO4nf&sz=w1200","photo_view":"https://drive.google.com/file/d/1w5p8CH8YlR4j8zo7hcAFBg0isBiSO4nf/view","label_stats":{"5.15.2":{"detections":236,"mean_conf":0.783,"max_conf":0.953}},"alt":455.82,"session":"2026-10-07_20261007T102104Z","kind":"sign"}},{"type":"Feature","geometry":{"type":"Point","coordinates":[44.766733,41.7262773]},"properties":{"pole_id":100,"labels":["5.15.2"],"track_ids":[171,172],"conf":0.95,"n_frames":83,"first_ts":1791370680645006000,"last_ts":1791370685278003000,"image":"20261007T102104Z_c0002_photos/sign_100.jpg","gnss_q":"FIX","n_obs":83,"n_views":81,"dmin_m":7.709,"dmed_m":13.901,"err_h_m":null,"tier":"A","method":"legacy","source":"gnss","pos_src":"rt","n_tracks":2,"n_passes":1,"photo_key":"1791370682944833000_1109_352_1146_390_v2.jpg","photo_url":"https://drive.google.com/thumbnail?id=1yEHYu_M-7lRrvkuWKm34vggYEc6MBVli&sz=w1200","photo_view":"https://drive.google.com/file/d/1yEHYu_M-7lRrvkuWKm34vggYEc6MBVli/view","label_stats":{"5.15.2":{"detections":208,"mean_conf":0.787,"max_conf":0.953}},"alt":452.83,"session":"2026-10-07_20261007T102104Z","kind":"sign"}},{"type":"Feature","geometry":{"type":"Point","coordinates":[44.7667099,41.7262754]},"properties":{"pole_id":101,"labels":["5.5"],"track_ids":[173],"conf":0.547,"n_frames":5,"first_ts":1791370683178153000,"last_ts":1791370683744768000,"image":"20261007T102104Z_c0002_photos/sign_101.jpg","gnss_q":"FIX","n_obs":5,"n_views":5,"dmin_m":14.017,"dmed_m":14.242,"err_h_m":null,"tier":"B","method":"legacy","source":"gnss","pos_src":"rt","n_tracks":1,"n_passes":1,"photo_key":"1791370683178153000_1365_360_1403_401_v2.jpg","photo_url":"https://drive.google.com/thumbnail?id=1Bxj65Z-cwGAuJfHKpJIcA_kS7YOf-FWk&sz=w1200","photo_view":"https://drive.google.com/file/d/1Bxj65Z-cwGAuJfHKpJIcA_kS7YOf-FWk/view","label_stats":{"5.5":{"detections":3,"mean_conf":0.477,"max_conf":0.547}},"alt":448.42,"session":"2026-10-07_20261007T102104Z","kind":"sign"}},{"type":"Feature","geometry":{"type":"Point","coordinates":[44.7669283,41.7263371]},"properties":{"pole_id":102,"labels":["7.4"],"track_ids":[174],"conf":0.668,"n_frames":3,"first_ts":1791370695510623000,"last_ts":1791370695577281000,"image":"20261007T102104Z_c0002_photos/sign_102.jpg","gnss_q":"FIX","n_obs":3,"n_views":3,"dmin_m":11.555,"dmed_m":12.73,"err_h_m":null,"tier":"B","method":"legacy","source":"gnss","pos_src":"rt","n_tracks":1,"n_passes":1,"photo_key":"1791370695577281000_1036_604_1050_620_v2.jpg","photo_url":"https://drive.google.com/thumbnail?id=1HhdGpDloDEKgjsvuLUR4fmPlHIoI71SN&sz=w1200","photo_view":"https://drive.google.com/file/d/1HhdGpDloDEKgjsvuLUR4fmPlHIoI71SN/view","label_stats":{"7.4":{"detections":3,"mean_conf":0.563,"max_conf":0.668}},"alt":452.92,"session":"2026-10-07_20261007T102104Z","kind":"sign"}},{"type":"Feature","geometry":{"type":"Point","coordinates":[44.7672942,41.7263592]},"properties":{"pole_id":103,"labels":["7.4"],"track_ids":[175],"conf":0.956,"n_frames":58,"first_ts":1791370702776771000,"last_ts":1791370704776648000,"image":"20261007T102104Z_c0002_photos/sign_103.jpg","gnss_q":"FIX","n_obs":58,"n_views":58,"dmin_m":6.304,"dmed_m":9.437,"err_h_m":null,"tier":"A","method":"legacy","source":"gnss","pos_src":"rt","n_tracks":1,"n_passes":1,"photo_key":"1791370704743306000_54_20_196_139_v2.jpg","photo_url":"https://drive.google.com/thumbnail?id=17USow8hCJJH00rRVrkFTzQFS4T9xdieg&sz=w1200","photo_view":"https://drive.google.com/file/d/17USow8hCJJH00rRVrkFTzQFS4T9xdieg/view","label_stats":{"7.4":{"detections":57,"mean_conf":0.91,"max_conf":0.956}},"alt":461.54,"session":"2026-10-07_20261007T102104Z","kind":"sign"}},{"type":"Feature","geometry":{"type":"Point","coordinates":[44.7672969,41.7263631]},"properties":{"pole_id":104,"labels":["8.3.2"],"track_ids":[176],"conf":0.662,"n_frames":4,"first_ts":1791370702976776000,"last_ts":1791370703610049000,"image":"20261007T102104Z_c0002_photos/sign_104.jpg","gnss_q":"FIX","n_obs":4,"n_views":4,"dmin_m":10.236,"dmed_m":13.758,"err_h_m":null,"tier":"B","method":"legacy","source":"gnss","pos_src":"rt","n_tracks":1,"n_passes":1,"photo_key":"1791370703610049000_576_434_627_459_v2.jpg","photo_url":"https://drive.google.com/thumbnail?id=1Vl0u01vtTDDTsIcSTUj3MAJIWNN5ZVy7&sz=w1200","photo_view":"https://drive.google.com/file/d/1Vl0u01vtTDDTsIcSTUj3MAJIWNN5ZVy7/view","label_stats":{"8.3.2":{"detections":2,"mean_conf":0.537,"max_conf":0.662}},"alt":459.96,"session":"2026-10-07_20261007T102104Z","kind":"sign"}},{"type":"Feature","geometry":{"type":"Point","coordinates":[44.7676532,41.726399]},"properties":{"pole_id":105,"labels":["7.4"],"track_ids":[178,179],"conf":0.867,"n_frames":57,"first_ts":1791370753273329000,"last_ts":1791370755939805000,"image":"20261007T102104Z_c0002_photos/sign_105.jpg","gnss_q":"FIX","n_obs":57,"n_views":56,"dmin_m":7.624,"dmed_m":12.531,"err_h_m":null,"tier":"A","method":"legacy","source":"gnss","pos_src":"rt","n_tracks":2,"n_passes":1,"photo_key":"1791370754039950000_728_492_762_524_v2.jpg","photo_url":"https://drive.google.com/thumbnail?id=1-O6OTbFkWdd5Cf0NKEPj-IrV2eEeHsQI&sz=w1200","photo_view":"https://drive.google.com/file/d/1-O6OTbFkWdd5Cf0NKEPj-IrV2eEeHsQI/view","label_stats":{"7.4":{"detections":58,"mean_conf":0.607,"max_conf":0.867}},"alt":460.3,"session":"2026-10-07_20261007T102104Z","kind":"sign"}},{"type":"Feature","geometry":{"type":"Point","coordinates":[44.7676513,41.7264055]},"properties":{"pole_id":106,"labels":["Manqanis_gadayvana"],"track_ids":[180],"conf":0.718,"n_frames":15,"first_ts":1791370755106524000,"last_ts":1791370756673108000,"image":"20261007T102104Z_c0002_photos/sign_106.jpg","gnss_q":"FIX","n_obs":15,"n_views":15,"dmin_m":5.455,"dmed_m":7.084,"err_h_m":null,"tier":"A","method":"legacy","source":"gnss","pos_src":"rt","n_tracks":1,"n_passes":1,"photo_key":"1791370756639765000_28_179_145_243_v2.jpg","photo_url":"https://drive.google.com/thumbnail?id=1Ostf3lTAoT-de5IBpZQISJJnehZ0Nz1t&sz=w1200","photo_view":"https://drive.google.com/file/d/1Ostf3lTAoT-de5IBpZQISJJnehZ0Nz1t/view","label_stats":{"Manqanis_gadayvana":{"detections":14,"mean_conf":0.542,"max_conf":0.718}},"alt":461.42,"session":"2026-10-07_20261007T102104Z","kind":"sign"}},{"type":"Feature","geometry":{"type":"Point","coordinates":[44.7679399,41.7264257]},"properties":{"pole_id":107,"labels":["7.4"],"track_ids":[183,184],"conf":0.941,"n_frames":71,"first_ts":1791370760806166000,"last_ts":1791370763339319000,"image":"20261007T102104Z_c0002_photos/sign_107.jpg","gnss_q":"FIX","n_obs":71,"n_views":71,"dmin_m":6.33,"dmed_m":9.899,"err_h_m":null,"tier":"A","method":"legacy","source":"gnss","pos_src":"rt","n_tracks":2,"n_passes":1,"photo_key":"1791370763039341000_213_158_337_263_v2.jpg","photo_url":"https://drive.google.com/thumbnail?id=1FwIC4JEK7TqQqImXYfvmQ9QMMUJhjTet&sz=w1200","photo_view":"https://drive.google.com/file/d/1FwIC4JEK7TqQqImXYfvmQ9QMMUJhjTet/view","label_stats":{"7.4":{"detections":71,"mean_conf":0.877,"max_conf":0.941}},"alt":462.58,"session":"2026-10-07_20261007T102104Z","kind":"sign"}},{"type":"Feature","geometry":{"type":"Point","coordinates":[44.7683673,41.7264667]},"properties":{"pole_id":108,"labels":["7.4"],"track_ids":[187],"conf":0.632,"n_frames":4,"first_ts":1791370769005617000,"last_ts":1791370769172252000,"image":"20261007T102104Z_c0002_photos/sign_108.jpg","gnss_q":"FIX","n_obs":4,"n_views":4,"dmin_m":14.423,"dmed_m":14.831,"err_h_m":null,"tier":"B","method":"legacy","source":"gnss","pos_src":"rt","n_tracks":1,"n_passes":1,"photo_key":"1791370769005617000_685_474_721_509_v2.jpg","photo_url":"https://drive.google.com/thumbnail?id=19q2eximVm3xcrM77t2hDj2gX5FcxzYOl&sz=w1200","photo_view":"https://drive.google.com/file/d/19q2eximVm3xcrM77t2hDj2gX5FcxzYOl/view","label_stats":{"7.4":{"detections":2,"mean_conf":0.557,"max_conf":0.632}},"alt":462.64,"session":"2026-10-07_20261007T102104Z","kind":"sign"}},{"type":"Feature","geometry":{"type":"Point","coordinates":[44.7683513,41.7264711]},"properties":{"pole_id":109,"labels":["5.5"],"track_ids":[188],"conf":0.593,"n_frames":5,"first_ts":1791370770038876000,"last_ts":1791370770938815000,"image":"20261007T102104Z_c0002_photos/sign_109.jpg","gnss_q":"FIX","n_obs":5,"n_views":5,"dmin_m":6.805,"dmed_m":7.812,"err_h_m":null,"tier":"A","method":"legacy","source":"gnss","pos_src":"rt","n_tracks":1,"n_passes":1,"photo_key":"1791370770705493000_368_316_433_354_v2.jpg","photo_url":"https://drive.google.com/thumbnail?id=1Gh1nZ18ueiQXIYwx6XS4IVLBYHWCPizX&sz=w1200","photo_view":"https://drive.google.com/file/d/1Gh1nZ18ueiQXIYwx6XS4IVLBYHWCPizX/view","label_stats":{"5.5":{"detections":2,"mean_conf":0.556,"max_conf":0.593}},"alt":462.63,"session":"2026-10-07_20261007T102104Z","kind":"sign"}},{"type":"Feature","geometry":{"type":"Point","coordinates":[44.7687671,41.72652]},"properties":{"pole_id":110,"labels":["5.15.2"],"track_ids":[189,192],"conf":0.81,"n_frames":13,"first_ts":1791370852500210000,"last_ts":1791370853400151000,"image":"20261007T102104Z_c0002_photos/sign_110.jpg","gnss_q":"FIX","n_obs":13,"n_views":12,"dmin_m":9.588,"dmed_m":12.159,"err_h_m":null,"tier":"B","method":"legacy","source":"gnss","pos_src":"rt","n_tracks":2,"n_passes":1,"photo_key":"1791370852800190000_1149_406_1180_444_v2.jpg","photo_url":"https://drive.google.com/thumbnail?id=1J7-iXfIMtUUHkd3BScSsfl6ZOg2YNjbT&sz=w1200","photo_view":"https://drive.google.com/file/d/1J7-iXfIMtUUHkd3BScSsfl6ZOg2YNjbT/view","label_stats":{"5.15.2":{"detections":49,"mean_conf":0.676,"max_conf":0.887}},"alt":460.53,"session":"2026-10-07_20261007T102104Z","kind":"sign"}},{"type":"Feature","geometry":{"type":"Point","coordinates":[44.7687669,41.7265197]},"properties":{"pole_id":111,"labels":["5.15.2"],"track_ids":[190],"conf":0.887,"n_frames":29,"first_ts":1791370852533525000,"last_ts":1791370854133432000,"image":"20261007T102104Z_c0002_photos/sign_111.jpg","gnss_q":"FIX","n_obs":29,"n_views":26,"dmin_m":6.779,"dmed_m":11.523,"err_h_m":null,"tier":"A","method":"legacy","source":"gnss","pos_src":"rt","n_tracks":1,"n_passes":1,"photo_key":"1791370853133485000_979_326_1025_373_v2.jpg","photo_url":"https://drive.google.com/thumbnail?id=1J4vrR-ta8cQjVCLLBPm4AxfT66wG47lp&sz=w1200","photo_view":"https://drive.google.com/file/d/1J4vrR-ta8cQjVCLLBPm4AxfT66wG47lp/view","label_stats":{"5.15.2":{"detections":59,"mean_conf":0.668,"max_conf":0.887}},"alt":460.42,"session":"2026-10-07_20261007T102104Z","kind":"sign"}},{"type":"Feature","geometry":{"type":"Point","coordinates":[44.7687929,41.7265209]},"properties":{"pole_id":112,"labels":["5.15.2"],"track_ids":[191],"conf":0.821,"n_frames":26,"first_ts":1791370852533525000,"last_ts":1791370853766791000,"image":"20261007T102104Z_c0002_photos/sign_112.jpg","gnss_q":"FIX","n_obs":26,"n_views":25,"dmin_m":11.009,"dmed_m":13.095,"err_h_m":null,"tier":"B","method":"legacy","source":"gnss","pos_src":"rt","n_tracks":1,"n_passes":1,"photo_key":"1791370852766845000_1286_427_1318_464_v2.jpg","photo_url":"https://drive.google.com/thumbnail?id=1ak9C7MhL3Ar2r0ysT_LucL-DJYX2HUEr&sz=w1200","photo_view":"https://drive.google.com/file/d/1ak9C7MhL3Ar2r0ysT_LucL-DJYX2HUEr/view","label_stats":{"5.15.2":{"detections":58,"mean_conf":0.672,"max_conf":0.887}},"alt":455.01,"session":"2026-10-07_20261007T102104Z","kind":"sign"}},{"type":"Feature","geometry":{"type":"Point","coordinates":[44.7688119,41.7265183]},"properties":{"pole_id":113,"labels":["2.3"],"track_ids":[193],"conf":0.914,"n_frames":8,"first_ts":1791370853533469000,"last_ts":1791370853866767000,"image":"20261007T102104Z_c0002_photos/sign_113.jpg","gnss_q":"FIX","n_obs":8,"n_views":8,"dmin_m":12.314,"dmed_m":14.019,"err_h_m":null,"tier":"B","method":"legacy","source":"gnss","pos_src":"rt","n_tracks":1,"n_passes":1,"photo_key":"1791370853666788000_1662_285_1724_338_v2.jpg","photo_url":"https://drive.google.com/thumbnail?id=1tzU5yB6mEFADxLKaSukbahYLzZAwkuF9&sz=w1200","photo_view":"https://drive.google.com/file/d/1tzU5yB6mEFADxLKaSukbahYLzZAwkuF9/view","label_stats":{"2.3":{"detections":8,"mean_conf":0.819,"max_conf":0.914}},"alt":452.66,"session":"2026-10-07_20261007T102104Z","kind":"sign"}},{"type":"Feature","geometry":{"type":"Point","coordinates":[44.7689328,41.7265833]},"properties":{"pole_id":114,"labels":["4.2.3"],"track_ids":[194],"conf":0.927,"n_frames":7,"first_ts":1791370855433356000,"last_ts":1791370855699993000,"image":"20261007T102104Z_c0002_photos/sign_114.jpg","gnss_q":"FIX","n_obs":7,"n_views":7,"dmin_m":13.591,"dmed_m":14.437,"err_h_m":null,"tier":"B","method":"legacy","source":"gnss","pos_src":"rt","n_tracks":1,"n_passes":1,"photo_key":"1791370855500015000_1616_557_1656_597_v2.jpg","photo_url":"https://drive.google.com/thumbnail?id=10LWOLJbAVbnx5p2tH1u3PsrUXwlJufoQ&sz=w1200","photo_view":"https://drive.google.com/file/d/10LWOLJbAVbnx5p2tH1u3PsrUXwlJufoQ/view","label_stats":{"4.2.3":{"detections":7,"mean_conf":0.899,"max_conf":0.927}},"alt":453.08,"session":"2026-10-07_20261007T102104Z","kind":"sign"}},{"type":"Feature","geometry":{"type":"Point","coordinates":[44.7689634,41.7266078]},"properties":{"pole_id":115,"labels":["4.1.2"],"track_ids":[195],"conf":0.809,"n_frames":3,"first_ts":1791370857333215000,"last_ts":1791370857433219000,"image":"20261007T102104Z_c0002_photos/sign_115.jpg","gnss_q":"FIX","n_obs":3,"n_views":3,"dmin_m":4.546,"dmed_m":4.623,"err_h_m":null,"tier":"B","method":"legacy","source":"gnss","pos_src":"rt","n_tracks":1,"n_passes":1,"photo_key":"1791370857333215000_1252_580_1280_603_v2.jpg","photo_url":"https://drive.google.com/thumbnail?id=12lhPeti-EEOcRcHqiDNQervBTQZsNCML&sz=w1200","photo_view":"https://drive.google.com/file/d/12lhPeti-EEOcRcHqiDNQervBTQZsNCML/view","label_stats":{"4.1.2":{"detections":2,"mean_conf":0.783,"max_conf":0.809}},"alt":460.65,"session":"2026-10-07_20261007T102104Z","kind":"sign"}},{"type":"Feature","geometry":{"type":"Point","coordinates":[44.7687304,41.7269355]},"properties":{"pole_id":116,"labels":["5.15.2"],"track_ids":[197],"conf":0.96,"n_frames":31,"first_ts":1791370863599499000,"last_ts":1791370864632761000,"image":"20261007T102104Z_c0002_photos/sign_116.jpg","gnss_q":"FIX","n_obs":31,"n_views":31,"dmin_m":6.208,"dmed_m":10.152,"err_h_m":null,"tier":"A","method":"legacy","source":"gnss","pos_src":"rt","n_tracks":1,"n_passes":1,"photo_key":"1791370864332779000_775_185_842_252_v2.jpg","photo_url":"https://drive.google.com/thumbnail?id=1khp5nlZP0J9cmChMkPaR50ikd5kUfx2z&sz=w1200","photo_view":"https://drive.google.com/file/d/1khp5nlZP0J9cmChMkPaR50ikd5kUfx2z/view","label_stats":{"5.15.2":{"detections":110,"mean_conf":0.804,"max_conf":0.969}},"alt":463.98,"session":"2026-10-07_20261007T102104Z","kind":"sign"}},{"type":"Feature","geometry":{"type":"Point","coordinates":[44.768757,41.7269206]},"properties":{"pole_id":117,"labels":["5.15.2"],"track_ids":[198],"conf":0.969,"n_frames":31,"first_ts":1791370863632815000,"last_ts":1791370864632761000,"image":"20261007T102104Z_c0002_photos/sign_117.jpg","gnss_q":"FIX","n_obs":31,"n_views":31,"dmin_m":6.74,"dmed_m":10.461,"err_h_m":null,"tier":"A","method":"legacy","source":"gnss","pos_src":"rt","n_tracks":1,"n_passes":1,"photo_key":"1791370864499442000_1183_88_1257_167_v2.jpg","photo_url":"https://drive.google.com/thumbnail?id=1rjZVUy3okA4SoMCbW7ZohnJFHLOUY-6Q&sz=w1200","photo_view":"https://drive.google.com/file/d/1rjZVUy3okA4SoMCbW7ZohnJFHLOUY-6Q/view","label_stats":{"5.15.2":{"detections":109,"mean_conf":0.807,"max_conf":0.969}},"alt":465.95,"session":"2026-10-07_20261007T102104Z","kind":"sign"}},{"type":"Feature","geometry":{"type":"Point","coordinates":[44.7687793,41.7269038]},"properties":{"pole_id":118,"labels":["5.15.2"],"track_ids":[199],"conf":0.957,"n_frames":27,"first_ts":1791370863632815000,"last_ts":1791370864599418000,"image":"20261007T102104Z_c0002_photos/sign_118.jpg","gnss_q":"FIX","n_obs":27,"n_views":27,"dmin_m":9.118,"dmed_m":12.37,"err_h_m":null,"tier":"B","method":"legacy","source":"gnss","pos_src":"rt","n_tracks":1,"n_passes":1,"photo_key":"1791370864499442000_1537_88_1604_162_v2.jpg","photo_url":"https://drive.google.com/thumbnail?id=1zlHUag8N6a6GZBx7KLLJC2SRt0PsoDjm&sz=w1200","photo_view":"https://drive.google.com/file/d/1zlHUag8N6a6GZBx7KLLJC2SRt0PsoDjm/view","label_stats":{"5.15.2":{"detections":107,"mean_conf":0.808,"max_conf":0.969}},"alt":468.61,"session":"2026-10-07_20261007T102104Z","kind":"sign"}},{"type":"Feature","geometry":{"type":"Point","coordinates":[44.7687054,41.7269439]},"properties":{"pole_id":119,"labels":["5.15.2"],"track_ids":[200,201],"conf":0.935,"n_frames":21,"first_ts":1791370863666158000,"last_ts":1791370864566101000,"image":"20261007T102104Z_c0002_photos/sign_119.jpg","gnss_q":"FIX","n_obs":21,"n_views":20,"dmin_m":8.35,"dmed_m":11.702,"err_h_m":null,"tier":"B","method":"legacy","source":"gnss","pos_src":"rt","n_tracks":2,"n_passes":1,"photo_key":"1791370863932796000_575_323_621_369_v2.jpg","photo_url":"https://drive.google.com/thumbnail?id=1pvVMfy9bZEP5AumzlULK7xColVnM7UYP&sz=w1200","photo_view":"https://drive.google.com/file/d/1pvVMfy9bZEP5AumzlULK7xColVnM7UYP/view","label_stats":{"5.15.2":{"detections":101,"mean_conf":0.809,"max_conf":0.969}},"alt":463.62,"session":"2026-10-07_20261007T102104Z","kind":"sign"}},{"type":"Feature","geometry":{"type":"Point","coordinates":[44.7683753,41.727335]},"properties":{"pole_id":120,"labels":["5.15.2"],"track_ids":[202],"conf":0.871,"n_frames":19,"first_ts":1791370870399060000,"last_ts":1791370871032363000,"image":"20261007T102104Z_c0002_photos/sign_120.jpg","gnss_q":"FIX","n_obs":19,"n_views":19,"dmin_m":8.692,"dmed_m":11.473,"err_h_m":null,"tier":"B","method":"legacy","source":"gnss","pos_src":"rt","n_tracks":1,"n_passes":1,"photo_key":"1791370870832359000_1333_153_1396_212_v2.jpg","photo_url":"https://drive.google.com/thumbnail?id=15Q5wedfWTyB9fFMO2fxaxGdgrHcyGiAF&sz=w1200","photo_view":"https://drive.google.com/file/d/15Q5wedfWTyB9fFMO2fxaxGdgrHcyGiAF/view","label_stats":{"5.15.2":{"detections":38,"mean_conf":0.699,"max_conf":0.871}},"alt":468.14,"session":"2026-10-07_20261007T102104Z","kind":"sign"}},{"type":"Feature","geometry":{"type":"Point","coordinates":[44.7683843,41.727329]},"properties":{"pole_id":121,"labels":["5.15.2"],"track_ids":[203],"conf":0.824,"n_frames":19,"first_ts":1791370870399060000,"last_ts":1791370870999021000,"image":"20261007T102104Z_c0002_photos/sign_121.jpg","gnss_q":"FIX","n_obs":19,"n_views":19,"dmin_m":9.496,"dmed_m":12.608,"err_h_m":null,"tier":"B","method":"legacy","source":"gnss","pos_src":"rt","n_tracks":1,"n_passes":1,"photo_key":"1791370870999021000_1528_23_1611_93_v2.jpg","photo_url":"https://drive.google.com/thumbnail?id=1b0b4_XUfEByJYOrbknmZwLnIS-GHUctT&sz=w1200","photo_view":"https://drive.google.com/file/d/1b0b4_XUfEByJYOrbknmZwLnIS-GHUctT/view","label_stats":{"5.15.2":{"detections":37,"mean_conf":0.701,"max_conf":0.871}},"alt":468.91,"session":"2026-10-07_20261007T102104Z","kind":"sign"}},{"type":"Feature","geometry":{"type":"Point","coordinates":[44.7684221,41.7273628]},"properties":{"pole_id":122,"labels":["3.27"],"track_ids":[204],"conf":0.903,"n_frames":15,"first_ts":1791370870932361000,"last_ts":1791370871365661000,"image":"20261007T102104Z_c0002_photos/sign_122.jpg","gnss_q":"FIX","n_obs":15,"n_views":14,"dmin_m":11.812,"dmed_m":13.138,"err_h_m":null,"tier":"B","method":"legacy","source":"gnss","pos_src":"rt","n_tracks":1,"n_passes":1,"photo_key":"1791370871265686000_1779_453_1854_508_v2.jpg","photo_url":"https://drive.google.com/thumbnail?id=1v5p1gTmqIIYLLl2gntEmyoyplZ2hJB9t&sz=w1200","photo_view":"https://drive.google.com/file/d/1v5p1gTmqIIYLLl2gntEmyoyplZ2hJB9t/view","label_stats":{"3.27":{"detections":15,"mean_conf":0.848,"max_conf":0.903}},"alt":470.69,"session":"2026-10-07_20261007T102104Z","kind":"sign"}},{"type":"Feature","geometry":{"type":"Point","coordinates":[44.7682081,41.7276485]},"properties":{"pole_id":123,"labels":["4.2.3"],"track_ids":[206],"conf":0.963,"n_frames":42,"first_ts":1791370873232234000,"last_ts":1791370874532133000,"image":"20261007T102104Z_c0002_photos/sign_123.jpg","gnss_q":"FIX","n_obs":42,"n_views":40,"dmin_m":3.321,"dmed_m":8.771,"err_h_m":null,"tier":"A","method":"legacy","source":"gnss","pos_src":"rt","n_tracks":1,"n_passes":1,"photo_key":"1791370874498817000_57_62_319_257_v2.jpg","photo_url":"https://drive.google.com/thumbnail?id=1qQNyh3z7YdmTV_w5TMFbJM5O1mgnUxdV&sz=w1200","photo_view":"https://drive.google.com/file/d/1qQNyh3z7YdmTV_w5TMFbJM5O1mgnUxdV/view","label_stats":{"4.2.3":{"detections":40,"mean_conf":0.932,"max_conf":0.963}},"alt":462.55,"session":"2026-10-07_20261007T102104Z","kind":"sign"}},{"type":"Feature","geometry":{"type":"Point","coordinates":[44.768245,41.7278883]},"properties":{"pole_id":124,"labels":["5.5"],"track_ids":[208],"conf":0.935,"n_frames":13,"first_ts":1791370877498628000,"last_ts":1791370877931931000,"image":"20261007T102104Z_c0002_photos/sign_124.jpg","gnss_q":"DGNSS","n_obs":13,"n_views":13,"dmin_m":11.206,"dmed_m":12.346,"err_h_m":null,"tier":"C","method":"legacy","source":"gnss","pos_src":"rt","n_tracks":1,"n_passes":1,"photo_key":"1791370877898587000_1823_328_1904_398_v2.jpg","photo_url":"https://drive.google.com/thumbnail?id=1f0sJhKxw5wktGD6FNmtjYSwzjg0rS9zU&sz=w1200","photo_view":"https://drive.google.com/file/d/1f0sJhKxw5wktGD6FNmtjYSwzjg0rS9zU/view","label_stats":{"5.5":{"detections":13,"mean_conf":0.908,"max_conf":0.935}},"alt":468.17,"session":"2026-10-07_20261007T102104Z","kind":"sign"}},{"type":"Feature","geometry":{"type":"Point","coordinates":[44.7682525,41.72789]},"properties":{"pole_id":125,"labels":["3.24_40"],"track_ids":[209],"conf":0.801,"n_frames":4,"first_ts":1791370877731949000,"last_ts":1791370877898587000,"image":"20261007T102104Z_c0002_photos/sign_125.jpg","gnss_q":"DGNSS","n_obs":4,"n_views":4,"dmin_m":11.555,"dmed_m":12.257,"err_h_m":null,"tier":"C","method":"legacy","source":"gnss","pos_src":"rt","n_tracks":1,"n_passes":1,"photo_key":"1791370877731949000_1656_450_1722_505_v2.jpg","photo_url":"https://drive.google.com/thumbnail?id=1HhXawoN2rWDb_VEZcnHvHuamhvpZxd40&sz=w1200","photo_view":"https://drive.google.com/file/d/1HhXawoN2rWDb_VEZcnHvHuamhvpZxd40/view","label_stats":{"3.24_40":{"detections":4,"mean_conf":0.705,"max_conf":0.801}},"alt":468.61,"session":"2026-10-07_20261007T102104Z","kind":"sign"}},{"type":"Feature","geometry":{"type":"Point","coordinates":[44.7682066,41.7281453]},"properties":{"pole_id":126,"labels":["3.27"],"track_ids":[210],"conf":0.908,"n_frames":15,"first_ts":1791370880265116000,"last_ts":1791370880698417000,"image":"20261007T102104Z_c0002_photos/sign_126.jpg","gnss_q":"FLOAT","n_obs":15,"n_views":14,"dmin_m":10.511,"dmed_m":12.767,"err_h_m":null,"tier":"C","method":"legacy","source":"gnss","pos_src":"rt","n_tracks":1,"n_passes":1,"photo_key":"1791370880631756000_1781_395_1854_458_v2.jpg","photo_url":"https://drive.google.com/thumbnail?id=1F0z2JO07ctP2m4ii0NVq46p-oADMz_ay&sz=w1200","photo_view":"https://drive.google.com/file/d/1F0z2JO07ctP2m4ii0NVq46p-oADMz_ay/view","label_stats":{"3.27":{"detections":15,"mean_conf":0.866,"max_conf":0.908}},"alt":467.95,"session":"2026-10-07_20261007T102104Z","kind":"sign"}},{"type":"Feature","geometry":{"type":"Point","coordinates":[44.7679257,41.7291064]},"properties":{"pole_id":127,"labels":["3.18.2"],"track_ids":[211],"conf":0.934,"n_frames":42,"first_ts":1791370892864328000,"last_ts":1791370894197570000,"image":"20261007T102104Z_c0002_photos/sign_127.jpg","gnss_q":"DGNSS","n_obs":42,"n_views":41,"dmin_m":7.895,"dmed_m":10.656,"err_h_m":null,"tier":"C","method":"legacy","source":"gnss","pos_src":"rt","n_tracks":1,"n_passes":1,"photo_key":"1791370893730952000_316_425_373_486_v2.jpg","photo_url":"https://drive.google.com/thumbnail?id=1G6lhfHvBVCiV5GhPvhoRaZW4tAy8lUOX&sz=w1200","photo_view":"https://drive.google.com/file/d/1G6lhfHvBVCiV5GhPvhoRaZW4tAy8lUOX/view","label_stats":{"3.18.2":{"detections":41,"mean_conf":0.88,"max_conf":0.934}},"alt":467.92,"session":"2026-10-07_20261007T102104Z","kind":"sign"}},{"type":"Feature","geometry":{"type":"Point","coordinates":[44.7680323,41.729214]},"properties":{"pole_id":128,"labels":["3.27"],"track_ids":[212,213],"conf":0.938,"n_frames":1130,"first_ts":1791370896397443000,"last_ts":1791370939161462000,"image":"20261007T102104Z_c0002_photos/sign_128.jpg","gnss_q":"DGNSS","n_obs":1130,"n_views":1129,"dmin_m":7.083,"dmed_m":13.256,"err_h_m":null,"tier":"C","method":"legacy","source":"gnss","pos_src":"rt","n_tracks":2,"n_passes":1,"photo_key":"1791370938594844000_1617_328_1719_407_v2.jpg","photo_url":"https://drive.google.com/thumbnail?id=1wCBBLt13s5CqfECITn2EOBojdJn82GT6&sz=w1200","photo_view":"https://drive.google.com/file/d/1wCBBLt13s5CqfECITn2EOBojdJn82GT6/view","label_stats":{"3.27":{"detections":1130,"mean_conf":0.867,"max_conf":0.938}},"alt":471.54,"session":"2026-10-07_20261007T102104Z","kind":"sign"}},{"type":"Feature","geometry":{"type":"Point","coordinates":[44.7680335,41.7292244]},"properties":{"pole_id":129,"labels":["Manqanis_gadayvana"],"track_ids":[214,215,216],"conf":0.719,"n_frames":55,"first_ts":1791370928995439000,"last_ts":1791370939028143000,"image":"20261007T102104Z_c0002_photos/sign_129.jpg","gnss_q":"FLOAT","n_obs":55,"n_views":55,"dmin_m":7.161,"dmed_m":9.897,"err_h_m":null,"tier":"C","method":"legacy","source":"gnss","pos_src":"rt","n_tracks":3,"n_passes":1,"photo_key":"1791370937428233000_1449_457_1520_488_v2.jpg","photo_url":"https://drive.google.com/thumbnail?id=1ASlS-_8OIBoxdogAopA4N_blYrNmVaQX&sz=w1200","photo_view":"https://drive.google.com/file/d/1ASlS-_8OIBoxdogAopA4N_blYrNmVaQX/view","label_stats":{"Manqanis_gadayvana":{"detections":53,"mean_conf":0.532,"max_conf":0.719}},"alt":470.24,"session":"2026-10-07_20261007T102104Z","kind":"sign"}},{"type":"Feature","geometry":{"type":"Point","coordinates":[44.7679263,41.7294384]},"properties":{"pole_id":130,"labels":["2.1"],"track_ids":[217],"conf":0.901,"n_frames":39,"first_ts":1791370942561261000,"last_ts":1791370943861191000,"image":"20261007T102104Z_c0002_photos/sign_130.jpg","gnss_q":"FLOAT","n_obs":39,"n_views":39,"dmin_m":8.296,"dmed_m":12.374,"err_h_m":null,"tier":"C","method":"legacy","source":"gnss","pos_src":"rt","n_tracks":1,"n_passes":1,"photo_key":"1791370943161224000_969_243_1025_296_v2.jpg","photo_url":"https://drive.google.com/thumbnail?id=1codjLgOIiIaKKIwRtNhbBLGy3ZTDzZSE&sz=w1200","photo_view":"https://drive.google.com/file/d/1codjLgOIiIaKKIwRtNhbBLGy3ZTDzZSE/view","label_stats":{"2.1":{"detections":38,"mean_conf":0.8,"max_conf":0.901}},"alt":472.24,"session":"2026-10-07_20261007T102104Z","kind":"sign"}},{"type":"Feature","geometry":{"type":"Point","coordinates":[44.7679342,41.7294409]},"properties":{"pole_id":131,"labels":["5.15.2","4.1.4"],"track_ids":[218],"conf":0.872,"n_frames":37,"first_ts":1791370942694581000,"last_ts":1791370943861191000,"image":"20261007T102104Z_c0002_photos/sign_131.jpg","gnss_q":"FLOAT","n_obs":37,"n_views":30,"dmin_m":8.389,"dmed_m":10.97,"err_h_m":null,"tier":"C","method":"legacy","source":"gnss","pos_src":"rt","n_tracks":1,"n_passes":1,"photo_key":"1791370943527865000_1044_147_1092_196_v2.jpg","photo_url":"https://drive.google.com/thumbnail?id=1ZGJglq6uMeDWabAm48i8CM_6-k8e2wcf&sz=w1200","photo_view":"https://drive.google.com/file/d/1ZGJglq6uMeDWabAm48i8CM_6-k8e2wcf/view","label_stats":{"5.15.2":{"detections":29,"mean_conf":0.67,"max_conf":0.872},"4.1.4":{"detections":28,"mean_conf":0.675,"max_conf":0.917}},"alt":471.85,"session":"2026-10-07_20261007T102104Z","kind":"sign"}},{"type":"Feature","geometry":{"type":"Point","coordinates":[44.7679931,41.7294632]},"properties":{"pole_id":132,"labels":["3.4"],"track_ids":[219],"conf":0.942,"n_frames":39,"first_ts":1791370942894587000,"last_ts":1791370944161171000,"image":"20261007T102104Z_c0002_photos/sign_132.jpg","gnss_q":"FLOAT","n_obs":39,"n_views":39,"dmin_m":8.535,"dmed_m":12.218,"err_h_m":null,"tier":"C","method":"legacy","source":"gnss","pos_src":"rt","n_tracks":1,"n_passes":1,"photo_key":"1791370943561208000_1421_333_1478_384_v2.jpg","photo_url":"https://drive.google.com/thumbnail?id=18rxOlHho4kn-FV5qot7ByssTuADugAA4&sz=w1200","photo_view":"https://drive.google.com/file/d/18rxOlHho4kn-FV5qot7ByssTuADugAA4/view","label_stats":{"3.4":{"detections":39,"mean_conf":0.889,"max_conf":0.942}},"alt":470.75,"session":"2026-10-07_20261007T102104Z","kind":"sign"}},{"type":"Feature","geometry":{"type":"Point","coordinates":[44.7679487,41.7294395]},"properties":{"pole_id":133,"labels":["4.1.4"],"track_ids":[220],"conf":0.917,"n_frames":20,"first_ts":1791370942927903000,"last_ts":1791370943861191000,"image":"20261007T102104Z_c0002_photos/sign_133.jpg","gnss_q":"FLOAT","n_obs":20,"n_views":20,"dmin_m":9.149,"dmed_m":11.45,"err_h_m":null,"tier":"C","method":"legacy","source":"gnss","pos_src":"rt","n_tracks":1,"n_passes":1,"photo_key":"1791370943661211000_1162_97_1217_153_v2.jpg","photo_url":"https://drive.google.com/thumbnail?id=1uT7mvpAJLwtQA9_z_KTbe-aEL3vHwatd&sz=w1200","photo_view":"https://drive.google.com/file/d/1uT7mvpAJLwtQA9_z_KTbe-aEL3vHwatd/view","label_stats":{"4.1.4":{"detections":28,"mean_conf":0.675,"max_conf":0.917}},"alt":472.25,"session":"2026-10-07_20261007T102104Z","kind":"sign"}},{"type":"Feature","geometry":{"type":"Point","coordinates":[44.7679928,41.7294691]},"properties":{"pole_id":134,"labels":["8.3.1"],"track_ids":[221],"conf":0.935,"n_frames":38,"first_ts":1791370942994561000,"last_ts":1791370944194515000,"image":"20261007T102104Z_c0002_photos/sign_134.jpg","gnss_q":"FLOAT","n_obs":38,"n_views":37,"dmin_m":8.128,"dmed_m":10.955,"err_h_m":null,"tier":"C","method":"legacy","source":"gnss","pos_src":"rt","n_tracks":1,"n_passes":1,"photo_key":"1791370944027852000_1693_227_1793_272_v2.jpg","photo_url":"https://drive.google.com/thumbnail?id=1VpcETWoZDl-zR9Y1RmMKGFOpp7XGcOAs&sz=w1200","photo_view":"https://drive.google.com/file/d/1VpcETWoZDl-zR9Y1RmMKGFOpp7XGcOAs/view","label_stats":{"8.3.1":{"detections":38,"mean_conf":0.865,"max_conf":0.935}},"alt":470.2,"session":"2026-10-07_20261007T102104Z","kind":"sign"}},{"type":"Feature","geometry":{"type":"Point","coordinates":[44.7679594,41.7297289]},"properties":{"pole_id":135,"labels":["3.27"],"track_ids":[223],"conf":0.939,"n_frames":32,"first_ts":1791370946494363000,"last_ts":1791370947527626000,"image":"20261007T102104Z_c0002_photos/sign_135.jpg","gnss_q":"FLOAT","n_obs":32,"n_views":32,"dmin_m":7.665,"dmed_m":11.624,"err_h_m":null,"tier":"C","method":"legacy","source":"gnss","pos_src":"rt","n_tracks":1,"n_passes":1,"photo_key":"1791370947227645000_1527_384_1596_448_v2.jpg","photo_url":"https://drive.google.com/thumbnail?id=1JSD9U-IrwTG2nS2-A5Mgs_ApfDzIzYzL&sz=w1200","photo_view":"https://drive.google.com/file/d/1JSD9U-IrwTG2nS2-A5Mgs_ApfDzIzYzL/view","label_stats":{"3.27":{"detections":32,"mean_conf":0.872,"max_conf":0.939}},"alt":467.17,"session":"2026-10-07_20261007T102104Z","kind":"sign"}},{"type":"Feature","geometry":{"type":"Point","coordinates":[44.7679605,41.7297286]},"properties":{"pole_id":136,"labels":["Manqanis_gadayvana"],"track_ids":[224],"conf":0.76,"n_frames":9,"first_ts":1791370947027666000,"last_ts":1791370947360963000,"image":"20261007T102104Z_c0002_photos/sign_136.jpg","gnss_q":"FLOAT","n_obs":9,"n_views":9,"dmin_m":8.557,"dmed_m":10.04,"err_h_m":null,"tier":"C","method":"legacy","source":"gnss","pos_src":"rt","n_tracks":1,"n_passes":1,"photo_key":"1791370947060982000_1430_485_1489_512_v2.jpg","photo_url":"https://drive.google.com/thumbnail?id=1XljBpF6svaQ4QwOOwrAW-tNuARP0JFAg&sz=w1200","photo_view":"https://drive.google.com/file/d/1XljBpF6svaQ4QwOOwrAW-tNuARP0JFAg/view","label_stats":{"Manqanis_gadayvana":{"detections":9,"mean_conf":0.581,"max_conf":0.76}},"alt":467.74,"session":"2026-10-07_20261007T102104Z","kind":"sign"}},{"type":"Feature","geometry":{"type":"Point","coordinates":[44.7678058,41.7298258]},"properties":{"pole_id":137,"labels":["4.2.1"],"track_ids":[225],"conf":0.948,"n_frames":26,"first_ts":1791370947694288000,"last_ts":1791370948527574000,"image":"20261007T102104Z_c0002_photos/sign_137.jpg","gnss_q":"FIX","n_obs":26,"n_views":26,"dmin_m":7.611,"dmed_m":10.712,"err_h_m":null,"tier":"A","method":"legacy","source":"gnss","pos_src":"rt","n_tracks":1,"n_passes":1,"photo_key":"1791370948360910000_237_437_312_503_v2.jpg","photo_url":"https://drive.google.com/thumbnail?id=1LQ0_Q_1UdI7TLIJU8zXZ2DHFq-YkilG8&sz=w1200","photo_view":"https://drive.google.com/file/d/1LQ0_Q_1UdI7TLIJU8zXZ2DHFq-YkilG8/view","label_stats":{"4.2.1":{"detections":26,"mean_conf":0.929,"max_conf":0.948}},"alt":466.19,"session":"2026-10-07_20261007T102104Z","kind":"sign"}},{"type":"Feature","geometry":{"type":"Point","coordinates":[44.7679335,41.7298601]},"properties":{"pole_id":138,"labels":["5.5"],"track_ids":[226],"conf":0.956,"n_frames":31,"first_ts":1791370948160932000,"last_ts":1791370949160852000,"image":"20261007T102104Z_c0002_photos/sign_138.jpg","gnss_q":"FIX","n_obs":31,"n_views":31,"dmin_m":7.428,"dmed_m":11.043,"err_h_m":null,"tier":"A","method":"legacy","source":"gnss","pos_src":"rt","n_tracks":1,"n_passes":1,"photo_key":"1791370949060877000_1703_290_1804_378_v2.jpg","photo_url":"https://drive.google.com/thumbnail?id=1-FNMyF40lIepPBlPdPcRoytItNEVGqkL&sz=w1200","photo_view":"https://drive.google.com/file/d/1-FNMyF40lIepPBlPdPcRoytItNEVGqkL/view","label_stats":{"5.5":{"detections":31,"mean_conf":0.922,"max_conf":0.956}},"alt":467.0,"session":"2026-10-07_20261007T102104Z","kind":"sign"}},{"type":"Feature","geometry":{"type":"Point","coordinates":[44.7679363,41.7298643]},"properties":{"pole_id":139,"labels":["3.24_40"],"track_ids":[227],"conf":0.922,"n_frames":27,"first_ts":1791370948160932000,"last_ts":1791370949127536000,"image":"20261007T102104Z_c0002_photos/sign_139.jpg","gnss_q":"FIX","n_obs":27,"n_views":27,"dmin_m":7.439,"dmed_m":11.198,"err_h_m":null,"tier":"A","method":"legacy","source":"gnss","pos_src":"rt","n_tracks":1,"n_passes":1,"photo_key":"1791370948694236000_1414_485_1474_536_v2.jpg","photo_url":"https://drive.google.com/thumbnail?id=18oyR_vrVqKJhNUPrZTTL4fBx_GppsABI&sz=w1200","photo_view":"https://drive.google.com/file/d/18oyR_vrVqKJhNUPrZTTL4fBx_GppsABI/view","label_stats":{"3.24_40":{"detections":27,"mean_conf":0.833,"max_conf":0.922}},"alt":467.04,"session":"2026-10-07_20261007T102104Z","kind":"sign"}},{"type":"Feature","geometry":{"type":"Point","coordinates":[44.7677147,41.7307748]},"properties":{"pole_id":140,"labels":["2.1"],"track_ids":[230],"conf":0.885,"n_frames":33,"first_ts":1791370960693492000,"last_ts":1791370961826760000,"image":"20261007T102104Z_c0002_photos/sign_140.jpg","gnss_q":"DGNSS","n_obs":33,"n_views":33,"dmin_m":8.355,"dmed_m":11.881,"err_h_m":null,"tier":"C","method":"legacy","source":"gnss","pos_src":"rt","n_tracks":1,"n_passes":1,"photo_key":"1791370961793445000_921_10_1004_86_v2.jpg","photo_url":"https://drive.google.com/thumbnail?id=1oqWHZetg98u8W7fV9vn4pOlNILQGbj_D&sz=w1200","photo_view":"https://drive.google.com/file/d/1oqWHZetg98u8W7fV9vn4pOlNILQGbj_D/view","label_stats":{"2.1":{"detections":33,"mean_conf":0.722,"max_conf":0.885}},"alt":471.15,"session":"2026-10-07_20261007T102104Z","kind":"sign"}},{"type":"Feature","geometry":{"type":"Point","coordinates":[44.767727,41.7307789]},"properties":{"pole_id":141,"labels":["5.15.2"],"track_ids":[231,232],"conf":0.773,"n_frames":4,"first_ts":1791370961060133000,"last_ts":1791370961760102000,"image":"20261007T102104Z_c0002_photos/sign_141.jpg","gnss_q":"FIX","n_obs":4,"n_views":4,"dmin_m":8.895,"dmed_m":9.682,"err_h_m":null,"tier":"B","method":"legacy","source":"gnss","pos_src":"rt","n_tracks":2,"n_passes":1,"photo_key":"1791370961560120000_1008_135_1111_191_v2.jpg","photo_url":"https://drive.google.com/thumbnail?id=1-T77ThTRqWZ2IRSjhOwMmJtHzavTEjG2&sz=w1200","photo_view":"https://drive.google.com/file/d/1-T77ThTRqWZ2IRSjhOwMmJtHzavTEjG2/view","label_stats":{"5.15.2":{"detections":4,"mean_conf":0.608,"max_conf":0.773}},"alt":470.62,"session":"2026-10-07_20261007T102104Z","kind":"sign"}},{"type":"Feature","geometry":{"type":"Point","coordinates":[44.7677919,41.7309186]},"properties":{"pole_id":142,"labels":["3.1"],"track_ids":[233],"conf":0.944,"n_frames":38,"first_ts":1791370962360061000,"last_ts":1791370963593330000,"image":"20261007T102104Z_c0002_photos/sign_142.jpg","gnss_q":"DGNSS","n_obs":38,"n_views":38,"dmin_m":8.726,"dmed_m":11.485,"err_h_m":null,"tier":"C","method":"legacy","source":"gnss","pos_src":"rt","n_tracks":1,"n_passes":1,"photo_key":"1791370963260005000_1639_438_1712_503_v2.jpg","photo_url":"https://drive.google.com/thumbnail?id=1C2tU4R7cHZV6hbbCOtedlGyJVFpck_JU&sz=w1200","photo_view":"https://drive.google.com/file/d/1C2tU4R7cHZV6hbbCOtedlGyJVFpck_JU/view","label_stats":{"3.1":{"detections":38,"mean_conf":0.91,"max_conf":0.944}},"alt":467.49,"session":"2026-10-07_20261007T102104Z","kind":"sign"}},{"type":"Feature","geometry":{"type":"Point","coordinates":[44.7676796,41.7310427]},"properties":{"pole_id":143,"labels":["4.2.1"],"track_ids":[234],"conf":0.964,"n_frames":37,"first_ts":1791370964759911000,"last_ts":1791370966093185000,"image":"20261007T102104Z_c0002_photos/sign_143.jpg","gnss_q":"FIX","n_obs":37,"n_views":37,"dmin_m":8.036,"dmed_m":10.699,"err_h_m":null,"tier":"B","method":"legacy","source":"gnss","pos_src":"rt","n_tracks":1,"n_passes":1,"photo_key":"1791370965893181000_184_456_276_529_v2.jpg","photo_url":"https://drive.google.com/thumbnail?id=1ax0-PvMO2qiR7YSqAAn8z6Csj1zxDFcy&sz=w1200","photo_view":"https://drive.google.com/file/d/1ax0-PvMO2qiR7YSqAAn8z6Csj1zxDFcy/view","label_stats":{"4.2.1":{"detections":37,"mean_conf":0.935,"max_conf":0.964}},"alt":469.82,"session":"2026-10-07_20261007T102104Z","kind":"sign"}},{"type":"Feature","geometry":{"type":"Point","coordinates":[44.7676647,41.7310345]},"properties":{"pole_id":144,"labels":["3.1"],"track_ids":[235],"conf":0.933,"n_frames":30,"first_ts":1791370964926574000,"last_ts":1791370965893181000,"image":"20261007T102104Z_c0002_photos/sign_144.jpg","gnss_q":"FIX","n_obs":30,"n_views":30,"dmin_m":9.211,"dmed_m":11.079,"err_h_m":null,"tier":"B","method":"legacy","source":"gnss","pos_src":"rt","n_tracks":1,"n_passes":1,"photo_key":"1791370965793206000_78_467_158_535_v2.jpg","photo_url":"https://drive.google.com/thumbnail?id=1xTJ2Lak6YiYwW75JZU-pu3y02U1v9r2J&sz=w1200","photo_view":"https://drive.google.com/file/d/1xTJ2Lak6YiYwW75JZU-pu3y02U1v9r2J/view","label_stats":{"3.1":{"detections":30,"mean_conf":0.909,"max_conf":0.933}},"alt":470.69,"session":"2026-10-07_20261007T102104Z","kind":"sign"}},{"type":"Feature","geometry":{"type":"Point","coordinates":[44.7678864,41.7311918]},"properties":{"pole_id":145,"labels":["5.16"],"track_ids":[236],"conf":0.937,"n_frames":6,"first_ts":1791370967593091000,"last_ts":1791370967759752000,"image":"20261007T102104Z_c0002_photos/sign_145.jpg","gnss_q":"FIX","n_obs":6,"n_views":6,"dmin_m":13.821,"dmed_m":14.327,"err_h_m":null,"tier":"B","method":"legacy","source":"gnss","pos_src":"rt","n_tracks":1,"n_passes":1,"photo_key":"1791370967593091000_1718_433_1776_508_v2.jpg","photo_url":"https://drive.google.com/thumbnail?id=145_xozgO7otr34rIrh3AlfGXesDzdk0m&sz=w1200","photo_view":"https://drive.google.com/file/d/145_xozgO7otr34rIrh3AlfGXesDzdk0m/view","label_stats":{"5.16":{"detections":6,"mean_conf":0.932,"max_conf":0.937}},"alt":468.93,"session":"2026-10-07_20261007T102104Z","kind":"sign"}},{"type":"Feature","geometry":{"type":"Point","coordinates":[44.7678873,41.7315492]},"properties":{"pole_id":146,"labels":["5.5"],"track_ids":[237,238],"conf":0.558,"n_frames":3,"first_ts":1791370974659322000,"last_ts":1791370975459264000,"image":"20261007T102104Z_c0002_photos/sign_146.jpg","gnss_q":"FIX","n_obs":3,"n_views":3,"dmin_m":6.764,"dmed_m":10.447,"err_h_m":null,"tier":"B","method":"legacy","source":"gnss","pos_src":"rt","n_tracks":2,"n_passes":1,"photo_key":"1791370974692665000_1376_452_1462_507_v2.jpg","photo_url":"https://drive.google.com/thumbnail?id=1Jue3E03EWTedsFZdbYue-v0bo1uTDVPS&sz=w1200","photo_view":"https://drive.google.com/file/d/1Jue3E03EWTedsFZdbYue-v0bo1uTDVPS/view","label_stats":{"5.5":{"detections":3,"mean_conf":0.503,"max_conf":0.558}},"alt":467.21,"session":"2026-10-07_20261007T102104Z","kind":"sign"}},{"type":"Feature","geometry":{"type":"Point","coordinates":[44.7679452,41.7316622]},"properties":{"pole_id":147,"labels":["2.1"],"track_ids":[239],"conf":0.672,"n_frames":5,"first_ts":1791370976760460000,"last_ts":1791370976893973000,"image":"20261007T102104Z_c0002_photos/sign_147.jpg","gnss_q":"FIX","n_obs":5,"n_views":5,"dmin_m":12.657,"dmed_m":13.357,"err_h_m":null,"tier":"B","method":"legacy","source":"gnss","pos_src":"rt","n_tracks":1,"n_passes":1,"photo_key":"1791370976893973000_1003_527_1028_552_v2.jpg","photo_url":"https://drive.google.com/thumbnail?id=12X9Y7z2mETgUIYdTSObhr4eSYKAccDRO&sz=w1200","photo_view":"https://drive.google.com/file/d/12X9Y7z2mETgUIYdTSObhr4eSYKAccDRO/view","label_stats":{"2.1":{"detections":5,"mean_conf":0.578,"max_conf":0.672}},"alt":471.85,"session":"2026-10-07_20261007T102104Z","kind":"sign"}},{"type":"Feature","geometry":{"type":"Point","coordinates":[44.7680391,41.7317422]},"properties":{"pole_id":148,"labels":["2.1"],"track_ids":[240],"conf":0.95,"n_frames":54,"first_ts":1791370977995549000,"last_ts":1791370979964965000,"image":"20261007T102104Z_c0002_photos/sign_148.jpg","gnss_q":"FIX","n_obs":54,"n_views":54,"dmin_m":5.596,"dmed_m":10.174,"err_h_m":null,"tier":"A","method":"legacy","source":"gnss","pos_src":"rt","n_tracks":1,"n_passes":1,"photo_key":"1791370979731304000_1231_135_1348_244_v2.jpg","photo_url":"https://drive.google.com/thumbnail?id=1n07hBtdpoYZLWIK34LHOherfKMUnrWX6&sz=w1200","photo_view":"https://drive.google.com/file/d/1n07hBtdpoYZLWIK34LHOherfKMUnrWX6/view","label_stats":{"2.1":{"detections":54,"mean_conf":0.907,"max_conf":0.95}},"alt":466.99,"session":"2026-10-07_20261007T102104Z","kind":"sign"}},{"type":"Feature","geometry":{"type":"Point","coordinates":[44.7683044,41.732144]},"properties":{"pole_id":149,"labels":["3.24_30"],"track_ids":[241],"conf":0.955,"n_frames":70,"first_ts":1791370987274829000,"last_ts":1791370989377570000,"image":"20261007T102104Z_c0002_photos/sign_149.jpg","gnss_q":"FIX","n_obs":70,"n_views":62,"dmin_m":5.836,"dmed_m":9.996,"err_h_m":null,"tier":"A","method":"legacy","source":"gnss","pos_src":"rt","n_tracks":1,"n_passes":1,"photo_key":"1791370989244069000_1681_226_1810_337_v2.jpg","photo_url":"https://drive.google.com/thumbnail?id=1x6fvwEplvcakQ-M-vrRusPbyJufH5Xmj&sz=w1200","photo_view":"https://drive.google.com/file/d/1x6fvwEplvcakQ-M-vrRusPbyJufH5Xmj/view","label_stats":{"3.24_30":{"detections":61,"mean_conf":0.899,"max_conf":0.955}},"alt":464.93,"session":"2026-10-07_20261007T102104Z","kind":"sign"}},{"type":"Feature","geometry":{"type":"Point","coordinates":[44.7683146,41.7321427]},"properties":{"pole_id":150,"labels":["1.24"],"track_ids":[242],"conf":0.953,"n_frames":61,"first_ts":1791370987508470000,"last_ts":1791370989410958000,"image":"20261007T102104Z_c0002_photos/sign_150.jpg","gnss_q":"FIX","n_obs":61,"n_views":58,"dmin_m":6.625,"dmed_m":10.064,"err_h_m":null,"tier":"A","method":"legacy","source":"gnss","pos_src":"rt","n_tracks":1,"n_passes":1,"photo_key":"1791370989010432000_1518_235_1622_317_v2.jpg","photo_url":"https://drive.google.com/thumbnail?id=1Z87zL5mIQ9InJGu4SFVemuM1sNu5ySfX&sz=w1200","photo_view":"https://drive.google.com/file/d/1Z87zL5mIQ9InJGu4SFVemuM1sNu5ySfX/view","label_stats":{"1.24":{"detections":59,"mean_conf":0.842,"max_conf":0.953}},"alt":465.19,"session":"2026-10-07_20261007T102104Z","kind":"sign"}},{"type":"Feature","geometry":{"type":"Point","coordinates":[44.7683278,41.7321761]},"properties":{"pole_id":151,"labels":["7.4"],"track_ids":[243],"conf":0.954,"n_frames":67,"first_ts":1791370988142648000,"last_ts":1791370990345506000,"image":"20261007T102104Z_c0002_photos/sign_151.jpg","gnss_q":"FIX","n_obs":67,"n_views":67,"dmin_m":6.03,"dmed_m":9.671,"err_h_m":null,"tier":"A","method":"legacy","source":"gnss","pos_src":"rt","n_tracks":1,"n_passes":1,"photo_key":"1791370990278732000_1706_103_1859_233_v2.jpg","photo_url":"https://drive.google.com/thumbnail?id=1QBOHzgvJ07Hh3CPQKTZtW1j7fDXaGq1g&sz=w1200","photo_view":"https://drive.google.com/file/d/1QBOHzgvJ07Hh3CPQKTZtW1j7fDXaGq1g/view","label_stats":{"7.4":{"detections":67,"mean_conf":0.912,"max_conf":0.954}},"alt":465.3,"session":"2026-10-07_20261007T102104Z","kind":"sign"}},{"type":"Feature","geometry":{"type":"Point","coordinates":[44.7683229,41.7321787]},"properties":{"pole_id":152,"labels":["Manqanis_gadayvana"],"track_ids":[244],"conf":0.704,"n_frames":3,"first_ts":1791370989310819000,"last_ts":1791370989944982000,"image":"20261007T102104Z_c0002_photos/sign_152.jpg","gnss_q":"FIX","n_obs":3,"n_views":3,"dmin_m":7.102,"dmed_m":8.584,"err_h_m":null,"tier":"B","method":"legacy","source":"gnss","pos_src":"rt","n_tracks":1,"n_passes":1,"photo_key":"1791370989577847000_1375_463_1444_486_v2.jpg","photo_url":"https://drive.google.com/thumbnail?id=1wSlP7BNw7BpBgmQYhYf3NehO9htlxK2E&sz=w1200","photo_view":"https://drive.google.com/file/d/1wSlP7BNw7BpBgmQYhYf3NehO9htlxK2E/view","label_stats":{"Manqanis_gadayvana":{"detections":3,"mean_conf":0.647,"max_conf":0.704}},"alt":466.4,"session":"2026-10-07_20261007T102104Z","kind":"sign"}},{"type":"Feature","geometry":{"type":"Point","coordinates":[44.768417,41.7323037]},"properties":{"pole_id":153,"labels":["7.20.2"],"track_ids":[245],"conf":0.941,"n_frames":63,"first_ts":1791370991613794000,"last_ts":1791370993716449000,"image":"20261007T102104Z_c0002_photos/sign_153.jpg","gnss_q":"DGNSS","n_obs":63,"n_views":63,"dmin_m":6.608,"dmed_m":11.006,"err_h_m":null,"tier":"C","method":"legacy","source":"gnss","pos_src":"rt","n_tracks":1,"n_passes":1,"photo_key":"1791370993482819000_1616_226_1729_322_v2.jpg","photo_url":"https://drive.google.com/thumbnail?id=1hx87v1I3IhSzM0NF8b7MzxyTmvZTTa-m&sz=w1200","photo_view":"https://drive.google.com/file/d/1hx87v1I3IhSzM0NF8b7MzxyTmvZTTa-m/view","label_stats":{"7.20.2":{"detections":63,"mean_conf":0.805,"max_conf":0.941}},"alt":465.09,"session":"2026-10-07_20261007T102104Z","kind":"sign"}},{"type":"Feature","geometry":{"type":"Point","coordinates":[44.7684312,41.7323124]},"properties":{"pole_id":154,"labels":["2.1"],"track_ids":[247],"conf":0.93,"n_frames":65,"first_ts":1791370993215828000,"last_ts":1791370995351817000,"image":"20261007T102104Z_c0002_photos/sign_154.jpg","gnss_q":"BRIDGE","n_obs":65,"n_views":65,"dmin_m":6.961,"dmed_m":11.665,"err_h_m":null,"tier":"C","method":"legacy","source":"gnss","pos_src":"bridged","n_tracks":1,"n_passes":1,"photo_key":"1791370995084833000_1534_155_1641_262_v2.jpg","photo_url":"https://drive.google.com/thumbnail?id=1YXN-S_fkzXVHGdc7VXAJ105KdFRi_Aa9&sz=w1200","photo_view":"https://drive.google.com/file/d/1YXN-S_fkzXVHGdc7VXAJ105KdFRi_Aa9/view","label_stats":{"2.1":{"detections":61,"mean_conf":0.907,"max_conf":0.93}},"alt":487.48,"session":"2026-10-07_20261007T102104Z","kind":"sign"}},{"type":"Feature","geometry":{"type":"Point","coordinates":[44.7684099,41.7323086]},"properties":{"pole_id":155,"labels":["Manqanis_gadayvana"],"track_ids":[248],"conf":0.619,"n_frames":3,"first_ts":1791370993215828000,"last_ts":1791370993282577000,"image":"20261007T102104Z_c0002_photos/sign_155.jpg","gnss_q":"DGNSS","n_obs":3,"n_views":3,"dmin_m":8.018,"dmed_m":8.106,"err_h_m":null,"tier":"C","method":"legacy","source":"gnss","pos_src":"rt","n_tracks":1,"n_passes":1,"photo_key":"1791370993282577000_1507_413_1584_447_v2.jpg","photo_url":"https://drive.google.com/thumbnail?id=1kH6JE7HAtoU3RQNLUjQcRKaMzad6bOel&sz=w1200","photo_view":"https://drive.google.com/file/d/1kH6JE7HAtoU3RQNLUjQcRKaMzad6bOel/view","label_stats":{"Manqanis_gadayvana":{"detections":3,"mean_conf":0.539,"max_conf":0.619}},"alt":465.37,"session":"2026-10-07_20261007T102104Z","kind":"sign"}},{"type":"Feature","geometry":{"type":"Point","coordinates":[44.7684252,41.7323172]},"properties":{"pole_id":156,"labels":["4.1.4"],"track_ids":[249],"conf":0.924,"n_frames":61,"first_ts":1791370993382683000,"last_ts":1791370995385202000,"image":"20261007T102104Z_c0002_photos/sign_156.jpg","gnss_q":"BRIDGE","n_obs":61,"n_views":61,"dmin_m":6.418,"dmed_m":10.222,"err_h_m":null,"tier":"C","method":"legacy","source":"gnss","pos_src":"bridged","n_tracks":1,"n_passes":1,"photo_key":"1791370994984696000_1507_296_1585_372_v2.jpg","photo_url":"https://drive.google.com/thumbnail?id=1VwHbFWWT2qfwvo-ZmCp_3mHdsjNXXr6p&sz=w1200","photo_view":"https://drive.google.com/file/d/1VwHbFWWT2qfwvo-ZmCp_3mHdsjNXXr6p/view","label_stats":{"4.1.4":{"detections":61,"mean_conf":0.887,"max_conf":0.924}},"alt":487.11,"session":"2026-10-07_20261007T102104Z","kind":"sign"}},{"type":"Feature","geometry":{"type":"Point","coordinates":[44.7684765,41.7323903]},"properties":{"pole_id":157,"labels":["7.4"],"track_ids":[250],"conf":0.947,"n_frames":52,"first_ts":1791370995585442000,"last_ts":1791370997354298000,"image":"20261007T102104Z_c0002_photos/sign_157.jpg","gnss_q":"BRIDGE","n_obs":52,"n_views":52,"dmin_m":5.964,"dmed_m":10.227,"err_h_m":null,"tier":"C","method":"legacy","source":"gnss","pos_src":"bridged","n_tracks":1,"n_passes":1,"photo_key":"1791370997120673000_1556_207_1650_297_v2.jpg","photo_url":"https://drive.google.com/thumbnail?id=1hCcfFiehNp0P6CKxg3-sUSGDISabM4c5&sz=w1200","photo_view":"https://drive.google.com/file/d/1hCcfFiehNp0P6CKxg3-sUSGDISabM4c5/view","label_stats":{"7.4":{"detections":52,"mean_conf":0.919,"max_conf":0.947}},"alt":491.12,"session":"2026-10-07_20261007T102104Z","kind":"sign"}},{"type":"Feature","geometry":{"type":"Point","coordinates":[44.7686388,41.7326005]},"properties":{"pole_id":158,"labels":["3.27"],"track_ids":[251],"conf":0.874,"n_frames":6,"first_ts":1791371000157693000,"last_ts":1791371000458053000,"image":"20261007T102104Z_c0002_photos/sign_158.jpg","gnss_q":"FLOAT","n_obs":6,"n_views":6,"dmin_m":7.801,"dmed_m":9.172,"err_h_m":null,"tier":"C","method":"legacy","source":"gnss","pos_src":"rt","n_tracks":1,"n_passes":1,"photo_key":"1791371000424670000_1538_370_1583_447_v2.jpg","photo_url":"https://drive.google.com/thumbnail?id=1fH2Tqaz-_U88GsJwRyTJHzDJ-c9w44--&sz=w1200","photo_view":"https://drive.google.com/file/d/1fH2Tqaz-_U88GsJwRyTJHzDJ-c9w44--/view","label_stats":{"3.27":{"detections":6,"mean_conf":0.632,"max_conf":0.874}},"alt":464.83,"session":"2026-10-07_20261007T102104Z","kind":"sign"}},{"type":"Feature","geometry":{"type":"Point","coordinates":[44.7686373,41.7326023]},"properties":{"pole_id":159,"labels":["3.27"],"track_ids":[252],"conf":0.83,"n_frames":14,"first_ts":1791371000257823000,"last_ts":1791371000758417000,"image":"20261007T102104Z_c0002_photos/sign_159.jpg","gnss_q":"FLOAT","n_obs":14,"n_views":14,"dmin_m":6.231,"dmed_m":7.793,"err_h_m":null,"tier":"C","method":"legacy","source":"gnss","pos_src":"rt","n_tracks":1,"n_passes":1,"photo_key":"1791371000591543000_1663_299_1735_398_v2.jpg","photo_url":"https://drive.google.com/thumbnail?id=1Qf8ACGjz7h_vOxa9FGcaBr_3tjzEZBgo&sz=w1200","photo_view":"https://drive.google.com/file/d/1Qf8ACGjz7h_vOxa9FGcaBr_3tjzEZBgo/view","label_stats":{"3.27":{"detections":12,"mean_conf":0.709,"max_conf":0.874}},"alt":463.78,"session":"2026-10-07_20261007T102104Z","kind":"sign"}},{"type":"Feature","geometry":{"type":"Point","coordinates":[44.7687067,41.7326952]},"properties":{"pole_id":160,"labels":["7.4"],"track_ids":[253],"conf":0.958,"n_frames":47,"first_ts":1791371001092158000,"last_ts":1791371002627288000,"image":"20261007T102104Z_c0002_photos/sign_160.jpg","gnss_q":"FLOAT","n_obs":47,"n_views":47,"dmin_m":6.788,"dmed_m":10.86,"err_h_m":null,"tier":"C","method":"legacy","source":"gnss","pos_src":"rt","n_tracks":1,"n_passes":1,"photo_key":"1791371002593930000_1753_157_1893_271_v2.jpg","photo_url":"https://drive.google.com/thumbnail?id=15phCN9l6MskpG8zEGgUxKZuqXx_fFx5e&sz=w1200","photo_view":"https://drive.google.com/file/d/15phCN9l6MskpG8zEGgUxKZuqXx_fFx5e/view","label_stats":{"7.4":{"detections":49,"mean_conf":0.915,"max_conf":0.958}},"alt":464.71,"session":"2026-10-07_20261007T102104Z","kind":"sign"}},{"type":"Feature","geometry":{"type":"Point","coordinates":[44.7687741,41.7328112]},"properties":{"pole_id":161,"labels":["3.24_30"],"track_ids":[256],"conf":0.965,"n_frames":49,"first_ts":1791371003227993000,"last_ts":1791371004663002000,"image":"20261007T102104Z_c0002_photos/sign_161.jpg","gnss_q":"DGNSS","n_obs":49,"n_views":42,"dmin_m":6.705,"dmed_m":11.348,"err_h_m":null,"tier":"C","method":"legacy","source":"gnss","pos_src":"rt","n_tracks":1,"n_passes":1,"photo_key":"1791371004629644000_1751_152_1883_260_v2.jpg","photo_url":"https://drive.google.com/thumbnail?id=1GoMP0Napaf_AewzdU3hmJfyv5xIPlhyC&sz=w1200","photo_view":"https://drive.google.com/file/d/1GoMP0Napaf_AewzdU3hmJfyv5xIPlhyC/view","label_stats":{"3.24_30":{"detections":43,"mean_conf":0.853,"max_conf":0.965}},"alt":464.32,"session":"2026-10-07_20261007T102104Z","kind":"sign"}},{"type":"Feature","geometry":{"type":"Point","coordinates":[44.7687702,41.7328159]},"properties":{"pole_id":162,"labels":["1.24"],"track_ids":[257],"conf":0.973,"n_frames":49,"first_ts":1791371003361508000,"last_ts":1791371004729742000,"image":"20261007T102104Z_c0002_photos/sign_162.jpg","gnss_q":"DGNSS","n_obs":49,"n_views":42,"dmin_m":6.336,"dmed_m":10.54,"err_h_m":null,"tier":"C","method":"legacy","source":"gnss","pos_src":"rt","n_tracks":1,"n_passes":1,"photo_key":"1791371004362653000_1508_383_1606_462_v2.jpg","photo_url":"https://drive.google.com/thumbnail?id=1BOTyGHt3GkmVud2JzzhL3eOkGU0NrriX&sz=w1200","photo_view":"https://drive.google.com/file/d/1BOTyGHt3GkmVud2JzzhL3eOkGU0NrriX/view","label_stats":{"1.24":{"detections":33,"mean_conf":0.871,"max_conf":0.973}},"alt":463.83,"session":"2026-10-07_20261007T102104Z","kind":"sign"}},{"type":"Feature","geometry":{"type":"Point","coordinates":[44.7687661,41.7328226]},"properties":{"pole_id":163,"labels":["3.24_40"],"track_ids":[258],"conf":0.909,"n_frames":16,"first_ts":1791371003828696000,"last_ts":1791371004696385000,"image":"20261007T102104Z_c0002_photos/sign_163.jpg","gnss_q":"DGNSS","n_obs":16,"n_views":15,"dmin_m":6.189,"dmed_m":8.013,"err_h_m":null,"tier":"C","method":"legacy","source":"gnss","pos_src":"rt","n_tracks":1,"n_passes":1,"photo_key":"1791371004529519000_1628_451_1678_498_v2.jpg","photo_url":"https://drive.google.com/thumbnail?id=16FEFz_p3-0be5ZkTmTe2Vok5A9qYLJnX&sz=w1200","photo_view":"https://drive.google.com/file/d/16FEFz_p3-0be5ZkTmTe2Vok5A9qYLJnX/view","label_stats":{"3.24_40":{"detections":18,"mean_conf":0.703,"max_conf":0.914}},"alt":463.25,"session":"2026-10-07_20261007T102104Z","kind":"sign"}},{"type":"Feature","geometry":{"type":"Point","coordinates":[44.7687673,41.7328215]},"properties":{"pole_id":164,"labels":["3.24_40"],"track_ids":[259],"conf":0.914,"n_frames":9,"first_ts":1791371004195814000,"last_ts":1791371004829869000,"image":"20261007T102104Z_c0002_photos/sign_164.jpg","gnss_q":"FLOAT","n_obs":9,"n_views":9,"dmin_m":7.182,"dmed_m":7.872,"err_h_m":null,"tier":"C","method":"legacy","source":"gnss","pos_src":"rt","n_tracks":1,"n_passes":1,"photo_key":"1791371004496163000_1598_460_1645_503_v2.jpg","photo_url":"https://drive.google.com/thumbnail?id=1Glvpf7s8pdLwwjgDsTImblKdTiMSB7_b&sz=w1200","photo_view":"https://drive.google.com/file/d/1Glvpf7s8pdLwwjgDsTImblKdTiMSB7_b/view","label_stats":{"3.24_40":{"detections":12,"mean_conf":0.746,"max_conf":0.914}},"alt":464.05,"session":"2026-10-07_20261007T102104Z","kind":"sign"}},{"type":"Feature","geometry":{"type":"Point","coordinates":[44.7689888,41.7331491]},"properties":{"pole_id":165,"labels":["5.19.1"],"track_ids":[261],"conf":0.934,"n_frames":40,"first_ts":1791371009735459000,"last_ts":1791371011070298000,"image":"20261007T102104Z_c0002_photos/sign_165.jpg","gnss_q":"DGNSS","n_obs":40,"n_views":40,"dmin_m":6.571,"dmed_m":10.396,"err_h_m":null,"tier":"C","method":"legacy","source":"gnss","pos_src":"rt","n_tracks":1,"n_passes":1,"photo_key":"1791371011036918000_1745_252_1880_364_v2.jpg","photo_url":"https://drive.google.com/thumbnail?id=1Hyts2bZRoEBiVSgmCZ3bDhBizNNbRK8H&sz=w1200","photo_view":"https://drive.google.com/file/d/1Hyts2bZRoEBiVSgmCZ3bDhBizNNbRK8H/view","label_stats":{"5.19.1":{"detections":40,"mean_conf":0.92,"max_conf":0.934}},"alt":464.44,"session":"2026-10-07_20261007T102104Z","kind":"sign"}},{"type":"Feature","geometry":{"type":"Point","coordinates":[44.7690807,41.7332746]},"properties":{"pole_id":166,"labels":["8.3.1"],"track_ids":[262,264],"conf":0.938,"n_frames":54,"first_ts":1791371011470724000,"last_ts":1791371013172610000,"image":"20261007T102104Z_c0002_photos/sign_166.jpg","gnss_q":"DGNSS","n_obs":54,"n_views":52,"dmin_m":5.95,"dmed_m":10.752,"err_h_m":null,"tier":"C","method":"legacy","source":"gnss","pos_src":"rt","n_tracks":2,"n_passes":1,"photo_key":"1791371012905637000_1566_371_1650_421_v2.jpg","photo_url":"https://drive.google.com/thumbnail?id=1e_gwOLUMN6QBxbJAkoOMd4-MN41z9fGo&sz=w1200","photo_view":"https://drive.google.com/file/d/1e_gwOLUMN6QBxbJAkoOMd4-MN41z9fGo/view","label_stats":{"8.3.1":{"detections":54,"mean_conf":0.877,"max_conf":0.938}},"alt":463.61,"session":"2026-10-07_20261007T102104Z","kind":"sign"}},{"type":"Feature","geometry":{"type":"Point","coordinates":[44.7690853,41.733272]},"properties":{"pole_id":167,"labels":["3.4"],"track_ids":[263],"conf":0.939,"n_frames":38,"first_ts":1791371011904557000,"last_ts":1791371013139228000,"image":"20261007T102104Z_c0002_photos/sign_167.jpg","gnss_q":"DGNSS","n_obs":38,"n_views":38,"dmin_m":6.319,"dmed_m":10.025,"err_h_m":null,"tier":"C","method":"legacy","source":"gnss","pos_src":"rt","n_tracks":1,"n_passes":1,"photo_key":"1791371012972401000_1619_254_1727_348_v2.jpg","photo_url":"https://drive.google.com/thumbnail?id=1j3bI8ZoYcMW32i-sOKQlL-Hf3MVN88Hm&sz=w1200","photo_view":"https://drive.google.com/file/d/1j3bI8ZoYcMW32i-sOKQlL-Hf3MVN88Hm/view","label_stats":{"3.4":{"detections":38,"mean_conf":0.907,"max_conf":0.939}},"alt":463.77,"session":"2026-10-07_20261007T102104Z","kind":"sign"}},{"type":"Feature","geometry":{"type":"Point","coordinates":[44.7691255,41.7333601]},"properties":{"pole_id":168,"labels":["3.24_30"],"track_ids":[265],"conf":0.963,"n_frames":66,"first_ts":1791371013005754000,"last_ts":1791371014640859000,"image":"20261007T102104Z_c0002_photos/sign_168.jpg","gnss_q":"FLOAT","n_obs":66,"n_views":49,"dmin_m":6.249,"dmed_m":11.123,"err_h_m":null,"tier":"C","method":"legacy","source":"gnss","pos_src":"rt","n_tracks":1,"n_passes":1,"photo_key":"1791371014507388000_1647_294_1771_391_v2.jpg","photo_url":"https://drive.google.com/thumbnail?id=1QMUzToioGgrGk59R2lH9MvyR0NpZFUuv&sz=w1200","photo_view":"https://drive.google.com/file/d/1QMUzToioGgrGk59R2lH9MvyR0NpZFUuv/view","label_stats":{"3.24_30":{"detections":32,"mean_conf":0.868,"max_conf":0.963}},"alt":463.72,"session":"2026-10-07_20261007T102104Z","kind":"sign"}},{"type":"Feature","geometry":{"type":"Point","coordinates":[44.7691096,41.7333921]},"properties":{"pole_id":169,"labels":["7.4"],"track_ids":[266,268],"conf":0.705,"n_frames":6,"first_ts":1791371014740977000,"last_ts":1791371015041301000,"image":"20261007T102104Z_c0002_photos/sign_169.jpg","gnss_q":"FLOAT","n_obs":6,"n_views":6,"dmin_m":5.036,"dmed_m":6.228,"err_h_m":null,"tier":"C","method":"legacy","source":"gnss","pos_src":"rt","n_tracks":2,"n_passes":1,"photo_key":"1791371014807712000_1315_581_1338_597_v2.jpg","photo_url":"https://drive.google.com/thumbnail?id=1oQPATR3Qy74XPcwd7i2ZEYeOUF3W5bJ-&sz=w1200","photo_view":"https://drive.google.com/file/d/1oQPATR3Qy74XPcwd7i2ZEYeOUF3W5bJ-/view","label_stats":{"7.4":{"detections":4,"mean_conf":0.516,"max_conf":0.705}},"alt":464.29,"session":"2026-10-07_20261007T102104Z","kind":"sign"}},{"type":"Feature","geometry":{"type":"Point","coordinates":[44.7690977,41.7334075]},"properties":{"pole_id":170,"labels":["3.28"],"track_ids":[269,270,271],"conf":0.711,"n_frames":4,"first_ts":1791371015141418000,"last_ts":1791371015308270000,"image":"20261007T102104Z_c0002_photos/sign_170.jpg","gnss_q":"FLOAT","n_obs":4,"n_views":4,"dmin_m":3.602,"dmed_m":4.251,"err_h_m":null,"tier":"C","method":"legacy","source":"gnss","pos_src":"rt","n_tracks":3,"n_passes":1,"photo_key":"1791371015141418000_1557_533_1592_558_v2.jpg","photo_url":"https://drive.google.com/thumbnail?id=1edW2H_OAFzXf_Tzdd1fAtBjewFyFbwwY&sz=w1200","photo_view":"https://drive.google.com/file/d/1edW2H_OAFzXf_Tzdd1fAtBjewFyFbwwY/view","label_stats":{"3.28":{"detections":4,"mean_conf":0.535,"max_conf":0.711}},"alt":463.55,"session":"2026-10-07_20261007T102104Z","kind":"sign"}},{"type":"Feature","geometry":{"type":"Point","coordinates":[44.7691879,41.7335241]},"properties":{"pole_id":171,"labels":["7.6"],"track_ids":[272],"conf":0.812,"n_frames":11,"first_ts":1791371016743141000,"last_ts":1791371017410513000,"image":"20261007T102104Z_c0002_photos/sign_171.jpg","gnss_q":"FIX","n_obs":11,"n_views":10,"dmin_m":6.628,"dmed_m":8.775,"err_h_m":null,"tier":"A","method":"legacy","source":"gnss","pos_src":"rt","n_tracks":1,"n_passes":1,"photo_key":"1791371017377133000_1320_396_1388_458_v2.jpg","photo_url":"https://drive.google.com/thumbnail?id=1NLJiiaXSJWQAP7SGkdkPmaOUkByBzSdw&sz=w1200","photo_view":"https://drive.google.com/file/d/1NLJiiaXSJWQAP7SGkdkPmaOUkByBzSdw/view","label_stats":{"7.6":{"detections":7,"mean_conf":0.608,"max_conf":0.812}},"alt":466.1,"session":"2026-10-07_20261007T102104Z","kind":"sign"}},{"type":"Feature","geometry":{"type":"Point","coordinates":[44.7692231,41.7335446]},"properties":{"pole_id":172,"labels":["7.4"],"track_ids":[273],"conf":0.948,"n_frames":26,"first_ts":1791371017043460000,"last_ts":1791371018177998000,"image":"20261007T102104Z_c0002_photos/sign_172.jpg","gnss_q":"DGNSS","n_obs":26,"n_views":26,"dmin_m":6.217,"dmed_m":7.993,"err_h_m":null,"tier":"C","method":"legacy","source":"gnss","pos_src":"rt","n_tracks":1,"n_passes":1,"photo_key":"1791371017911036000_1523_211_1638_314_v2.jpg","photo_url":"https://drive.google.com/thumbnail?id=1LWZnm6jfWzN7LorXV7fblHME6KEJ1FGp&sz=w1200","photo_view":"https://drive.google.com/file/d/1LWZnm6jfWzN7LorXV7fblHME6KEJ1FGp/view","label_stats":{"7.4":{"detections":25,"mean_conf":0.892,"max_conf":0.948}},"alt":464.55,"session":"2026-10-07_20261007T102104Z","kind":"sign"}},{"type":"Feature","geometry":{"type":"Point","coordinates":[44.7694434,41.7339159]},"properties":{"pole_id":173,"labels":["2.1"],"track_ids":[274],"conf":0.946,"n_frames":79,"first_ts":1791371026486522000,"last_ts":1791371029155806000,"image":"20261007T102104Z_c0002_photos/sign_173.jpg","gnss_q":"BRIDGE","n_obs":79,"n_views":79,"dmin_m":6.802,"dmed_m":10.915,"err_h_m":null,"tier":"C","method":"legacy","source":"gnss","pos_src":"bridged","n_tracks":1,"n_passes":1,"photo_key":"1791371029122458000_1754_36_1919_178_v2.jpg","photo_url":"https://drive.google.com/thumbnail?id=1As4RuLa_nOE81h8GRNfl15pZziJYRq75&sz=w1200","photo_view":"https://drive.google.com/file/d/1As4RuLa_nOE81h8GRNfl15pZziJYRq75/view","label_stats":{"2.1":{"detections":78,"mean_conf":0.867,"max_conf":0.946}},"alt":486.46,"session":"2026-10-07_20261007T102104Z","kind":"sign"}},{"type":"Feature","geometry":{"type":"Point","coordinates":[44.7694391,41.7339205]},"properties":{"pole_id":174,"labels":["4.1.4"],"track_ids":[275],"conf":0.951,"n_frames":79,"first_ts":1791371026553251000,"last_ts":1791371029155806000,"image":"20261007T102104Z_c0002_photos/sign_174.jpg","gnss_q":"BRIDGE","n_obs":79,"n_views":79,"dmin_m":6.429,"dmed_m":11.141,"err_h_m":null,"tier":"C","method":"legacy","source":"gnss","pos_src":"bridged","n_tracks":1,"n_passes":1,"photo_key":"1791371028888892000_1604_280_1713_370_v2.jpg","photo_url":"https://drive.google.com/thumbnail?id=1tcoQdTU-HnDWMupwFMLr2JgwUVRdZZrt&sz=w1200","photo_view":"https://drive.google.com/file/d/1tcoQdTU-HnDWMupwFMLr2JgwUVRdZZrt/view","label_stats":{"4.1.4":{"detections":79,"mean_conf":0.919,"max_conf":0.951}},"alt":486.09,"session":"2026-10-07_20261007T102104Z","kind":"sign"}},{"type":"Feature","geometry":{"type":"Point","coordinates":[44.769438,41.7339215]},"properties":{"pole_id":175,"labels":["5.16"],"track_ids":[276],"conf":0.838,"n_frames":32,"first_ts":1791371027053744000,"last_ts":1791371028722055000,"image":"20261007T102104Z_c0002_photos/sign_175.jpg","gnss_q":"BRIDGE","n_obs":32,"n_views":32,"dmin_m":8.168,"dmed_m":12.838,"err_h_m":null,"tier":"C","method":"legacy","source":"gnss","pos_src":"bridged","n_tracks":1,"n_passes":1,"photo_key":"1791371027921280000_1347_517_1387_557_v2.jpg","photo_url":"https://drive.google.com/thumbnail?id=1bXF0OX6c3RvC653drbtfdAuqcC0Kho7b&sz=w1200","photo_view":"https://drive.google.com/file/d/1bXF0OX6c3RvC653drbtfdAuqcC0Kho7b/view","label_stats":{"5.16":{"detections":31,"mean_conf":0.633,"max_conf":0.838}},"alt":490.89,"session":"2026-10-07_20261007T102104Z","kind":"sign"}},{"type":"Feature","geometry":{"type":"Point","coordinates":[44.7694849,41.7340054]},"properties":{"pole_id":176,"labels":["7.20.2"],"track_ids":[277],"conf":0.957,"n_frames":66,"first_ts":1791371029022351000,"last_ts":1791371031191115000,"image":"20261007T102104Z_c0002_photos/sign_176.jpg","gnss_q":"BRIDGE","n_obs":66,"n_views":65,"dmin_m":6.981,"dmed_m":11.496,"err_h_m":null,"tier":"C","method":"legacy","source":"gnss","pos_src":"bridged","n_tracks":1,"n_passes":1,"photo_key":"1791371030190166000_1343_434_1400_486_v2.jpg","photo_url":"https://drive.google.com/thumbnail?id=1Y_OPciq40SO6XP-PmysT2uPEbr9DydSy&sz=w1200","photo_view":"https://drive.google.com/file/d/1Y_OPciq40SO6XP-PmysT2uPEbr9DydSy/view","label_stats":{"7.20.2":{"detections":65,"mean_conf":0.876,"max_conf":0.957}},"alt":486.45,"session":"2026-10-07_20261007T102104Z","kind":"sign"}},{"type":"Feature","geometry":{"type":"Point","coordinates":[44.7694803,41.7340092]},"properties":{"pole_id":177,"labels":["Manqanis_gadayvana"],"track_ids":[278],"conf":0.831,"n_frames":30,"first_ts":1791371029489476000,"last_ts":1791371030824101000,"image":"20261007T102104Z_c0002_photos/sign_177.jpg","gnss_q":"BRIDGE","n_obs":30,"n_views":29,"dmin_m":8.068,"dmed_m":10.979,"err_h_m":null,"tier":"C","method":"legacy","source":"gnss","pos_src":"bridged","n_tracks":1,"n_passes":1,"photo_key":"1791371030090062000_1329_516_1379_541_v2.jpg","photo_url":"https://drive.google.com/thumbnail?id=1MDnqXl-QWm1nRlw64pjqBcFB2oZhb3BK&sz=w1200","photo_view":"https://drive.google.com/file/d/1MDnqXl-QWm1nRlw64pjqBcFB2oZhb3BK/view","label_stats":{"Manqanis_gadayvana":{"detections":29,"mean_conf":0.61,"max_conf":0.831}},"alt":486.38,"session":"2026-10-07_20261007T102104Z","kind":"sign"}},{"type":"Feature","geometry":{"type":"Point","coordinates":[44.7695036,41.7341601]},"properties":{"pole_id":178,"labels":["3.24_40"],"track_ids":[279],"conf":0.916,"n_frames":34,"first_ts":1791371032759308000,"last_ts":1791371034227358000,"image":"20261007T102104Z_c0002_photos/sign_178.jpg","gnss_gap":true,"gnss_q":"BRIDGE","n_obs":34,"n_views":31,"dmin_m":6.361,"dmed_m":11.619,"err_h_m":null,"tier":"C","method":"legacy","source":"gnss","pos_src":"bridged","n_tracks":1,"n_passes":1,"photo_key":"1791371033893720000_1520_510_1565_551_v2.jpg","photo_url":"https://drive.google.com/thumbnail?id=1P_1P7-fl6ZdlGGWZxkYfrcB1g3LuqgFg&sz=w1200","photo_view":"https://drive.google.com/file/d/1P_1P7-fl6ZdlGGWZxkYfrcB1g3LuqgFg/view","label_stats":{"3.24_40":{"detections":28,"mean_conf":0.792,"max_conf":0.916}},"alt":491.6,"session":"2026-10-07_20261007T102104Z","kind":"sign"}},{"type":"Feature","geometry":{"type":"Point","coordinates":[44.7695133,41.7341515]},"properties":{"pole_id":179,"labels":["3.24_30"],"track_ids":[280],"conf":0.97,"n_frames":53,"first_ts":1791371032892763000,"last_ts":1791371034227358000,"image":"20261007T102104Z_c0002_photos/sign_179.jpg","gnss_gap":true,"gnss_q":"BRIDGE","n_obs":53,"n_views":41,"dmin_m":6.682,"dmed_m":11.664,"err_h_m":null,"tier":"C","method":"legacy","source":"gnss","pos_src":"bridged","n_tracks":1,"n_passes":1,"photo_key":"1791371034194006000_1718_132_1861_244_v2.jpg","photo_url":"https://drive.google.com/thumbnail?id=1SqteiEcAPPzOsLBPG2fdYvNNaHBC_3a1&sz=w1200","photo_view":"https://drive.google.com/file/d/1SqteiEcAPPzOsLBPG2fdYvNNaHBC_3a1/view","label_stats":{"3.24_30":{"detections":51,"mean_conf":0.815,"max_conf":0.97}},"alt":492.72,"session":"2026-10-07_20261007T102104Z","kind":"sign"}},{"type":"Feature","geometry":{"type":"Point","coordinates":[44.7695075,41.7341587]},"properties":{"pole_id":180,"labels":["3.24_30"],"track_ids":[281],"conf":0.796,"n_frames":27,"first_ts":1791371033126320000,"last_ts":1791371033993797000,"image":"20261007T102104Z_c0002_photos/sign_180.jpg","gnss_gap":true,"gnss_q":"BRIDGE","n_obs":27,"n_views":25,"dmin_m":7.599,"dmed_m":9.774,"err_h_m":null,"tier":"C","method":"legacy","source":"gnss","pos_src":"bridged","n_tracks":1,"n_passes":1,"photo_key":"1791371033493332000_1354_574_1384_599_v2.jpg","photo_url":"https://drive.google.com/thumbnail?id=1NN2DEX5q2OLfCTb_HYa9-IJQLLrgUaA1&sz=w1200","photo_view":"https://drive.google.com/file/d/1NN2DEX5q2OLfCTb_HYa9-IJQLLrgUaA1/view","label_stats":{"3.24_30":{"detections":40,"mean_conf":0.799,"max_conf":0.966}},"alt":492.77,"session":"2026-10-07_20261007T102104Z","kind":"sign"}},{"type":"Feature","geometry":{"type":"Point","coordinates":[44.7695065,41.7341578]},"properties":{"pole_id":181,"labels":["1.26"],"track_ids":[282],"conf":0.853,"n_frames":15,"first_ts":1791371033593436000,"last_ts":1791371034227358000,"image":"20261007T102104Z_c0002_photos/sign_181.jpg","gnss_gap":true,"gnss_q":"BRIDGE","n_obs":15,"n_views":15,"dmin_m":6.425,"dmed_m":8.562,"err_h_m":null,"tier":"C","method":"legacy","source":"gnss","pos_src":"bridged","n_tracks":1,"n_passes":1,"photo_key":"1791371034027175000_1605_419_1684_476_v2.jpg","photo_url":"https://drive.google.com/thumbnail?id=1yKr2n6VuBruRmYT5EzCNe_bI5mH1aeES&sz=w1200","photo_view":"https://drive.google.com/file/d/1yKr2n6VuBruRmYT5EzCNe_bI5mH1aeES/view","label_stats":{"1.26":{"detections":8,"mean_conf":0.71,"max_conf":0.898}},"alt":491.73,"session":"2026-10-07_20261007T102104Z","kind":"sign"}},{"type":"Feature","geometry":{"type":"Point","coordinates":[44.7695412,41.7341971]},"properties":{"pole_id":182,"labels":["5.16"],"track_ids":[283],"conf":0.946,"n_frames":39,"first_ts":1791371033927071000,"last_ts":1791371035295029000,"image":"20261007T102104Z_c0002_photos/sign_182.jpg","gnss_gap":true,"gnss_q":"BRIDGE","n_obs":39,"n_views":39,"dmin_m":6.391,"dmed_m":9.72,"err_h_m":null,"tier":"C","method":"legacy","source":"gnss","pos_src":"bridged","n_tracks":1,"n_passes":1,"photo_key":"1791371034961373000_1472_274_1551_388_v2.jpg","photo_url":"https://drive.google.com/thumbnail?id=1Dngvy2wz-pp5IYBh088EppCpKrHLselR&sz=w1200","photo_view":"https://drive.google.com/file/d/1Dngvy2wz-pp5IYBh088EppCpKrHLselR/view","label_stats":{"5.16":{"detections":39,"mean_conf":0.933,"max_conf":0.946}},"alt":494.51,"session":"2026-10-07_20261007T102104Z","kind":"sign"}},{"type":"Feature","geometry":{"type":"Point","coordinates":[44.769566,41.734296]},"properties":{"pole_id":183,"labels":["2.1"],"track_ids":[284],"conf":0.965,"n_frames":62,"first_ts":1791371035728761000,"last_ts":1791371038097639000,"image":"20261007T102104Z_c0002_photos/sign_183.jpg","gnss_gap":true,"gnss_q":"BRIDGE","n_obs":62,"n_views":62,"dmin_m":5.898,"dmed_m":10.123,"err_h_m":null,"tier":"C","method":"legacy","source":"gnss","pos_src":"bridged","n_tracks":1,"n_passes":1,"photo_key":"1791371037964191000_1569_78_1738_220_v2.jpg","photo_url":"https://drive.google.com/thumbnail?id=1vnHqJCltTHsHxXmKPMDzbBLFpF2xSd8p&sz=w1200","photo_view":"https://drive.google.com/file/d/1vnHqJCltTHsHxXmKPMDzbBLFpF2xSd8p/view","label_stats":{"2.1":{"detections":62,"mean_conf":0.859,"max_conf":0.965}},"alt":498.4,"session":"2026-10-07_20261007T102104Z","kind":"sign"}},{"type":"Feature","geometry":{"type":"Point","coordinates":[44.7696181,41.7345113]},"properties":{"pole_id":184,"labels":["4.1.1"],"track_ids":[285],"conf":0.933,"n_frames":42,"first_ts":1791371040399722000,"last_ts":1791371041901070000,"image":"20261007T102104Z_c0002_photos/sign_184.jpg","gnss_gap":true,"gnss_q":"BRIDGE","n_obs":42,"n_views":42,"dmin_m":7.027,"dmed_m":10.214,"err_h_m":null,"tier":"C","method":"legacy","source":"gnss","pos_src":"bridged","n_tracks":1,"n_passes":1,"photo_key":"1791371041634178000_1539_280_1625_357_v2.jpg","photo_url":"https://drive.google.com/thumbnail?id=1f4t0ER3vx4O6KlohlbH4kGWPjVYr_L5u&sz=w1200","photo_view":"https://drive.google.com/file/d/1f4t0ER3vx4O6KlohlbH4kGWPjVYr_L5u/view","label_stats":{"4.1.1":{"detections":42,"mean_conf":0.914,"max_conf":0.933}},"alt":520.94,"session":"2026-10-07_20261007T102104Z","kind":"sign"}},{"type":"Feature","geometry":{"type":"Point","coordinates":[44.769605,41.7345492]},"properties":{"pole_id":185,"labels":["1.26"],"track_ids":[286],"conf":0.896,"n_frames":25,"first_ts":1791371041634178000,"last_ts":1791371042501607000,"image":"20261007T102104Z_c0002_photos/sign_185.jpg","gnss_gap":true,"gnss_q":"BRIDGE","n_obs":25,"n_views":24,"dmin_m":7.378,"dmed_m":8.629,"err_h_m":null,"tier":"C","method":"legacy","source":"gnss","pos_src":"bridged","n_tracks":1,"n_passes":1,"photo_key":"1791371042201340000_1568_419_1633_477_v2.jpg","photo_url":"https://drive.google.com/thumbnail?id=1Cdxpm_zGXJfNQjr-miF0gZCONWTZgeRi&sz=w1200","photo_view":"https://drive.google.com/file/d/1Cdxpm_zGXJfNQjr-miF0gZCONWTZgeRi/view","label_stats":{"1.26":{"detections":11,"mean_conf":0.747,"max_conf":0.916}},"alt":521.96,"session":"2026-10-07_20261007T102104Z","kind":"sign"}},{"type":"Feature","geometry":{"type":"Point","coordinates":[44.7696051,41.7345501]},"properties":{"pole_id":186,"labels":["1.26"],"track_ids":[287],"conf":0.916,"n_frames":21,"first_ts":1791371041634178000,"last_ts":1791371042568355000,"image":"20261007T102104Z_c0002_photos/sign_186.jpg","gnss_gap":true,"gnss_q":"BRIDGE","n_obs":21,"n_views":21,"dmin_m":6.303,"dmed_m":8.599,"err_h_m":null,"tier":"C","method":"legacy","source":"gnss","pos_src":"bridged","n_tracks":1,"n_passes":1,"photo_key":"1791371042401536000_1786_352_1883_429_v2.jpg","photo_url":"https://drive.google.com/thumbnail?id=1VTV2wWlpee2cxwvRcQ8mGLqHGKwpQlox&sz=w1200","photo_view":"https://drive.google.com/file/d/1VTV2wWlpee2cxwvRcQ8mGLqHGKwpQlox/view","label_stats":{"1.26":{"detections":11,"mean_conf":0.747,"max_conf":0.916}},"alt":521.8,"session":"2026-10-07_20261007T102104Z","kind":"sign"}},{"type":"Feature","geometry":{"type":"Point","coordinates":[44.7696029,41.7346374]},"properties":{"pole_id":187,"labels":["3.27"],"track_ids":[288],"conf":0.92,"n_frames":49,"first_ts":1791371042468259000,"last_ts":1791371044069687000,"image":"20261007T102104Z_c0002_photos/sign_187.jpg","gnss_gap":true,"gnss_q":"BRIDGE","n_obs":49,"n_views":49,"dmin_m":6.489,"dmed_m":10.199,"err_h_m":null,"tier":"C","method":"legacy","source":"gnss","pos_src":"bridged","n_tracks":1,"n_passes":1,"photo_key":"1791371043702699000_1461_385_1522_454_v2.jpg","photo_url":"https://drive.google.com/thumbnail?id=1H_2xbPIDEKnN4DdosPwN0xAlZYzMH05K&sz=w1200","photo_view":"https://drive.google.com/file/d/1H_2xbPIDEKnN4DdosPwN0xAlZYzMH05K/view","label_stats":{"3.27":{"detections":49,"mean_conf":0.855,"max_conf":0.92}},"alt":527.51,"session":"2026-10-07_20261007T102104Z","kind":"sign"}},{"type":"Feature","geometry":{"type":"Point","coordinates":[44.7696002,41.7346415]},"properties":{"pole_id":188,"labels":["Manqanis_gadayvana"],"track_ids":[289],"conf":0.854,"n_frames":23,"first_ts":1791371043068793000,"last_ts":1791371044069687000,"image":"20261007T102104Z_c0002_photos/sign_188.jpg","gnss_gap":true,"gnss_q":"BRIDGE","n_obs":23,"n_views":23,"dmin_m":6.35,"dmed_m":8.533,"err_h_m":null,"tier":"C","method":"legacy","source":"gnss","pos_src":"bridged","n_tracks":1,"n_passes":1,"photo_key":"1791371044002963000_1774_355_1836_406_v2.jpg","photo_url":"https://drive.google.com/thumbnail?id=19xwVku3SZ0ybZ6KnUvpL6IgH8HjfsQG9&sz=w1200","photo_view":"https://drive.google.com/file/d/19xwVku3SZ0ybZ6KnUvpL6IgH8HjfsQG9/view","label_stats":{"Manqanis_gadayvana":{"detections":23,"mean_conf":0.621,"max_conf":0.854}},"alt":526.98,"session":"2026-10-07_20261007T102104Z","kind":"sign"}},{"type":"Feature","geometry":{"type":"Point","coordinates":[44.7695801,41.7346648]},"properties":{"pole_id":189,"labels":["3.24_60"],"track_ids":[291],"conf":0.883,"n_frames":5,"first_ts":1791371044136407000,"last_ts":1791371044269852000,"image":"20261007T102104Z_c0002_photos/sign_189.jpg","gnss_gap":true,"gnss_q":"BRIDGE","n_obs":5,"n_views":5,"dmin_m":6.266,"dmed_m":6.688,"err_h_m":null,"tier":"C","method":"legacy","source":"gnss","pos_src":"bridged","n_tracks":1,"n_passes":1,"photo_key":"1791371044236478000_1667_670_1722_720_v2.jpg","photo_url":"https://drive.google.com/thumbnail?id=18vqxkiu8lp9lDrFLBnGnyDE_8S5Pw6v5&sz=w1200","photo_view":"https://drive.google.com/file/d/18vqxkiu8lp9lDrFLBnGnyDE_8S5Pw6v5/view","label_stats":{"3.24_60":{"detections":5,"mean_conf":0.788,"max_conf":0.883}},"alt":526.93,"session":"2026-10-07_20261007T102104Z","kind":"sign"}},{"type":"Feature","geometry":{"type":"Point","coordinates":[44.7696001,41.7353962]},"properties":{"pole_id":190,"labels":["3.27"],"track_ids":[292,293],"conf":0.957,"n_frames":42,"first_ts":1791371054945597000,"last_ts":1791371056413467000,"image":"20261007T102104Z_c0002_photos/sign_190.jpg","gnss_gap":true,"gnss_q":"BRIDGE","n_obs":42,"n_views":41,"dmin_m":6.322,"dmed_m":10.516,"err_h_m":null,"tier":"C","method":"legacy","source":"gnss","pos_src":"bridged","n_tracks":2,"n_passes":1,"photo_key":"1791371056313377000_1683_278_1816_381_v2.jpg","photo_url":"https://drive.google.com/thumbnail?id=1Bek16d_Y2dcRkToTFhsIt81uTWqBdJ-X&sz=w1200","photo_view":"https://drive.google.com/file/d/1Bek16d_Y2dcRkToTFhsIt81uTWqBdJ-X/view","label_stats":{"3.27":{"detections":42,"mean_conf":0.896,"max_conf":0.957}},"alt":557.22,"session":"2026-10-07_20261007T102104Z","kind":"sign"}},{"type":"Feature","geometry":{"type":"Point","coordinates":[44.7696821,41.7356796]},"properties":{"pole_id":191,"labels":["3.3"],"track_ids":[294],"conf":0.585,"n_frames":4,"first_ts":1791371058615216000,"last_ts":1791371058782022000,"image":"20261007T102104Z_c0002_photos/sign_191.jpg","gnss_gap":true,"gnss_q":"BRIDGE","n_obs":4,"n_views":4,"dmin_m":13.31,"dmed_m":14.484,"err_h_m":null,"tier":"C","method":"legacy","source":"gnss","pos_src":"bridged","n_tracks":1,"n_passes":1,"photo_key":"1791371058615216000_1104_519_1135_549_v2.jpg","photo_url":"https://drive.google.com/thumbnail?id=1-7Gc2N_WG9CHAIjP8aLRPON9lvubd7J3&sz=w1200","photo_view":"https://drive.google.com/file/d/1-7Gc2N_WG9CHAIjP8aLRPON9lvubd7J3/view","label_stats":{"3.3":{"detections":4,"mean_conf":0.528,"max_conf":0.585}},"alt":566.74,"session":"2026-10-07_20261007T102104Z","kind":"sign"}},{"type":"Feature","geometry":{"type":"Point","coordinates":[44.7696849,41.7356962]},"properties":{"pole_id":192,"labels":["3.4"],"track_ids":[296],"conf":0.757,"n_frames":5,"first_ts":1791371059349153000,"last_ts":1791371059782826000,"image":"20261007T102104Z_c0002_photos/sign_192.jpg","gnss_gap":true,"gnss_q":"BRIDGE","n_obs":5,"n_views":5,"dmin_m":5.316,"dmed_m":5.668,"err_h_m":null,"tier":"C","method":"legacy","source":"gnss","pos_src":"bridged","n_tracks":1,"n_passes":1,"photo_key":"1791371059716110000_1606_146_1728_261_v2.jpg","photo_url":"https://drive.google.com/thumbnail?id=1_k7HWFNtDOLC7l1DY85UX2YahXDqVRQQ&sz=w1200","photo_view":"https://drive.google.com/file/d/1_k7HWFNtDOLC7l1DY85UX2YahXDqVRQQ/view","label_stats":{"3.4":{"detections":5,"mean_conf":0.665,"max_conf":0.757}},"alt":564.46,"session":"2026-10-07_20261007T102104Z","kind":"sign"}},{"type":"Feature","geometry":{"type":"Point","coordinates":[44.7697062,41.7359694]},"properties":{"pole_id":193,"labels":["3.27"],"track_ids":[298,299,300,301],"conf":0.847,"n_frames":5,"first_ts":1791371062484944000,"last_ts":1791371062751831000,"image":"20261007T102104Z_c0002_photos/sign_193.jpg","gnss_gap":true,"gnss_q":"BRIDGE","n_obs":5,"n_views":5,"dmin_m":4.195,"dmed_m":5.232,"err_h_m":null,"tier":"C","method":"legacy","source":"gnss","pos_src":"bridged","n_tracks":4,"n_passes":1,"photo_key":"1791371062685115000_1610_505_1668_554_v2.jpg","photo_url":"https://drive.google.com/thumbnail?id=1LaGdXxvbM40S2AYMmP3zzzCtb-YbvhKI&sz=w1200","photo_view":"https://drive.google.com/file/d/1LaGdXxvbM40S2AYMmP3zzzCtb-YbvhKI/view","label_stats":{"3.27":{"detections":5,"mean_conf":0.638,"max_conf":0.847}},"alt":572.65,"session":"2026-10-07_20261007T102104Z","kind":"sign"}},{"type":"Feature","geometry":{"type":"Point","coordinates":[44.7690004,41.7377629]},"properties":{"pole_id":194,"labels":["8.3.2"],"track_ids":[303],"conf":0.623,"n_frames":4,"first_ts":1791371083666986000,"last_ts":1791371084067264000,"image":"20261007T102104Z_c0002_photos/sign_194.jpg","gnss_gap":true,"gnss_q":"BRIDGE","n_obs":4,"n_views":4,"dmin_m":6.593,"dmed_m":9.071,"err_h_m":null,"tier":"C","method":"legacy","source":"gnss","pos_src":"bridged","n_tracks":1,"n_passes":1,"photo_key":"1791371083967188000_1399_199_1443_269_v2.jpg","photo_url":"https://drive.google.com/thumbnail?id=1NkOj6GcMUkj4ynjo1nOYWpwg5_zrMOGD&sz=w1200","photo_view":"https://drive.google.com/file/d/1NkOj6GcMUkj4ynjo1nOYWpwg5_zrMOGD/view","label_stats":{"8.3.2":{"detections":4,"mean_conf":0.525,"max_conf":0.623}},"alt":678.33,"session":"2026-10-07_20261007T102104Z","kind":"sign"}},{"type":"Feature","geometry":{"type":"Point","coordinates":[44.7688791,41.7384049]},"properties":{"pole_id":195,"labels":["5.19.1"],"track_ids":[304],"conf":0.955,"n_frames":39,"first_ts":1791371089837755000,"last_ts":1791371091105233000,"image":"20261007T102104Z_c0002_photos/sign_195.jpg","gnss_gap":true,"gnss_q":"BRIDGE","n_obs":39,"n_views":39,"dmin_m":5.901,"dmed_m":10.476,"err_h_m":null,"tier":"C","method":"legacy","source":"gnss","pos_src":"bridged","n_tracks":1,"n_passes":1,"photo_key":"1791371091071868000_1759_240_1895_362_v2.jpg","photo_url":"https://drive.google.com/thumbnail?id=1y0UthgY81wd883txojsU92QQl9ET26GL&sz=w1200","photo_view":"https://drive.google.com/file/d/1y0UthgY81wd883txojsU92QQl9ET26GL/view","label_stats":{"5.19.1":{"detections":39,"mean_conf":0.926,"max_conf":0.955}},"alt":698.35,"session":"2026-10-07_20261007T102104Z","kind":"sign"}},{"type":"Feature","geometry":{"type":"Point","coordinates":[44.7687108,41.7389571]},"properties":{"pole_id":196,"labels":["5.1"],"track_ids":[305,306],"conf":0.766,"n_frames":8,"first_ts":1791371097475926000,"last_ts":1791371098143002000,"image":"20261007T102104Z_c0002_photos/sign_196.jpg","gnss_gap":true,"gnss_q":"BRIDGE","n_obs":8,"n_views":8,"dmin_m":9.31,"dmed_m":11.861,"err_h_m":null,"tier":"C","method":"legacy","source":"gnss","pos_src":"bridged","n_tracks":2,"n_passes":1,"photo_key":"1791371097942861000_568_125_611_156_v2.jpg","photo_url":"https://drive.google.com/thumbnail?id=1xErZPyjS3TgK_WKbvSabggB2Benoy5xy&sz=w1200","photo_view":"https://drive.google.com/file/d/1xErZPyjS3TgK_WKbvSabggB2Benoy5xy/view","label_stats":{"5.1":{"detections":8,"mean_conf":0.527,"max_conf":0.766}},"alt":719.24,"session":"2026-10-07_20261007T102104Z","kind":"sign"}},{"type":"Feature","geometry":{"type":"Point","coordinates":[44.7686967,41.7392274]},"properties":{"pole_id":197,"labels":["1.26"],"track_ids":[308],"conf":0.941,"n_frames":17,"first_ts":1791371100711233000,"last_ts":1791371101411663000,"image":"20261007T102104Z_c0002_photos/sign_197.jpg","gnss_gap":true,"gnss_q":"BRIDGE","n_obs":17,"n_views":17,"dmin_m":3.29,"dmed_m":5.498,"err_h_m":null,"tier":"C","method":"legacy","source":"gnss","pos_src":"bridged","n_tracks":1,"n_passes":1,"photo_key":"1791371101311594000_1537_451_1649_551_v2.jpg","photo_url":"https://drive.google.com/thumbnail?id=1GyhjN16t47F6U8aBbifvOvu5-i4X19-z&sz=w1200","photo_view":"https://drive.google.com/file/d/1GyhjN16t47F6U8aBbifvOvu5-i4X19-z/view","label_stats":{"1.26":{"detections":15,"mean_conf":0.85,"max_conf":0.941}},"alt":715.38,"session":"2026-10-07_20261007T102104Z","kind":"sign"}},{"type":"Feature","geometry":{"type":"Point","coordinates":[44.7687105,41.7392912]},"properties":{"pole_id":198,"labels":["2.1"],"track_ids":[309],"conf":0.622,"n_frames":3,"first_ts":1791371101445003000,"last_ts":1791371101545070000,"image":"20261007T102104Z_c0002_photos/sign_198.jpg","gnss_gap":true,"gnss_q":"BRIDGE","n_obs":3,"n_views":3,"dmin_m":9.39,"dmed_m":9.787,"err_h_m":null,"tier":"C","method":"legacy","source":"gnss","pos_src":"bridged","n_tracks":1,"n_passes":1,"photo_key":"1791371101445003000_1345_510_1375_541_v2.jpg","photo_url":"https://drive.google.com/thumbnail?id=1gXobYS6k6dWQXHBnehCdFvdKlhHzHnNN&sz=w1200","photo_view":"https://drive.google.com/file/d/1gXobYS6k6dWQXHBnehCdFvdKlhHzHnNN/view","label_stats":{"2.1":{"detections":3,"mean_conf":0.592,"max_conf":0.622}},"alt":717.92,"session":"2026-10-07_20261007T102104Z","kind":"sign"}},{"type":"Feature","geometry":{"type":"Point","coordinates":[44.7686954,41.7393786]},"properties":{"pole_id":199,"labels":["2.1"],"track_ids":[310,311],"conf":0.757,"n_frames":9,"first_ts":1791371102178794000,"last_ts":1791371102645721000,"image":"20261007T102104Z_c0002_photos/sign_199.jpg","gnss_gap":true,"gnss_q":"BRIDGE","n_obs":9,"n_views":9,"dmin_m":7.398,"dmed_m":12.766,"err_h_m":null,"tier":"C","method":"legacy","source":"gnss","pos_src":"bridged","n_tracks":2,"n_passes":1,"photo_key":"1791371102378906000_1409_522_1438_551_v2.jpg","photo_url":"https://drive.google.com/thumbnail?id=16s1VktuLxjWR4vxalmxWLPk1WNP1qja9&sz=w1200","photo_view":"https://drive.google.com/file/d/16s1VktuLxjWR4vxalmxWLPk1WNP1qja9/view","label_stats":{"2.1":{"detections":9,"mean_conf":0.539,"max_conf":0.757}},"alt":719.29,"session":"2026-10-07_20261007T102104Z","kind":"sign"}},{"type":"Feature","geometry":{"type":"Point","coordinates":[44.7686244,41.7396966]},"properties":{"pole_id":200,"labels":["3.2"],"track_ids":[312],"conf":0.497,"n_frames":3,"first_ts":1791371105380677000,"last_ts":1791371105547446000,"image":"20261007T102104Z_c0002_photos/sign_200.jpg","gnss_gap":true,"gnss_q":"BRIDGE","n_obs":3,"n_views":3,"dmin_m":12.3,"dmed_m":12.531,"err_h_m":null,"tier":"C","method":"legacy","source":"gnss","pos_src":"bridged","n_tracks":1,"n_passes":1,"photo_key":"1791371105414042000_1188_489_1213_510_v2.jpg","photo_url":"https://drive.google.com/thumbnail?id=1QYaC_8pBwxto6OXz3CgYfW21CHCA6fR8&sz=w1200","photo_view":"https://drive.google.com/file/d/1QYaC_8pBwxto6OXz3CgYfW21CHCA6fR8/view","label_stats":{"3.2":{"detections":2,"mean_conf":0.48,"max_conf":0.497}},"alt":730.74,"session":"2026-10-07_20261007T102104Z","kind":"sign"}},{"type":"Feature","geometry":{"type":"Point","coordinates":[44.768673,41.7402851]},"properties":{"pole_id":201,"labels":["3.24_20"],"track_ids":[316,318],"conf":0.458,"n_frames":4,"first_ts":1791371113585384000,"last_ts":1791371114319122000,"image":"20261007T102104Z_c0002_photos/sign_201.jpg","gnss_gap":true,"gnss_q":"BRIDGE","n_obs":4,"n_views":4,"dmin_m":7.548,"dmed_m":8.059,"err_h_m":null,"tier":"C","method":"legacy","source":"gnss","pos_src":"bridged","n_tracks":2,"n_passes":1,"photo_key":"1791371113585384000_1418_607_1436_623_v2.jpg","photo_url":"https://drive.google.com/thumbnail?id=1DaanysaNQVxGcvfNj16SOvNStkvbWjlU&sz=w1200","photo_view":"https://drive.google.com/file/d/1DaanysaNQVxGcvfNj16SOvNStkvbWjlU/view","label_stats":{"3.24_20":{"detections":3,"mean_conf":0.436,"max_conf":0.458}},"alt":729.05,"session":"2026-10-07_20261007T102104Z","kind":"sign"}},{"type":"Feature","geometry":{"type":"Point","coordinates":[44.7690068,41.7412824]},"properties":{"pole_id":202,"labels":["4.1.3","4.2.2"],"track_ids":[319,320],"conf":0.867,"n_frames":16,"first_ts":1791371183817277000,"last_ts":1791371185051071000,"image":"20261007T102104Z_c0002_photos/sign_202.jpg","gnss_gap":true,"gnss_q":"BRIDGE","n_obs":16,"n_views":16,"dmin_m":8.636,"dmed_m":12.307,"err_h_m":null,"tier":"C","method":"legacy","source":"gnss","pos_src":"bridged","n_tracks":2,"n_passes":1,"photo_key":"1791371184984356000_1390_609_1413_628_v2.jpg","photo_url":"https://drive.google.com/thumbnail?id=1r6khSDx9AiLe_LceV1YRhdJvIIYUuIz8&sz=w1200","photo_view":"https://drive.google.com/file/d/1r6khSDx9AiLe_LceV1YRhdJvIIYUuIz8/view","label_stats":{"4.2.2":{"detections":6,"mean_conf":0.497,"max_conf":0.613},"4.1.3":{"detections":8,"mean_conf":0.728,"max_conf":0.867}},"alt":569.29,"session":"2026-10-07_20261007T102104Z","kind":"sign"}},{"type":"Feature","geometry":{"type":"Point","coordinates":[44.7689165,41.7414547]},"properties":{"pole_id":203,"labels":["3.1"],"track_ids":[324],"conf":0.936,"n_frames":29,"first_ts":1791371198055653000,"last_ts":1791371199089327000,"image":"20261007T102104Z_c0002_photos/sign_203.jpg","gnss_gap":true,"gnss_q":"BRIDGE","n_obs":29,"n_views":29,"dmin_m":9.697,"dmed_m":12.467,"err_h_m":null,"tier":"C","method":"legacy","source":"gnss","pos_src":"bridged","n_tracks":1,"n_passes":1,"photo_key":"1791371198689185000_270_470_328_522_v2.jpg","photo_url":"https://drive.google.com/thumbnail?id=1GxCdMLxYZxcjYKQH7KhaicBEj7VILDk9&sz=w1200","photo_view":"https://drive.google.com/file/d/1GxCdMLxYZxcjYKQH7KhaicBEj7VILDk9/view","label_stats":{"3.1":{"detections":29,"mean_conf":0.923,"max_conf":0.936}},"alt":545.8,"session":"2026-10-07_20261007T102104Z","kind":"sign"}},{"type":"Feature","geometry":{"type":"Point","coordinates":[44.768928,41.7414613]},"properties":{"pole_id":204,"labels":["4.2.1"],"track_ids":[325],"conf":0.959,"n_frames":31,"first_ts":1791371198222381000,"last_ts":1791371199222699000,"image":"20261007T102104Z_c0002_photos/sign_204.jpg","gnss_gap":true,"gnss_q":"BRIDGE","n_obs":31,"n_views":31,"dmin_m":8.211,"dmed_m":10.802,"err_h_m":null,"tier":"C","method":"legacy","source":"gnss","pos_src":"bridged","n_tracks":1,"n_passes":1,"photo_key":"1791371199189369000_52_330_140_411_v2.jpg","photo_url":"https://drive.google.com/thumbnail?id=1OMzyeW78DrYz6mZ4dVkAacw3ZXp7fN3E&sz=w1200","photo_view":"https://drive.google.com/file/d/1OMzyeW78DrYz6mZ4dVkAacw3ZXp7fN3E/view","label_stats":{"4.2.1":{"detections":31,"mean_conf":0.939,"max_conf":0.959}},"alt":545.15,"session":"2026-10-07_20261007T102104Z","kind":"sign"}},{"type":"Feature","geometry":{"type":"Point","coordinates":[44.7688588,41.741715]},"properties":{"pole_id":205,"labels":["3.24_60"],"track_ids":[326,327],"conf":0.676,"n_frames":9,"first_ts":1791371201756898000,"last_ts":1791371202190369000,"image":"20261007T102104Z_c0002_photos/sign_205.jpg","gnss_gap":true,"gnss_q":"BRIDGE","n_obs":9,"n_views":8,"dmin_m":11.373,"dmed_m":13.453,"err_h_m":null,"tier":"C","method":"legacy","source":"gnss","pos_src":"bridged","n_tracks":2,"n_passes":1,"photo_key":"1791371201856939000_505_405_539_437_v2.jpg","photo_url":"https://drive.google.com/thumbnail?id=1LjbtAcUgQlvnLjeo7kCRBzTvpPkJRzwY&sz=w1200","photo_view":"https://drive.google.com/file/d/1LjbtAcUgQlvnLjeo7kCRBzTvpPkJRzwY/view","label_stats":{"3.24_60":{"detections":7,"mean_conf":0.551,"max_conf":0.676}},"alt":557.72,"session":"2026-10-07_20261007T102104Z","kind":"sign"}},{"type":"Feature","geometry":{"type":"Point","coordinates":[44.7688564,41.7418253]},"properties":{"pole_id":206,"labels":["3.24_60"],"track_ids":[329],"conf":0.535,"n_frames":4,"first_ts":1791371207525470000,"last_ts":1791371207558798000,"image":"20261007T102104Z_c0002_photos/sign_206.jpg","gnss_gap":true,"gnss_q":"BRIDGE","n_obs":4,"n_views":2,"dmin_m":13.923,"dmed_m":14.47,"err_h_m":null,"tier":"C","method":"legacy","source":"gnss","pos_src":"bridged","n_tracks":1,"n_passes":1,"photo_key":"1791371207525470000_506_427_541_462_v2.jpg","photo_url":"https://drive.google.com/thumbnail?id=1lky9U2cdhuAdfKnU8bZw3OQYxdvlCvxe&sz=w1200","photo_view":"https://drive.google.com/file/d/1lky9U2cdhuAdfKnU8bZw3OQYxdvlCvxe/view","label_stats":{"3.24_60":{"detections":2,"mean_conf":0.516,"max_conf":0.535}},"alt":548.35,"session":"2026-10-07_20261007T102104Z","kind":"sign"}},{"type":"Feature","geometry":{"type":"Point","coordinates":[44.7688583,41.7420133]},"properties":{"pole_id":207,"labels":["3.24_60"],"track_ids":[331],"conf":0.775,"n_frames":7,"first_ts":1791371212960535000,"last_ts":1791371213327316000,"image":"20261007T102104Z_c0002_photos/sign_207.jpg","gnss_gap":true,"gnss_q":"BRIDGE","n_obs":7,"n_views":7,"dmin_m":11.287,"dmed_m":12.749,"err_h_m":null,"tier":"C","method":"legacy","source":"gnss","pos_src":"bridged","n_tracks":1,"n_passes":1,"photo_key":"1791371212960535000_571_420_606_450_v2.jpg","photo_url":"https://drive.google.com/thumbnail?id=1Fy0_dToZYCT9BE5eFJrneWbD0EtybZ26&sz=w1200","photo_view":"https://drive.google.com/file/d/1Fy0_dToZYCT9BE5eFJrneWbD0EtybZ26/view","label_stats":{"3.24_60":{"detections":6,"mean_conf":0.611,"max_conf":0.775}},"alt":543.09,"session":"2026-10-07_20261007T102104Z","kind":"sign"}},{"type":"Feature","geometry":{"type":"Point","coordinates":[44.7689011,41.7423505]},"properties":{"pole_id":208,"labels":["3.24_60"],"track_ids":[332,334],"conf":0.862,"n_frames":15,"first_ts":1791371221196413000,"last_ts":1791371223230350000,"image":"20261007T102104Z_c0002_photos/sign_208.jpg","gnss_gap":true,"gnss_q":"BRIDGE","n_obs":15,"n_views":15,"dmin_m":11.373,"dmed_m":13.974,"err_h_m":null,"tier":"C","method":"legacy","source":"gnss","pos_src":"bridged","n_tracks":2,"n_passes":1,"photo_key":"1791371221663222000_536_400_598_478_v2.jpg","photo_url":"https://drive.google.com/thumbnail?id=11ydW1K9p9J28UGypfkaXw2NckeN4kNG7&sz=w1200","photo_view":"https://drive.google.com/file/d/11ydW1K9p9J28UGypfkaXw2NckeN4kNG7/view","label_stats":{"3.24_60":{"detections":42,"mean_conf":0.591,"max_conf":0.862}},"alt":530.76,"session":"2026-10-07_20261007T102104Z","kind":"sign"}},{"type":"Feature","geometry":{"type":"Point","coordinates":[44.7689063,41.742356]},"properties":{"pole_id":209,"labels":["3.24_60"],"track_ids":[333,335],"conf":0.813,"n_frames":38,"first_ts":1791371221696549000,"last_ts":1791371224464059000,"image":"20261007T102104Z_c0002_photos/sign_209.jpg","gnss_gap":true,"gnss_q":"BRIDGE","n_obs":38,"n_views":37,"dmin_m":10.607,"dmed_m":11.662,"err_h_m":null,"tier":"C","method":"legacy","source":"gnss","pos_src":"bridged","n_tracks":2,"n_passes":1,"photo_key":"1791371222530132000_487_392_527_427_v2.jpg","photo_url":"https://drive.google.com/thumbnail?id=13r1Nn-53W0Vi6aRnKaXEFOdGBfe8TSoB&sz=w1200","photo_view":"https://drive.google.com/file/d/13r1Nn-53W0Vi6aRnKaXEFOdGBfe8TSoB/view","label_stats":{"3.24_60":{"detections":45,"mean_conf":0.567,"max_conf":0.813}},"alt":529.21,"session":"2026-10-07_20261007T102104Z","kind":"sign"}},{"type":"Feature","geometry":{"type":"Point","coordinates":[44.7689138,41.7423863]},"properties":{"pole_id":210,"labels":["3.24_40"],"track_ids":[336],"conf":0.538,"n_frames":3,"first_ts":1791371225697742000,"last_ts":1791371225797778000,"image":"20261007T102104Z_c0002_photos/sign_210.jpg","gnss_gap":true,"gnss_q":"BRIDGE","n_obs":3,"n_views":3,"dmin_m":9.799,"dmed_m":9.824,"err_h_m":null,"tier":"C","method":"legacy","source":"gnss","pos_src":"bridged","n_tracks":1,"n_passes":1,"photo_key":"1791371225797778000_260_267_320_323_v2.jpg","photo_url":"https://drive.google.com/thumbnail?id=19-35x5sUeO9A2-0Dv_OiSh0pIUtJYt4i&sz=w1200","photo_view":"https://drive.google.com/file/d/19-35x5sUeO9A2-0Dv_OiSh0pIUtJYt4i/view","label_stats":{"3.24_40":{"detections":3,"mean_conf":0.492,"max_conf":0.538}},"alt":524.86,"session":"2026-10-07_20261007T102104Z","kind":"sign"}},{"type":"Feature","geometry":{"type":"Point","coordinates":[44.769021,41.7426868]},"properties":{"pole_id":211,"labels":["3.1"],"track_ids":[338,341],"conf":0.582,"n_frames":3,"first_ts":1791371231166009000,"last_ts":1791371232433032000,"image":"20261007T102104Z_c0002_photos/sign_211.jpg","gnss_gap":true,"gnss_q":"BRIDGE","n_obs":3,"n_views":3,"dmin_m":10.346,"dmed_m":14.812,"err_h_m":null,"tier":"C","method":"legacy","source":"gnss","pos_src":"bridged","n_tracks":2,"n_passes":1,"photo_key":"1791371232433032000_1469_661_1492_692_v2.jpg","photo_url":"https://drive.google.com/thumbnail?id=1fGhTb-F3mbw24gSPRhmaQujXmi23IDQz&sz=w1200","photo_view":"https://drive.google.com/file/d/1fGhTb-F3mbw24gSPRhmaQujXmi23IDQz/view","label_stats":{"3.1":{"detections":2,"mean_conf":0.527,"max_conf":0.582}},"alt":514.32,"session":"2026-10-07_20261007T102104Z","kind":"sign"}},{"type":"Feature","geometry":{"type":"Point","coordinates":[44.7690361,41.74273]},"properties":{"pole_id":212,"labels":["3.24_40"],"track_ids":[342],"conf":0.573,"n_frames":4,"first_ts":1791371233566692000,"last_ts":1791371234100175000,"image":"20261007T102104Z_c0002_photos/sign_212.jpg","gnss_gap":true,"gnss_q":"BRIDGE","n_obs":4,"n_views":4,"dmin_m":8.598,"dmed_m":9.137,"err_h_m":null,"tier":"C","method":"legacy","source":"gnss","pos_src":"bridged","n_tracks":1,"n_passes":1,"photo_key":"1791371234000166000_1761_609_1801_648_v2.jpg","photo_url":"https://drive.google.com/thumbnail?id=1AIUHyMQgJmqAB2MnwRwJjG6VoXdDb9qF&sz=w1200","photo_view":"https://drive.google.com/file/d/1AIUHyMQgJmqAB2MnwRwJjG6VoXdDb9qF/view","label_stats":{"3.24_40":{"detections":3,"mean_conf":0.516,"max_conf":0.573}},"alt":510.11,"session":"2026-10-07_20261007T102104Z","kind":"sign"}},{"type":"Feature","geometry":{"type":"Point","coordinates":[44.7690593,41.7432426]},"properties":{"pole_id":213,"labels":["4.3"],"track_ids":[344],"conf":0.867,"n_frames":4,"first_ts":1791371255305906000,"last_ts":1791371255439267000,"image":"20261007T102104Z_c0002_photos/sign_213.jpg","gnss_gap":true,"gnss_q":"BRIDGE","n_obs":4,"n_views":4,"dmin_m":5.92,"dmed_m":7.055,"err_h_m":null,"tier":"C","method":"legacy","source":"gnss","pos_src":"bridged","n_tracks":1,"n_passes":1,"photo_key":"1791371255372587000_746_576_781_608_v2.jpg","photo_url":"https://drive.google.com/thumbnail?id=1o6RnISMQlFvvg4xPMYSmzL1tDT9AnSOb&sz=w1200","photo_view":"https://drive.google.com/file/d/1o6RnISMQlFvvg4xPMYSmzL1tDT9AnSOb/view","label_stats":{"4.3":{"detections":4,"mean_conf":0.662,"max_conf":0.867}},"alt":479.27,"session":"2026-10-07_20261007T102104Z","kind":"sign"}},{"type":"Feature","geometry":{"type":"Point","coordinates":[44.7690458,41.7432623]},"properties":{"pole_id":214,"labels":["3.24_60","3.24_40"],"track_ids":[345,347,348],"conf":0.796,"n_frames":28,"first_ts":1791371255572655000,"last_ts":1791371257506469000,"image":"20261007T102104Z_c0002_photos/sign_214.jpg","gnss_gap":true,"gnss_q":"BRIDGE","n_obs":28,"n_views":24,"dmin_m":11.401,"dmed_m":13.181,"err_h_m":null,"tier":"C","method":"legacy","source":"gnss","pos_src":"bridged","n_tracks":3,"n_passes":1,"photo_key":"1791371256172806000_479_331_547_417_v2.jpg","photo_url":"https://drive.google.com/thumbnail?id=1EnsUlzvMd5rwS30JZSF5DVgOcr2T_DLS&sz=w1200","photo_view":"https://drive.google.com/file/d/1EnsUlzvMd5rwS30JZSF5DVgOcr2T_DLS/view","label_stats":{"3.24_60":{"detections":19,"mean_conf":0.638,"max_conf":0.796},"3.24_40":{"detections":13,"mean_conf":0.519,"max_conf":0.733}},"alt":482.22,"session":"2026-10-07_20261007T102104Z","kind":"sign"}},{"type":"Feature","geometry":{"type":"Point","coordinates":[44.7690387,41.7432638]},"properties":{"pole_id":215,"labels":["3.24_60"],"track_ids":[346],"conf":0.719,"n_frames":4,"first_ts":1791371256172806000,"last_ts":1791371256339521000,"image":"20261007T102104Z_c0002_photos/sign_215.jpg","gnss_gap":true,"gnss_q":"BRIDGE","n_obs":4,"n_views":4,"dmin_m":13.099,"dmed_m":13.555,"err_h_m":null,"tier":"C","method":"legacy","source":"gnss","pos_src":"bridged","n_tracks":1,"n_passes":1,"photo_key":"1791371256206133000_476_329_544_415_v2.jpg","photo_url":"https://drive.google.com/thumbnail?id=1uslPno5WpUtlClH97o9CVXf6fxHfXR2Z&sz=w1200","photo_view":"https://drive.google.com/file/d/1uslPno5WpUtlClH97o9CVXf6fxHfXR2Z/view","label_stats":{"3.24_60":{"detections":8,"mean_conf":0.654,"max_conf":0.796}},"alt":484.5,"session":"2026-10-07_20261007T102104Z","kind":"sign"}},{"type":"Feature","geometry":{"type":"Point","coordinates":[44.7691791,41.7438656]},"properties":{"pole_id":216,"labels":["3.24_60"],"track_ids":[349],"conf":0.717,"n_frames":7,"first_ts":1791371275410860000,"last_ts":1791371276044353000,"image":"20261007T102104Z_c0002_photos/sign_216.jpg","gnss_gap":true,"gnss_q":"BRIDGE","n_obs":7,"n_views":7,"dmin_m":10.676,"dmed_m":12.85,"err_h_m":null,"tier":"C","method":"legacy","source":"gnss","pos_src":"bridged","n_tracks":1,"n_passes":1,"photo_key":"1791371275444214000_531_372_562_404_v2.jpg","photo_url":"https://drive.google.com/thumbnail?id=1O0WErXB5k6vR1qxMs3SduncYeVgLHuhj&sz=w1200","photo_view":"https://drive.google.com/file/d/1O0WErXB5k6vR1qxMs3SduncYeVgLHuhj/view","label_stats":{"3.24_60":{"detections":5,"mean_conf":0.638,"max_conf":0.717}},"alt":458.39,"session":"2026-10-07_20261007T102104Z","kind":"sign"}},{"type":"Feature","geometry":{"type":"Point","coordinates":[44.7693412,41.74456]},"properties":{"pole_id":217,"labels":["3.24_60","3.24_40"],"track_ids":[350],"conf":0.708,"n_frames":8,"first_ts":1791371283812802000,"last_ts":1791371284379609000,"image":"20261007T102104Z_c0002_photos/sign_217.jpg","gnss_gap":true,"gnss_q":"BRIDGE","n_obs":8,"n_views":7,"dmin_m":10.723,"dmed_m":13.967,"err_h_m":null,"tier":"C","method":"legacy","source":"gnss","pos_src":"bridged","n_tracks":1,"n_passes":1,"photo_key":"1791371283979511000_419_273_490_363_v2.jpg","photo_url":"https://drive.google.com/thumbnail?id=17m0t-x_ZDXqeMbPXFrHSIRYDwMvUdpRa&sz=w1200","photo_view":"https://drive.google.com/file/d/17m0t-x_ZDXqeMbPXFrHSIRYDwMvUdpRa/view","label_stats":{"3.24_60":{"detections":6,"mean_conf":0.549,"max_conf":0.708},"3.24_40":{"detections":5,"mean_conf":0.527,"max_conf":0.588}},"alt":471.39,"session":"2026-10-07_20261007T102104Z","kind":"sign"}},{"type":"Feature","geometry":{"type":"Point","coordinates":[44.7693421,41.7445629]},"properties":{"pole_id":218,"labels":["3.24_40"],"track_ids":[351],"conf":0.528,"n_frames":4,"first_ts":1791371284079542000,"last_ts":1791371284412935000,"image":"20261007T102104Z_c0002_photos/sign_218.jpg","gnss_gap":true,"gnss_q":"BRIDGE","n_obs":4,"n_views":4,"dmin_m":10.461,"dmed_m":11.666,"err_h_m":null,"tier":"C","method":"legacy","source":"gnss","pos_src":"bridged","n_tracks":1,"n_passes":1,"photo_key":"1791371284379609000_107_67_220_186_v2.jpg","photo_url":"https://drive.google.com/thumbnail?id=12wW6OuMgo6fiDt9ZwZnuJNyd3zu29t5t&sz=w1200","photo_view":"https://drive.google.com/file/d/12wW6OuMgo6fiDt9ZwZnuJNyd3zu29t5t/view","label_stats":{"3.24_40":{"detections":4,"mean_conf":0.517,"max_conf":0.588}},"alt":470.85,"session":"2026-10-07_20261007T102104Z","kind":"sign"}},{"type":"Feature","geometry":{"type":"Point","coordinates":[44.7694953,41.7450703]},"properties":{"pole_id":219,"labels":["3.24_60"],"track_ids":[352],"conf":0.618,"n_frames":4,"first_ts":1791371292081319000,"last_ts":1791371292381384000,"image":"20261007T102104Z_c0002_photos/sign_219.jpg","gnss_gap":true,"gnss_q":"BRIDGE","n_obs":4,"n_views":4,"dmin_m":12.948,"dmed_m":14.218,"err_h_m":null,"tier":"C","method":"legacy","source":"gnss","pos_src":"bridged","n_tracks":1,"n_passes":1,"photo_key":"1791371292147997000_560_402_590_430_v2.jpg","photo_url":"https://drive.google.com/thumbnail?id=1VvkVef6ZXJrqhzJb2xlVT5Hvr3KJgY1K&sz=w1200","photo_view":"https://drive.google.com/file/d/1VvkVef6ZXJrqhzJb2xlVT5Hvr3KJgY1K/view","label_stats":{"3.24_60":{"detections":4,"mean_conf":0.469,"max_conf":0.618}},"alt":471.85,"session":"2026-10-07_20261007T102104Z","kind":"sign"}},{"type":"Feature","geometry":{"type":"Point","coordinates":[44.769758,41.7457718]},"properties":{"pole_id":220,"labels":["3.24_60"],"track_ids":[353],"conf":0.681,"n_frames":9,"first_ts":1791371309718396000,"last_ts":1791371310185162000,"image":"20261007T102104Z_c0002_photos/sign_220.jpg","gnss_gap":true,"gnss_q":"BRIDGE","n_obs":9,"n_views":9,"dmin_m":12.791,"dmed_m":13.642,"err_h_m":null,"tier":"C","method":"legacy","source":"gnss","pos_src":"bridged","n_tracks":1,"n_passes":1,"photo_key":"1791371309885100000_554_419_586_449_v2.jpg","photo_url":"https://drive.google.com/thumbnail?id=1VNoMooHU8m2LLreNuVcnlre9r4hGemML&sz=w1200","photo_view":"https://drive.google.com/file/d/1VNoMooHU8m2LLreNuVcnlre9r4hGemML/view","label_stats":{"3.24_60":{"detections":9,"mean_conf":0.52,"max_conf":0.681}},"alt":452.71,"session":"2026-10-07_20261007T102104Z","kind":"sign"}},{"type":"Feature","geometry":{"type":"Point","coordinates":[44.7698535,41.7461266]},"properties":{"pole_id":221,"labels":["3.24_40"],"track_ids":[354],"conf":0.943,"n_frames":64,"first_ts":1791371316486451000,"last_ts":1791371318753566000,"image":"20261007T102104Z_c0002_photos/sign_221.jpg","gnss_gap":true,"gnss_q":"BRIDGE","n_obs":64,"n_views":60,"dmin_m":8.997,"dmed_m":11.423,"err_h_m":null,"tier":"C","method":"legacy","source":"gnss","pos_src":"bridged","n_tracks":1,"n_passes":1,"photo_key":"1791371316919859000_494_526_534_563_v2.jpg","photo_url":"https://drive.google.com/thumbnail?id=1kxRGG1ecEs_Msl4LUBxdtquvqxBxjvmL&sz=w1200","photo_view":"https://drive.google.com/file/d/1kxRGG1ecEs_Msl4LUBxdtquvqxBxjvmL/view","label_stats":{"3.24_40":{"detections":60,"mean_conf":0.911,"max_conf":0.943}},"alt":445.3,"session":"2026-10-07_20261007T102104Z","kind":"sign"}},{"type":"Feature","geometry":{"type":"Point","coordinates":[44.7698546,41.746126]},"properties":{"pole_id":222,"labels":["1.26","1.23"],"track_ids":[355],"conf":0.834,"n_frames":52,"first_ts":1791371317153242000,"last_ts":1791371318753566000,"image":"20261007T102104Z_c0002_photos/sign_222.jpg","gnss_gap":true,"gnss_q":"BRIDGE","n_obs":52,"n_views":44,"dmin_m":9.379,"dmed_m":11.192,"err_h_m":null,"tier":"C","method":"legacy","source":"gnss","pos_src":"bridged","n_tracks":1,"n_passes":1,"photo_key":"1791371318586859000_60_335_153_404_v2.jpg","photo_url":"https://drive.google.com/thumbnail?id=1WH3SBwXJbLd-8OV0zo3TVXoidgNI6JtP&sz=w1200","photo_view":"https://drive.google.com/file/d/1WH3SBwXJbLd-8OV0zo3TVXoidgNI6JtP/view","label_stats":{"1.23":{"detections":18,"mean_conf":0.749,"max_conf":0.908},"1.26":{"detections":24,"mean_conf":0.642,"max_conf":0.834}},"alt":446.2,"session":"2026-10-07_20261007T102104Z","kind":"sign"}},{"type":"Feature","geometry":{"type":"Point","coordinates":[44.7699661,41.746351]},"properties":{"pole_id":223,"labels":["3.24_60"],"track_ids":[356,357,360,363],"conf":0.818,"n_frames":11,"first_ts":1791371331022627000,"last_ts":1791371333789832000,"image":"20261007T102104Z_c0002_photos/sign_223.jpg","gnss_q":"DGNSS","n_obs":11,"n_views":10,"dmin_m":10.874,"dmed_m":13.257,"err_h_m":null,"tier":"C","method":"legacy","source":"gnss","pos_src":"rt","n_tracks":4,"n_passes":1,"photo_key":"1791371331089302000_565_410_622_485_v2.jpg","photo_url":"https://drive.google.com/thumbnail?id=1_d-tnwkCoDUvJowG2-y-grEj7DSiQtWt&sz=w1200","photo_view":"https://drive.google.com/file/d/1_d-tnwkCoDUvJowG2-y-grEj7DSiQtWt/view","label_stats":{"3.24_60":{"detections":28,"mean_conf":0.595,"max_conf":0.824}},"alt":439.46,"session":"2026-10-07_20261007T102104Z","kind":"sign"}},{"type":"Feature","geometry":{"type":"Point","coordinates":[44.7699681,41.746349]},"properties":{"pole_id":224,"labels":["3.24_60"],"track_ids":[359],"conf":0.824,"n_frames":17,"first_ts":1791371331889470000,"last_ts":1791371333323073000,"image":"20261007T102104Z_c0002_photos/sign_224.jpg","gnss_q":"DGNSS","n_obs":17,"n_views":17,"dmin_m":11.116,"dmed_m":12.451,"err_h_m":null,"tier":"C","method":"legacy","source":"gnss","pos_src":"rt","n_tracks":1,"n_passes":1,"photo_key":"1791371331989472000_510_376_576_459_v2.jpg","photo_url":"https://drive.google.com/thumbnail?id=1GR8ywL8G498wTMAkiLMD5TQbVIGrDth3&sz=w1200","photo_view":"https://drive.google.com/file/d/1GR8ywL8G498wTMAkiLMD5TQbVIGrDth3/view","label_stats":{"3.24_60":{"detections":21,"mean_conf":0.603,"max_conf":0.824}},"alt":439.26,"session":"2026-10-07_20261007T102104Z","kind":"sign"}},{"type":"Feature","geometry":{"type":"Point","coordinates":[44.7700491,41.7463225]},"properties":{"pole_id":225,"labels":["3.24_40"],"track_ids":[361],"conf":0.644,"n_frames":4,"first_ts":1791371332389556000,"last_ts":1791371332789639000,"image":"20261007T102104Z_c0002_photos/sign_225.jpg","gnss_q":"DGNSS","n_obs":4,"n_views":4,"dmin_m":7.276,"dmed_m":12.745,"err_h_m":null,"tier":"C","method":"legacy","source":"gnss","pos_src":"rt","n_tracks":1,"n_passes":1,"photo_key":"1791371332389556000_1540_537_1567_554_v2.jpg","photo_url":"https://drive.google.com/thumbnail?id=1wVNoZJN1ZX8yAolNXnN80Ik3BbbLNk6v&sz=w1200","photo_view":"https://drive.google.com/file/d/1wVNoZJN1ZX8yAolNXnN80Ik3BbbLNk6v/view","label_stats":{"3.24_40":{"detections":1,"mean_conf":0.644,"max_conf":0.644}},"alt":429.73,"session":"2026-10-07_20261007T102104Z","kind":"sign"}},{"type":"Feature","geometry":{"type":"Point","coordinates":[44.7701274,41.7463722]},"properties":{"pole_id":226,"labels":["3.20"],"track_ids":[362,366,367,368],"conf":0.736,"n_frames":59,"first_ts":1791371333589777000,"last_ts":1791371345358632000,"image":"20261007T102104Z_c0002_photos/sign_226.jpg","gnss_q":"FIX","n_obs":59,"n_views":58,"dmin_m":13.142,"dmed_m":13.344,"err_h_m":null,"tier":"B","method":"legacy","source":"gnss","pos_src":"rt","n_tracks":4,"n_passes":1,"photo_key":"1791371334523295000_1731_503_1778_541_v2.jpg","photo_url":"https://drive.google.com/thumbnail?id=1LsQSaxRzAXUdjbPhx-xrZRkp1sMSzWKi&sz=w1200","photo_view":"https://drive.google.com/file/d/1LsQSaxRzAXUdjbPhx-xrZRkp1sMSzWKi/view","label_stats":{"3.20":{"detections":54,"mean_conf":0.53,"max_conf":0.736}},"alt":429.85,"session":"2026-10-07_20261007T102104Z","kind":"sign"}},{"type":"Feature","geometry":{"type":"Point","coordinates":[44.7701309,41.7463695]},"properties":{"pole_id":227,"labels":["4.1.3"],"track_ids":[365],"conf":0.65,"n_frames":99,"first_ts":1791371336923736000,"last_ts":1791371341657958000,"image":"20261007T102104Z_c0002_photos/sign_227.jpg","gnss_q":"FIX","n_obs":99,"n_views":99,"dmin_m":13.32,"dmed_m":13.399,"err_h_m":null,"tier":"B","method":"legacy","source":"gnss","pos_src":"rt","n_tracks":1,"n_passes":1,"photo_key":"1791371340991177000_1759_498_1806_537_v2.jpg","photo_url":"https://drive.google.com/thumbnail?id=1o7sCxEbTrUx3KaxhGkKk73eEv5k2lZSY&sz=w1200","photo_view":"https://drive.google.com/file/d/1o7sCxEbTrUx3KaxhGkKk73eEv5k2lZSY/view","label_stats":{"4.1.3":{"detections":99,"mean_conf":0.484,"max_conf":0.65}},"alt":429.86,"session":"2026-10-07_20261007T102104Z","kind":"sign"}},{"type":"Feature","geometry":{"type":"Point","coordinates":[44.7701289,41.7463699]},"properties":{"pole_id":228,"labels":["3.17.3"],"track_ids":[370,371],"conf":0.618,"n_frames":4,"first_ts":1791371345858739000,"last_ts":1791371346392170000,"image":"20261007T102104Z_c0002_photos/sign_228.jpg","gnss_q":"FIX","n_obs":4,"n_views":4,"dmin_m":12.912,"dmed_m":12.967,"err_h_m":null,"tier":"B","method":"legacy","source":"gnss","pos_src":"rt","n_tracks":2,"n_passes":1,"photo_key":"1791371345892063000_1792_494_1840_535_v2.jpg","photo_url":"https://drive.google.com/thumbnail?id=1wWtrLIAsVV6EqNdKgmZZf2BCwVf9ls6E&sz=w1200","photo_view":"https://drive.google.com/file/d/1wWtrLIAsVV6EqNdKgmZZf2BCwVf9ls6E/view","label_stats":{"3.17.3":{"detections":4,"mean_conf":0.552,"max_conf":0.618}},"alt":429.76,"session":"2026-10-07_20261007T102104Z","kind":"sign"}},{"type":"Feature","geometry":{"type":"Point","coordinates":[44.7701104,41.7465712]},"properties":{"pole_id":229,"labels":["7.20.2"],"track_ids":[372],"conf":0.809,"n_frames":26,"first_ts":1791371355127046000,"last_ts":1791371356293929000,"image":"20261007T102104Z_c0002_photos/sign_229.jpg","gnss_q":"FIX","n_obs":26,"n_views":26,"dmin_m":4.356,"dmed_m":5.2,"err_h_m":null,"tier":"A","method":"legacy","source":"gnss","pos_src":"rt","n_tracks":1,"n_passes":1,"photo_key":"1791371355760501000_1398_675_1414_691_v2.jpg","photo_url":"https://drive.google.com/thumbnail?id=14PbnZ_DWVWlWNVxhN9jqmVyedczMWAus&sz=w1200","photo_view":"https://drive.google.com/file/d/14PbnZ_DWVWlWNVxhN9jqmVyedczMWAus/view","label_stats":{"7.20.2":{"detections":26,"mean_conf":0.624,"max_conf":0.809}},"alt":430.38,"session":"2026-10-07_20261007T102104Z","kind":"sign"}},{"type":"Feature","geometry":{"type":"Point","coordinates":[44.7701414,41.7468786]},"properties":{"pole_id":230,"labels":["3.24_60","3.24_40"],"track_ids":[373],"conf":0.781,"n_frames":16,"first_ts":1791371360528001000,"last_ts":1791371361361483000,"image":"20261007T102104Z_c0002_photos/sign_230.jpg","gnss_q":"FIX","n_obs":16,"n_views":14,"dmin_m":10.85,"dmed_m":12.86,"err_h_m":null,"tier":"B","method":"legacy","source":"gnss","pos_src":"rt","n_tracks":1,"n_passes":1,"photo_key":"1791371360628027000_547_394_578_424_v2.jpg","photo_url":"https://drive.google.com/thumbnail?id=1wrFcYGHizPIinjBA-2bzt-DsquR1nePm&sz=w1200","photo_view":"https://drive.google.com/file/d/1wrFcYGHizPIinjBA-2bzt-DsquR1nePm/view","label_stats":{"3.24_60":{"detections":11,"mean_conf":0.556,"max_conf":0.781},"3.24_40":{"detections":4,"mean_conf":0.461,"max_conf":0.507}},"alt":440.53,"session":"2026-10-07_20261007T102104Z","kind":"sign"}},{"type":"Feature","geometry":{"type":"Point","coordinates":[44.770324,41.7468959]},"properties":{"pole_id":231,"labels":["3.13"],"track_ids":[374],"conf":0.891,"n_frames":9,"first_ts":1791371361428157000,"last_ts":1791371361694882000,"image":"20261007T102104Z_c0002_photos/sign_231.jpg","gnss_q":"FIX","n_obs":9,"n_views":9,"dmin_m":13.956,"dmed_m":14.19,"err_h_m":null,"tier":"B","method":"legacy","source":"gnss","pos_src":"rt","n_tracks":1,"n_passes":1,"photo_key":"1791371361661532000_1857_228_1899_269_v2.jpg","photo_url":"https://drive.google.com/thumbnail?id=11DrgaIcaRdDIIcGUfacFmPD7CafJ8c21&sz=w1200","photo_view":"https://drive.google.com/file/d/11DrgaIcaRdDIIcGUfacFmPD7CafJ8c21/view","label_stats":{"3.13":{"detections":9,"mean_conf":0.757,"max_conf":0.891}},"alt":432.09,"session":"2026-10-07_20261007T102104Z","kind":"sign"}},{"type":"Feature","geometry":{"type":"Point","coordinates":[44.7701973,41.7471568]},"properties":{"pole_id":232,"labels":["3.20","3.17.3"],"track_ids":[376],"conf":0.892,"n_frames":47,"first_ts":1791371366262318000,"last_ts":1791371367662570000,"image":"20261007T102104Z_c0002_photos/sign_232.jpg","gnss_q":"FIX","n_obs":47,"n_views":35,"dmin_m":8.591,"dmed_m":10.601,"err_h_m":null,"tier":"B","method":"legacy","source":"gnss","pos_src":"rt","n_tracks":1,"n_passes":1,"photo_key":"1791371367295844000_228_457_298_520_v2.jpg","photo_url":"https://drive.google.com/thumbnail?id=1Oto7wzVknbYmXTGLtQmKQj1999x8gerS&sz=w1200","photo_view":"https://drive.google.com/file/d/1Oto7wzVknbYmXTGLtQmKQj1999x8gerS/view","label_stats":{"3.17.3":{"detections":27,"mean_conf":0.566,"max_conf":0.781},"3.20":{"detections":40,"mean_conf":0.759,"max_conf":0.931}},"alt":438.5,"session":"2026-10-07_20261007T102104Z","kind":"sign"}},{"type":"Feature","geometry":{"type":"Point","coordinates":[44.7703428,41.747194]},"properties":{"pole_id":233,"labels":["1.26"],"track_ids":[377],"conf":0.919,"n_frames":34,"first_ts":1791371366995794000,"last_ts":1791371368129320000,"image":"20261007T102104Z_c0002_photos/sign_233.jpg","gnss_q":"FIX","n_obs":34,"n_views":28,"dmin_m":9.085,"dmed_m":13.317,"err_h_m":null,"tier":"B","method":"legacy","source":"gnss","pos_src":"rt","n_tracks":1,"n_passes":1,"photo_key":"1791371368062645000_1796_470_1899_546_v2.jpg","photo_url":"https://drive.google.com/thumbnail?id=125RXebIzy-TgmfydchOGuWu4HqXz-mGY&sz=w1200","photo_view":"https://drive.google.com/file/d/125RXebIzy-TgmfydchOGuWu4HqXz-mGY/view","label_stats":{"1.26":{"detections":21,"mean_conf":0.78,"max_conf":0.919}},"alt":430.93,"session":"2026-10-07_20261007T102104Z","kind":"sign"}},{"type":"Feature","geometry":{"type":"Point","coordinates":[44.7703417,41.7471889]},"properties":{"pole_id":234,"labels":["3.20"],"track_ids":[378],"conf":0.937,"n_frames":29,"first_ts":1791371367195818000,"last_ts":1791371368129320000,"image":"20261007T102104Z_c0002_photos/sign_234.jpg","gnss_q":"FIX","n_obs":29,"n_views":29,"dmin_m":8.907,"dmed_m":10.99,"err_h_m":null,"tier":"B","method":"legacy","source":"gnss","pos_src":"rt","n_tracks":1,"n_passes":1,"photo_key":"1791371367895945000_1686_425_1771_492_v2.jpg","photo_url":"https://drive.google.com/thumbnail?id=19t52kpoNno1E8Fesogq-5sj_xJCvInJo&sz=w1200","photo_view":"https://drive.google.com/file/d/19t52kpoNno1E8Fesogq-5sj_xJCvInJo/view","label_stats":{"3.20":{"detections":38,"mean_conf":0.848,"max_conf":0.937}},"alt":431.53,"session":"2026-10-07_20261007T102104Z","kind":"sign"}},{"type":"Feature","geometry":{"type":"Point","coordinates":[44.7702589,41.7474477]},"properties":{"pole_id":235,"labels":["3.24_50","3.24_20"],"track_ids":[379],"conf":0.898,"n_frames":23,"first_ts":1791371373863615000,"last_ts":1791371374730440000,"image":"20261007T102104Z_c0002_photos/sign_235.jpg","gnss_q":"FIX","n_obs":23,"n_views":21,"dmin_m":11.5,"dmed_m":13.896,"err_h_m":null,"tier":"B","method":"legacy","source":"gnss","pos_src":"rt","n_tracks":1,"n_passes":1,"photo_key":"1791371374330365000_531_553_576_593_v2.jpg","photo_url":"https://drive.google.com/thumbnail?id=1xV_otuUHdzNx7SzJTChyR_BufnaiFi76&sz=w1200","photo_view":"https://drive.google.com/file/d/1xV_otuUHdzNx7SzJTChyR_BufnaiFi76/view","label_stats":{"3.24_50":{"detections":18,"mean_conf":0.747,"max_conf":0.939},"3.24_20":{"detections":10,"mean_conf":0.778,"max_conf":0.924}},"alt":440.05,"session":"2026-10-07_20261007T102104Z","kind":"sign"}},{"type":"Feature","geometry":{"type":"Point","coordinates":[44.7702594,41.7474516]},"properties":{"pole_id":236,"labels":["3.24_20"],"track_ids":[380],"conf":0.979,"n_frames":40,"first_ts":1791371373996966000,"last_ts":1791371375763936000,"image":"20261007T102104Z_c0002_photos/sign_236.jpg","gnss_q":"FIX","n_obs":40,"n_views":39,"dmin_m":4.643,"dmed_m":10.653,"err_h_m":null,"tier":"A","method":"legacy","source":"gnss","pos_src":"rt","n_tracks":1,"n_passes":1,"photo_key":"1791371375563913000_143_451_227_528_v2.jpg","photo_url":"https://drive.google.com/thumbnail?id=1ve-TzEEHAfb3D0d9eWNOgTY_54OSAgao&sz=w1200","photo_view":"https://drive.google.com/file/d/1ve-TzEEHAfb3D0d9eWNOgTY_54OSAgao/view","label_stats":{"3.24_20":{"detections":28,"mean_conf":0.866,"max_conf":0.979}},"alt":437.98,"session":"2026-10-07_20261007T102104Z","kind":"sign"}},{"type":"Feature","geometry":{"type":"Point","coordinates":[44.7702622,41.7474496]},"properties":{"pole_id":237,"labels":["1.26"],"track_ids":[382],"conf":0.922,"n_frames":28,"first_ts":1791371374497066000,"last_ts":1791371375797287000,"image":"20261007T102104Z_c0002_photos/sign_237.jpg","gnss_q":"FIX","n_obs":28,"n_views":27,"dmin_m":8.091,"dmed_m":10.815,"err_h_m":null,"tier":"B","method":"legacy","source":"gnss","pos_src":"rt","n_tracks":1,"n_passes":1,"photo_key":"1791371375597237000_125_336_220_409_v2.jpg","photo_url":"https://drive.google.com/thumbnail?id=1hIwwZn_5w0-gruU3gYzVy6h39kVUqfNL&sz=w1200","photo_view":"https://drive.google.com/file/d/1hIwwZn_5w0-gruU3gYzVy6h39kVUqfNL/view","label_stats":{"1.26":{"detections":23,"mean_conf":0.805,"max_conf":0.922}},"alt":438.92,"session":"2026-10-07_20261007T102104Z","kind":"sign"}},{"type":"Feature","geometry":{"type":"Point","coordinates":[44.7702856,41.7475054]},"properties":{"pole_id":238,"labels":["3.24_60"],"track_ids":[383,384],"conf":0.858,"n_frames":19,"first_ts":1791371375930636000,"last_ts":1791371376797431000,"image":"20261007T102104Z_c0002_photos/sign_238.jpg","gnss_q":"FIX","n_obs":19,"n_views":18,"dmin_m":10.222,"dmed_m":11.97,"err_h_m":null,"tier":"B","method":"legacy","source":"gnss","pos_src":"rt","n_tracks":2,"n_passes":1,"photo_key":"1791371376164015000_526_391_562_425_v2.jpg","photo_url":"https://drive.google.com/thumbnail?id=1gP9R7BK3C1FI6OzzxZcKhFdkuzIHxHs1&sz=w1200","photo_view":"https://drive.google.com/file/d/1gP9R7BK3C1FI6OzzxZcKhFdkuzIHxHs1/view","label_stats":{"3.24_60":{"detections":19,"mean_conf":0.636,"max_conf":0.858}},"alt":440.74,"session":"2026-10-07_20261007T102104Z","kind":"sign"}},{"type":"Feature","geometry":{"type":"Point","coordinates":[44.7705789,41.7484716]},"properties":{"pole_id":239,"labels":["5.16"],"track_ids":[388],"conf":0.95,"n_frames":12,"first_ts":1791371393166785000,"last_ts":1791371393533506000,"image":"20261007T102104Z_c0002_photos/sign_239.jpg","gnss_q":"FIX","n_obs":12,"n_views":12,"dmin_m":12.255,"dmed_m":13.149,"err_h_m":null,"tier":"B","method":"legacy","source":"gnss","pos_src":"rt","n_tracks":1,"n_passes":1,"photo_key":"1791371393433481000_1783_401_1856_490_v2.jpg","photo_url":"https://drive.google.com/thumbnail?id=1gRpU4Ce0kf_ydk5KYhjcJ7x-gLDqvueR&sz=w1200","photo_view":"https://drive.google.com/file/d/1gRpU4Ce0kf_ydk5KYhjcJ7x-gLDqvueR/view","label_stats":{"5.16":{"detections":12,"mean_conf":0.944,"max_conf":0.95}},"alt":435.26,"session":"2026-10-07_20261007T102104Z","kind":"sign"}},{"type":"Feature","geometry":{"type":"Point","coordinates":[44.7704409,41.7487747]},"properties":{"pole_id":240,"labels":["3.24_60"],"track_ids":[389],"conf":0.773,"n_frames":6,"first_ts":1791371398500945000,"last_ts":1791371399001038000,"image":"20261007T102104Z_c0002_photos/sign_240.jpg","gnss_q":"FIX","n_obs":6,"n_views":6,"dmin_m":11.743,"dmed_m":13.467,"err_h_m":null,"tier":"B","method":"legacy","source":"gnss","pos_src":"rt","n_tracks":1,"n_passes":1,"photo_key":"1791371399001038000_554_365_593_402_v2.jpg","photo_url":"https://drive.google.com/thumbnail?id=1wf8bTXL3Ewf5r-BmJafeMUXoumIDMnSJ&sz=w1200","photo_view":"https://drive.google.com/file/d/1wf8bTXL3Ewf5r-BmJafeMUXoumIDMnSJ/view","label_stats":{"3.24_60":{"detections":6,"mean_conf":0.557,"max_conf":0.773}},"alt":443.76,"session":"2026-10-07_20261007T102104Z","kind":"sign"}},{"type":"Feature","geometry":{"type":"Point","coordinates":[44.7705703,41.7493544]},"properties":{"pole_id":241,"labels":["5.19.1"],"track_ids":[390],"conf":0.915,"n_frames":15,"first_ts":1791371408169126000,"last_ts":1791371408635866000,"image":"20261007T102104Z_c0002_photos/sign_241.jpg","gnss_q":"FIX","n_obs":15,"n_views":15,"dmin_m":12.16,"dmed_m":13.24,"err_h_m":null,"tier":"B","method":"legacy","source":"gnss","pos_src":"rt","n_tracks":1,"n_passes":1,"photo_key":"1791371408502521000_1782_509_1820_568_v2.jpg","photo_url":"https://drive.google.com/thumbnail?id=1hcz_9BrFlNucYYoaQjovVBdyz0ET53eo&sz=w1200","photo_view":"https://drive.google.com/file/d/1hcz_9BrFlNucYYoaQjovVBdyz0ET53eo/view","label_stats":{"5.19.1":{"detections":15,"mean_conf":0.854,"max_conf":0.915}},"alt":437.01,"session":"2026-10-07_20261007T102104Z","kind":"sign"}},{"type":"Feature","geometry":{"type":"Point","coordinates":[44.7703038,41.7499968]},"properties":{"pole_id":242,"labels":["3.24_60"],"track_ids":[392],"conf":0.419,"n_frames":3,"first_ts":1791371418504028000,"last_ts":1791371418870746000,"image":"20261007T102104Z_c0002_photos/sign_242.jpg","gnss_q":"FIX","n_obs":3,"n_views":3,"dmin_m":12.201,"dmed_m":14.161,"err_h_m":null,"tier":"B","method":"legacy","source":"gnss","pos_src":"rt","n_tracks":1,"n_passes":1,"photo_key":"1791371418537378000_603_418_635_447_v2.jpg","photo_url":"https://drive.google.com/thumbnail?id=1BDTRSVBNUqYTFL5JoYeay-Z33P2KH9hk&sz=w1200","photo_view":"https://drive.google.com/file/d/1BDTRSVBNUqYTFL5JoYeay-Z33P2KH9hk/view","label_stats":{"3.24_60":{"detections":3,"mean_conf":0.414,"max_conf":0.419}},"alt":447.12,"session":"2026-10-07_20261007T102104Z","kind":"sign"}},{"type":"Feature","geometry":{"type":"Point","coordinates":[44.77017,41.7505945]},"properties":{"pole_id":243,"labels":["3.24_60"],"track_ids":[394],"conf":0.573,"n_frames":7,"first_ts":1791371428238811000,"last_ts":1791371428738872000,"image":"20261007T102104Z_c0002_photos/sign_243.jpg","gnss_q":"FIX","n_obs":7,"n_views":7,"dmin_m":11.042,"dmed_m":12.582,"err_h_m":null,"tier":"B","method":"legacy","source":"gnss","pos_src":"rt","n_tracks":1,"n_passes":1,"photo_key":"1791371428638876000_489_313_532_354_v2.jpg","photo_url":"https://drive.google.com/thumbnail?id=1d_wLC6YUPBxEsNtKiDmSfOP52ACL6CWz&sz=w1200","photo_view":"https://drive.google.com/file/d/1d_wLC6YUPBxEsNtKiDmSfOP52ACL6CWz/view","label_stats":{"3.24_60":{"detections":5,"mean_conf":0.475,"max_conf":0.573}},"alt":447.11,"session":"2026-10-07_20261007T102104Z","kind":"sign"}},{"type":"Feature","geometry":{"type":"Point","coordinates":[44.7700381,41.7511915]},"properties":{"pole_id":244,"labels":["3.24_60"],"track_ids":[395],"conf":0.767,"n_frames":6,"first_ts":1791371438506975000,"last_ts":1791371439007062000,"image":"20261007T102104Z_c0002_photos/sign_244.jpg","gnss_q":"FIX","n_obs":6,"n_views":6,"dmin_m":12.374,"dmed_m":14.353,"err_h_m":null,"tier":"B","method":"legacy","source":"gnss","pos_src":"rt","n_tracks":1,"n_passes":1,"photo_key":"1791371439007062000_525_341_566_376_v2.jpg","photo_url":"https://drive.google.com/thumbnail?id=14nyTF26LTq1bhtejRhwKsV55HRlWpBHl&sz=w1200","photo_view":"https://drive.google.com/file/d/14nyTF26LTq1bhtejRhwKsV55HRlWpBHl/view","label_stats":{"3.24_60":{"detections":6,"mean_conf":0.55,"max_conf":0.767}},"alt":447.95,"session":"2026-10-07_20261007T102104Z","kind":"sign"}},{"type":"Feature","geometry":{"type":"Point","coordinates":[44.7700878,41.7513108]},"properties":{"pole_id":245,"labels":["7.20.2"],"track_ids":[397],"conf":0.753,"n_frames":9,"first_ts":1791371447841638000,"last_ts":1791371448141680000,"image":"20261007T102104Z_c0002_photos/sign_245.jpg","gnss_q":"FIX","n_obs":9,"n_views":9,"dmin_m":4.734,"dmed_m":5.242,"err_h_m":null,"tier":"A","method":"legacy","source":"gnss","pos_src":"rt","n_tracks":1,"n_passes":1,"photo_key":"1791371448008333000_1429_674_1445_690_v2.jpg","photo_url":"https://drive.google.com/thumbnail?id=1r8MtHS216kmNjhuP_FZv03FHUeKGBF-4&sz=w1200","photo_view":"https://drive.google.com/file/d/1r8MtHS216kmNjhuP_FZv03FHUeKGBF-4/view","label_stats":{"7.20.2":{"detections":9,"mean_conf":0.528,"max_conf":0.753}},"alt":438.75,"session":"2026-10-07_20261007T102104Z","kind":"sign"}},{"type":"Feature","geometry":{"type":"Point","coordinates":[44.7700175,41.7514511]},"properties":{"pole_id":246,"labels":["1.35.4"],"track_ids":[398,399],"conf":0.53,"n_frames":3,"first_ts":1791371463610526000,"last_ts":1791371464443974000,"image":"20261007T102104Z_c0002_photos/sign_246.jpg","gnss_q":"FIX","n_obs":3,"n_views":3,"dmin_m":7.839,"dmed_m":7.856,"err_h_m":null,"tier":"B","method":"legacy","source":"gnss","pos_src":"rt","n_tracks":2,"n_passes":1,"photo_key":"1791371464443974000_878_641_918_662_v2.jpg","photo_url":"https://drive.google.com/thumbnail?id=19il3NO9u97Xsy2XwntlwxljyrnpBh0B4&sz=w1200","photo_view":"https://drive.google.com/file/d/19il3NO9u97Xsy2XwntlwxljyrnpBh0B4/view","label_stats":{"1.35.4":{"detections":3,"mean_conf":0.48,"max_conf":0.53}},"alt":442.07,"session":"2026-10-07_20261007T102104Z","kind":"sign"}},{"type":"Feature","geometry":{"type":"Point","coordinates":[44.7699158,41.7517479]},"properties":{"pole_id":247,"labels":["3.24_40","3.24_60"],"track_ids":[400],"conf":0.727,"n_frames":7,"first_ts":1791371485880199000,"last_ts":1791371486380282000,"image":"20261007T102104Z_c0002_photos/sign_247.jpg","gnss_q":"FIX","n_obs":7,"n_views":6,"dmin_m":11.647,"dmed_m":13.186,"err_h_m":null,"tier":"B","method":"legacy","source":"gnss","pos_src":"rt","n_tracks":1,"n_passes":1,"photo_key":"1791371486013570000_560_348_597_381_v2.jpg","photo_url":"https://drive.google.com/thumbnail?id=1WuuPSLJq7jZxKyNAxTZjLeok3YGn6nIN&sz=w1200","photo_view":"https://drive.google.com/file/d/1WuuPSLJq7jZxKyNAxTZjLeok3YGn6nIN/view","label_stats":{"3.24_60":{"detections":3,"mean_conf":0.512,"max_conf":0.561},"3.24_40":{"detections":3,"mean_conf":0.588,"max_conf":0.727}},"alt":448.83,"session":"2026-10-07_20261007T102104Z","kind":"sign"}},{"type":"Feature","geometry":{"type":"Point","coordinates":[44.7699173,41.752009]},"properties":{"pole_id":248,"labels":["3.31"],"track_ids":[402],"conf":0.659,"n_frames":3,"first_ts":1791371491981021000,"last_ts":1791371492081043000,"image":"20261007T102104Z_c0002_photos/sign_248.jpg","gnss_q":"FIX","n_obs":3,"n_views":3,"dmin_m":6.671,"dmed_m":7.128,"err_h_m":null,"tier":"B","method":"legacy","source":"gnss","pos_src":"rt","n_tracks":1,"n_passes":1,"photo_key":"1791371492081043000_1090_591_1115_610_v2.jpg","photo_url":"https://drive.google.com/thumbnail?id=1Sl4gXqeiROPdal51DOO31oQ_Mi_hLza_&sz=w1200","photo_view":"https://drive.google.com/file/d/1Sl4gXqeiROPdal51DOO31oQ_Mi_hLza_/view","label_stats":{"3.31":{"detections":3,"mean_conf":0.601,"max_conf":0.659}},"alt":441.82,"session":"2026-10-07_20261007T102104Z","kind":"sign"}},{"type":"Feature","geometry":{"type":"Point","coordinates":[44.7698789,41.7521788]},"properties":{"pole_id":249,"labels":["Manqanis_gadayvana"],"track_ids":[403],"conf":0.775,"n_frames":4,"first_ts":1791371495681504000,"last_ts":1791371496214911000,"image":"20261007T102104Z_c0002_photos/sign_249.jpg","gnss_q":"FIX","n_obs":4,"n_views":4,"dmin_m":13.336,"dmed_m":14.265,"err_h_m":null,"tier":"B","method":"legacy","source":"gnss","pos_src":"rt","n_tracks":1,"n_passes":1,"photo_key":"1791371495914874000_893_319_967_352_v2.jpg","photo_url":"https://drive.google.com/thumbnail?id=1ILrx-ZDFHBl0zr29CUBt1ZGWAUuuhakm&sz=w1200","photo_view":"https://drive.google.com/file/d/1ILrx-ZDFHBl0zr29CUBt1ZGWAUuuhakm/view","label_stats":{"Manqanis_gadayvana":{"detections":4,"mean_conf":0.52,"max_conf":0.775}},"alt":449.38,"session":"2026-10-07_20261007T102104Z","kind":"sign"}},{"type":"Feature","geometry":{"type":"Point","coordinates":[44.7698891,41.752446]},"properties":{"pole_id":250,"labels":["3.1"],"track_ids":[408,409],"conf":0.918,"n_frames":44,"first_ts":1791371503682567000,"last_ts":1791371504982741000,"image":"20261007T102104Z_c0002_photos/sign_250.jpg","gnss_q":"FIX","n_obs":44,"n_views":39,"dmin_m":9.858,"dmed_m":12.716,"err_h_m":null,"tier":"B","method":"legacy","source":"gnss","pos_src":"rt","n_tracks":2,"n_passes":1,"photo_key":"1791371504249295000_1775_595_1817_626_v2.jpg","photo_url":"https://drive.google.com/thumbnail?id=1quTF3iWB4parjk_j57j1Dja4LJbJ8-64&sz=w1200","photo_view":"https://drive.google.com/file/d/1quTF3iWB4parjk_j57j1Dja4LJbJ8-64/view","label_stats":{"3.1":{"detections":37,"mean_conf":0.804,"max_conf":0.918}},"alt":439.83,"session":"2026-10-07_20261007T102104Z","kind":"sign"}},{"type":"Feature","geometry":{"type":"Point","coordinates":[44.7696382,41.7528925]},"properties":{"pole_id":251,"labels":["5.19.1"],"track_ids":[410],"conf":0.939,"n_frames":38,"first_ts":1791371513550515000,"last_ts":1791371514817338000,"image":"20261007T102104Z_c0002_photos/sign_251.jpg","gnss_q":"FIX","n_obs":38,"n_views":38,"dmin_m":8.41,"dmed_m":11.075,"err_h_m":null,"tier":"B","method":"legacy","source":"gnss","pos_src":"rt","n_tracks":1,"n_passes":1,"photo_key":"1791371514450629000_305_320_372_383_v2.jpg","photo_url":"https://drive.google.com/thumbnail?id=1v06-SpNntgT5kEk4YCcbQUOiZQxoxF3D&sz=w1200","photo_view":"https://drive.google.com/file/d/1v06-SpNntgT5kEk4YCcbQUOiZQxoxF3D/view","label_stats":{"5.19.1":{"detections":38,"mean_conf":0.902,"max_conf":0.939}},"alt":447.74,"session":"2026-10-07_20261007T102104Z","kind":"sign"}},{"type":"Feature","geometry":{"type":"Point","coordinates":[44.7698122,41.7529617]},"properties":{"pole_id":252,"labels":["3.27"],"track_ids":[411],"conf":0.921,"n_frames":9,"first_ts":1791371514517301000,"last_ts":1791371514783989000,"image":"20261007T102104Z_c0002_photos/sign_252.jpg","gnss_q":"FIX","n_obs":9,"n_views":9,"dmin_m":14.117,"dmed_m":14.415,"err_h_m":null,"tier":"B","method":"legacy","source":"gnss","pos_src":"rt","n_tracks":1,"n_passes":1,"photo_key":"1791371514683993000_1799_354_1859_415_v2.jpg","photo_url":"https://drive.google.com/thumbnail?id=1KhRuONvVQSpSt3Wvw1uVXkek1SKa8rkA&sz=w1200","photo_view":"https://drive.google.com/file/d/1KhRuONvVQSpSt3Wvw1uVXkek1SKa8rkA/view","label_stats":{"3.27":{"detections":9,"mean_conf":0.885,"max_conf":0.921}},"alt":442.15,"session":"2026-10-07_20261007T102104Z","kind":"sign"}},{"type":"Feature","geometry":{"type":"Point","coordinates":[44.7696037,41.7530317]},"properties":{"pole_id":253,"labels":["3.31"],"track_ids":[413],"conf":0.958,"n_frames":38,"first_ts":1791371515817470000,"last_ts":1791371517084291000,"image":"20261007T102104Z_c0002_photos/sign_253.jpg","gnss_q":"FIX","n_obs":38,"n_views":38,"dmin_m":7.643,"dmed_m":10.83,"err_h_m":null,"tier":"A","method":"legacy","source":"gnss","pos_src":"rt","n_tracks":1,"n_passes":1,"photo_key":"1791371516384195000_492_516_542_560_v2.jpg","photo_url":"https://drive.google.com/thumbnail?id=1S_v4KWfaVf4kXZSw-Kg2AnMAO0zZvccs&sz=w1200","photo_view":"https://drive.google.com/file/d/1S_v4KWfaVf4kXZSw-Kg2AnMAO0zZvccs/view","label_stats":{"3.31":{"detections":52,"mean_conf":0.811,"max_conf":0.958}},"alt":446.46,"session":"2026-10-07_20261007T102104Z","kind":"sign"}},{"type":"Feature","geometry":{"type":"Point","coordinates":[44.7696075,41.7530283]},"properties":{"pole_id":254,"labels":["3.31"],"track_ids":[414],"conf":0.899,"n_frames":22,"first_ts":1791371515884142000,"last_ts":1791371517084291000,"image":"20261007T102104Z_c0002_photos/sign_254.jpg","gnss_q":"FIX","n_obs":22,"n_views":20,"dmin_m":7.885,"dmed_m":10.784,"err_h_m":null,"tier":"A","method":"legacy","source":"gnss","pos_src":"rt","n_tracks":1,"n_passes":1,"photo_key":"1791371517050940000_59_300_169_388_v2.jpg","photo_url":"https://drive.google.com/thumbnail?id=1rnVqIGeCOoEZYI_vAb8Aq3M8FskkKot6&sz=w1200","photo_view":"https://drive.google.com/file/d/1rnVqIGeCOoEZYI_vAb8Aq3M8FskkKot6/view","label_stats":{"3.31":{"detections":50,"mean_conf":0.811,"max_conf":0.958}},"alt":447.22,"session":"2026-10-07_20261007T102104Z","kind":"sign"}},{"type":"Feature","geometry":{"type":"Point","coordinates":[44.769743,41.7530851]},"properties":{"pole_id":255,"labels":["5.16"],"track_ids":[415],"conf":0.93,"n_frames":13,"first_ts":1791371516384195000,"last_ts":1791371516784253000,"image":"20261007T102104Z_c0002_photos/sign_255.jpg","gnss_q":"FIX","n_obs":13,"n_views":13,"dmin_m":5.925,"dmed_m":13.581,"err_h_m":null,"tier":"A","method":"legacy","source":"gnss","pos_src":"rt","n_tracks":1,"n_passes":1,"photo_key":"1791371516617560000_1445_455_1503_526_v2.jpg","photo_url":"https://drive.google.com/thumbnail?id=1STEJe_Qtb5VSnYxyZuS7lXJ_Fp26aGxc&sz=w1200","photo_view":"https://drive.google.com/file/d/1STEJe_Qtb5VSnYxyZuS7lXJ_Fp26aGxc/view","label_stats":{"5.16":{"detections":12,"mean_conf":0.896,"max_conf":0.93}},"alt":443.3,"session":"2026-10-07_20261007T102104Z","kind":"sign"}},{"type":"Feature","geometry":{"type":"Point","coordinates":[44.7694775,41.7536327]},"properties":{"pole_id":256,"labels":["3.24_60"],"track_ids":[416],"conf":0.871,"n_frames":7,"first_ts":1791371525385340000,"last_ts":1791371525685376000,"image":"20261007T102104Z_c0002_photos/sign_256.jpg","gnss_q":"FIX","n_obs":7,"n_views":7,"dmin_m":12.197,"dmed_m":13.224,"err_h_m":null,"tier":"B","method":"legacy","source":"gnss","pos_src":"rt","n_tracks":1,"n_passes":1,"photo_key":"1791371525585383000_586_368_622_401_v2.jpg","photo_url":"https://drive.google.com/thumbnail?id=10Cji9Pycq1dsZgGPtRGGw05JtFHGLEuK&sz=w1200","photo_view":"https://drive.google.com/file/d/10Cji9Pycq1dsZgGPtRGGw05JtFHGLEuK/view","label_stats":{"3.24_60":{"detections":8,"mean_conf":0.645,"max_conf":0.871}},"alt":451.12,"session":"2026-10-07_20261007T102104Z","kind":"sign"}},{"type":"Feature","geometry":{"type":"Point","coordinates":[44.7694778,41.7536323]},"properties":{"pole_id":257,"labels":["3.24_60"],"track_ids":[417],"conf":0.667,"n_frames":3,"first_ts":1791371525552034000,"last_ts":1791371525718726000,"image":"20261007T102104Z_c0002_photos/sign_257.jpg","gnss_q":"FIX","n_obs":3,"n_views":3,"dmin_m":11.809,"dmed_m":12.193,"err_h_m":null,"tier":"B","method":"legacy","source":"gnss","pos_src":"rt","n_tracks":1,"n_passes":1,"photo_key":"1791371525552034000_593_374_629_407_v2.jpg","photo_url":"https://drive.google.com/thumbnail?id=1wkf2fQ9sR-IWcntWCaImxveLxKimyzE3&sz=w1200","photo_view":"https://drive.google.com/file/d/1wkf2fQ9sR-IWcntWCaImxveLxKimyzE3/view","label_stats":{"3.24_60":{"detections":5,"mean_conf":0.638,"max_conf":0.871}},"alt":450.91,"session":"2026-10-07_20261007T102104Z","kind":"sign"}},{"type":"Feature","geometry":{"type":"Point","coordinates":[44.7694391,41.7542893]},"properties":{"pole_id":258,"labels":["4.1.1"],"track_ids":[418],"conf":0.934,"n_frames":33,"first_ts":1791371533986443000,"last_ts":1791371535053247000,"image":"20261007T102104Z_c0002_photos/sign_258.jpg","gnss_q":"FIX","n_obs":33,"n_views":33,"dmin_m":8.037,"dmed_m":11.286,"err_h_m":null,"tier":"B","method":"legacy","source":"gnss","pos_src":"rt","n_tracks":1,"n_passes":1,"photo_key":"1791371534753209000_1535_440_1611_501_v2.jpg","photo_url":"https://drive.google.com/thumbnail?id=1m7UFb6WXLA12Va9dc1RlePPd1Uv1LsXd&sz=w1200","photo_view":"https://drive.google.com/file/d/1m7UFb6WXLA12Va9dc1RlePPd1Uv1LsXd/view","label_stats":{"4.1.1":{"detections":33,"mean_conf":0.895,"max_conf":0.934}},"alt":442.92,"session":"2026-10-07_20261007T102104Z","kind":"sign"}},{"type":"Feature","geometry":{"type":"Point","coordinates":[44.7693927,41.7544896]},"properties":{"pole_id":259,"labels":["2.1"],"track_ids":[419],"conf":0.959,"n_frames":32,"first_ts":1791371536720122000,"last_ts":1791371537820245000,"image":"20261007T102104Z_c0002_photos/sign_259.jpg","gnss_q":"FIX","n_obs":32,"n_views":32,"dmin_m":8.286,"dmed_m":11.475,"err_h_m":null,"tier":"B","method":"legacy","source":"gnss","pos_src":"rt","n_tracks":1,"n_passes":1,"photo_key":"1791371537486886000_1527_427_1614_508_v2.jpg","photo_url":"https://drive.google.com/thumbnail?id=1fWgBHU-PsUIrAZ-NP0ibasa--KvF-H25&sz=w1200","photo_view":"https://drive.google.com/file/d/1fWgBHU-PsUIrAZ-NP0ibasa--KvF-H25/view","label_stats":{"2.1":{"detections":32,"mean_conf":0.941,"max_conf":0.959}},"alt":442.84,"session":"2026-10-07_20261007T102104Z","kind":"sign"}},{"type":"Feature","geometry":{"type":"Point","coordinates":[44.7693562,41.7547985]},"properties":{"pole_id":260,"labels":["3.1"],"track_ids":[420],"conf":0.942,"n_frames":9,"first_ts":1791371541920759000,"last_ts":1791371542187474000,"image":"20261007T102104Z_c0002_photos/sign_260.jpg","gnss_q":"FIX","n_obs":9,"n_views":9,"dmin_m":13.19,"dmed_m":13.718,"err_h_m":null,"tier":"B","method":"legacy","source":"gnss","pos_src":"rt","n_tracks":1,"n_passes":1,"photo_key":"1791371542054130000_1775_484_1836_538_v2.jpg","photo_url":"https://drive.google.com/thumbnail?id=1V3hTX6mONwC5F7rBc4sgQl1Cz17MoTgQ&sz=w1200","photo_view":"https://drive.google.com/file/d/1V3hTX6mONwC5F7rBc4sgQl1Cz17MoTgQ/view","label_stats":{"3.1":{"detections":9,"mean_conf":0.925,"max_conf":0.942}},"alt":441.35,"session":"2026-10-07_20261007T102104Z","kind":"sign"}},{"type":"Feature","geometry":{"type":"Point","coordinates":[44.7693237,41.7549273]},"properties":{"pole_id":261,"labels":["3.27"],"track_ids":[422],"conf":0.94,"n_frames":10,"first_ts":1791371544254404000,"last_ts":1791371544554440000,"image":"20261007T102104Z_c0002_photos/sign_261.jpg","gnss_q":"FIX","n_obs":10,"n_views":10,"dmin_m":12.985,"dmed_m":13.755,"err_h_m":null,"tier":"B","method":"legacy","source":"gnss","pos_src":"rt","n_tracks":1,"n_passes":1,"photo_key":"1791371544254404000_1690_484_1745_532_v2.jpg","photo_url":"https://drive.google.com/thumbnail?id=1FRSolHPYGvYixEvUOPnOJ74OeDWn1aFr&sz=w1200","photo_view":"https://drive.google.com/file/d/1FRSolHPYGvYixEvUOPnOJ74OeDWn1aFr/view","label_stats":{"3.27":{"detections":10,"mean_conf":0.927,"max_conf":0.94}},"alt":441.32,"session":"2026-10-07_20261007T102104Z","kind":"sign"}},{"type":"Feature","geometry":{"type":"Point","coordinates":[44.7691608,41.7549298]},"properties":{"pole_id":262,"labels":["3.24_60"],"track_ids":[424],"conf":0.791,"n_frames":11,"first_ts":1791371544654437000,"last_ts":1791371545287856000,"image":"20261007T102104Z_c0002_photos/sign_262.jpg","gnss_q":"FIX","n_obs":11,"n_views":10,"dmin_m":10.39,"dmed_m":13.697,"err_h_m":null,"tier":"B","method":"legacy","source":"gnss","pos_src":"rt","n_tracks":1,"n_passes":1,"photo_key":"1791371544721109000_568_364_601_398_v2.jpg","photo_url":"https://drive.google.com/thumbnail?id=1KyGlo2QcDhyET8swKEwIA9xHj1QDA7kn&sz=w1200","photo_view":"https://drive.google.com/file/d/1KyGlo2QcDhyET8swKEwIA9xHj1QDA7kn/view","label_stats":{"3.24_60":{"detections":11,"mean_conf":0.661,"max_conf":0.791}},"alt":451.29,"session":"2026-10-07_20261007T102104Z","kind":"sign"}},{"type":"Feature","geometry":{"type":"Point","coordinates":[44.76916,41.754932]},"properties":{"pole_id":263,"labels":["3.24_60"],"track_ids":[425],"conf":0.545,"n_frames":3,"first_ts":1791371544654437000,"last_ts":1791371544887801000,"image":"20261007T102104Z_c0002_photos/sign_263.jpg","gnss_q":"FIX","n_obs":3,"n_views":3,"dmin_m":13.495,"dmed_m":13.792,"err_h_m":null,"tier":"B","method":"legacy","source":"gnss","pos_src":"rt","n_tracks":1,"n_passes":1,"photo_key":"1791371544821129000_546_346_578_377_v2.jpg","photo_url":"https://drive.google.com/thumbnail?id=1cw67QrKHZDRUp3fvXVzbXufS9-IBv9uA&sz=w1200","photo_view":"https://drive.google.com/file/d/1cw67QrKHZDRUp3fvXVzbXufS9-IBv9uA/view","label_stats":{"3.24_60":{"detections":9,"mean_conf":0.66,"max_conf":0.791}},"alt":451.78,"session":"2026-10-07_20261007T102104Z","kind":"sign"}},{"type":"Feature","geometry":{"type":"Point","coordinates":[44.7690955,41.7551296]},"properties":{"pole_id":264,"labels":["3.24_60"],"track_ids":[427],"conf":0.957,"n_frames":99,"first_ts":1791371549288346000,"last_ts":1791371552222056000,"image":"20261007T102104Z_c0002_photos/sign_264.jpg","gnss_q":"FIX","n_obs":99,"n_views":87,"dmin_m":8.277,"dmed_m":10.905,"err_h_m":null,"tier":"B","method":"legacy","source":"gnss","pos_src":"rt","n_tracks":1,"n_passes":1,"photo_key":"1791371549488386000_549_518_589_555_v2.jpg","photo_url":"https://drive.google.com/thumbnail?id=1BJkRKcdpdTFRSxoTdiiH3geZ3d6rUGte&sz=w1200","photo_view":"https://drive.google.com/file/d/1BJkRKcdpdTFRSxoTdiiH3geZ3d6rUGte/view","label_stats":{"3.24_60":{"detections":87,"mean_conf":0.928,"max_conf":0.957}},"alt":448.28,"session":"2026-10-07_20261007T102104Z","kind":"sign"}},{"type":"Feature","geometry":{"type":"Point","coordinates":[44.7690498,41.7553784]},"properties":{"pole_id":265,"labels":["3.13"],"track_ids":[429],"conf":0.62,"n_frames":5,"first_ts":1791371557422682000,"last_ts":1791371557856088000,"image":"20261007T102104Z_c0002_photos/sign_265.jpg","gnss_q":"FIX","n_obs":5,"n_views":4,"dmin_m":11.267,"dmed_m":13.85,"err_h_m":null,"tier":"B","method":"legacy","source":"gnss","pos_src":"rt","n_tracks":1,"n_passes":1,"photo_key":"1791371557489354000_566_391_597_421_v2.jpg","photo_url":"https://drive.google.com/thumbnail?id=1o14j1uT9oQ_QXyEWw5DiutUFT13RxEAo&sz=w1200","photo_view":"https://drive.google.com/file/d/1o14j1uT9oQ_QXyEWw5DiutUFT13RxEAo/view","label_stats":{"3.13":{"detections":3,"mean_conf":0.539,"max_conf":0.62}},"alt":451.07,"session":"2026-10-07_20261007T102104Z","kind":"sign"}},{"type":"Feature","geometry":{"type":"Point","coordinates":[44.7691209,41.7556363]},"properties":{"pole_id":266,"labels":["5.16"],"track_ids":[430],"conf":0.944,"n_frames":25,"first_ts":1791371562223277000,"last_ts":1791371563056712000,"image":"20261007T102104Z_c0002_photos/sign_266.jpg","gnss_q":"DGNSS","n_obs":25,"n_views":24,"dmin_m":8.637,"dmed_m":10.6,"err_h_m":null,"tier":"C","method":"legacy","source":"gnss","pos_src":"rt","n_tracks":1,"n_passes":1,"photo_key":"1791371562556663000_1506_406_1575_489_v2.jpg","photo_url":"https://drive.google.com/thumbnail?id=1zhNZtch37sGh4wkEiX1dhFynyGROz9ps&sz=w1200","photo_view":"https://drive.google.com/file/d/1zhNZtch37sGh4wkEiX1dhFynyGROz9ps/view","label_stats":{"5.16":{"detections":25,"mean_conf":0.928,"max_conf":0.944}},"alt":442.34,"session":"2026-10-07_20261007T102104Z","kind":"sign"}},{"type":"Feature","geometry":{"type":"Point","coordinates":[44.768941,41.75592]},"properties":{"pole_id":267,"labels":["3.24_60"],"track_ids":[431],"conf":0.623,"n_frames":3,"first_ts":1791371566790504000,"last_ts":1791371566857176000,"image":"20261007T102104Z_c0002_photos/sign_267.jpg","gnss_q":"FIX","n_obs":3,"n_views":3,"dmin_m":13.694,"dmed_m":14.123,"err_h_m":null,"tier":"B","method":"legacy","source":"gnss","pos_src":"rt","n_tracks":1,"n_passes":1,"photo_key":"1791371566790504000_554_399_587_434_v2.jpg","photo_url":"https://drive.google.com/thumbnail?id=186hI7w3oDLagZaLDRYNKYOH4FeA8gfcA&sz=w1200","photo_view":"https://drive.google.com/file/d/186hI7w3oDLagZaLDRYNKYOH4FeA8gfcA/view","label_stats":{"3.24_60":{"detections":3,"mean_conf":0.59,"max_conf":0.623}},"alt":450.22,"session":"2026-10-07_20261007T102104Z","kind":"sign"}},{"type":"Feature","geometry":{"type":"Point","coordinates":[44.7688381,41.7565341]},"properties":{"pole_id":268,"labels":["3.24_60"],"track_ids":[432],"conf":0.684,"n_frames":4,"first_ts":1791371574524775000,"last_ts":1791371574791487000,"image":"20261007T102104Z_c0002_photos/sign_268.jpg","gnss_q":"FIX","n_obs":4,"n_views":4,"dmin_m":12.409,"dmed_m":14.528,"err_h_m":null,"tier":"B","method":"legacy","source":"gnss","pos_src":"rt","n_tracks":1,"n_passes":1,"photo_key":"1791371574524775000_594_437_647_510_v2.jpg","photo_url":"https://drive.google.com/thumbnail?id=1G9k1NvPFuWT0ZeX_rls8VymnBpzxGavk&sz=w1200","photo_view":"https://drive.google.com/file/d/1G9k1NvPFuWT0ZeX_rls8VymnBpzxGavk/view","label_stats":{"3.24_60":{"detections":4,"mean_conf":0.621,"max_conf":0.684}},"alt":448.96,"session":"2026-10-07_20261007T102104Z","kind":"sign"}},{"type":"Feature","geometry":{"type":"Point","coordinates":[44.768925,41.7568377]},"properties":{"pole_id":269,"labels":["2.1"],"track_ids":[433],"conf":0.896,"n_frames":20,"first_ts":1791371578125222000,"last_ts":1791371578825313000,"image":"20261007T102104Z_c0002_photos/sign_269.jpg","gnss_q":"FIX","n_obs":20,"n_views":20,"dmin_m":10.498,"dmed_m":12.749,"err_h_m":null,"tier":"B","method":"legacy","source":"gnss","pos_src":"rt","n_tracks":1,"n_passes":1,"photo_key":"1791371578358585000_1437_456_1496_512_v2.jpg","photo_url":"https://drive.google.com/thumbnail?id=1KE5O2Q4beN2xry2Nso0leuJul-TgVi9H&sz=w1200","photo_view":"https://drive.google.com/file/d/1KE5O2Q4beN2xry2Nso0leuJul-TgVi9H/view","label_stats":{"2.1":{"detections":20,"mean_conf":0.742,"max_conf":0.896}},"alt":441.18,"session":"2026-10-07_20261007T102104Z","kind":"sign"}},{"type":"Feature","geometry":{"type":"Point","coordinates":[44.7689177,41.7568336]},"properties":{"pole_id":270,"labels":["4.1.1"],"track_ids":[434],"conf":0.926,"n_frames":19,"first_ts":1791371578325238000,"last_ts":1791371578925307000,"image":"20261007T102104Z_c0002_photos/sign_270.jpg","gnss_q":"FIX","n_obs":19,"n_views":19,"dmin_m":9.504,"dmed_m":11.41,"err_h_m":null,"tier":"B","method":"legacy","source":"gnss","pos_src":"rt","n_tracks":1,"n_passes":1,"photo_key":"1791371578558600000_1537_488_1591_540_v2.jpg","photo_url":"https://drive.google.com/thumbnail?id=1DrfVnaItppc8HJ9T_MFMsNAxgrJhGHlM&sz=w1200","photo_view":"https://drive.google.com/file/d/1DrfVnaItppc8HJ9T_MFMsNAxgrJhGHlM/view","label_stats":{"4.1.1":{"detections":19,"mean_conf":0.905,"max_conf":0.926}},"alt":440.51,"session":"2026-10-07_20261007T102104Z","kind":"sign"}},{"type":"Feature","geometry":{"type":"Point","coordinates":[44.7687511,41.7571432]},"properties":{"pole_id":271,"labels":["3.24_60"],"track_ids":[435],"conf":0.763,"n_frames":9,"first_ts":1791371582925808000,"last_ts":1791371583525879000,"image":"20261007T102104Z_c0002_photos/sign_271.jpg","gnss_q":"FIX","n_obs":9,"n_views":9,"dmin_m":11.045,"dmed_m":12.136,"err_h_m":null,"tier":"B","method":"legacy","source":"gnss","pos_src":"rt","n_tracks":1,"n_passes":1,"photo_key":"1791371583392508000_549_423_585_459_v2.jpg","photo_url":"https://drive.google.com/thumbnail?id=1-cwuoNh97j9GkNPdPNCJCR0tI0KUUzyd&sz=w1200","photo_view":"https://drive.google.com/file/d/1-cwuoNh97j9GkNPdPNCJCR0tI0KUUzyd/view","label_stats":{"3.24_60":{"detections":9,"mean_conf":0.6,"max_conf":0.763}},"alt":448.88,"session":"2026-10-07_20261007T102104Z","kind":"sign"}},{"type":"Feature","geometry":{"type":"Point","coordinates":[44.7686734,41.7577237]},"properties":{"pole_id":272,"labels":["3.24_40","3.24_60"],"track_ids":[436],"conf":0.86,"n_frames":11,"first_ts":1791371591626836000,"last_ts":1791371592626959000,"image":"20261007T102104Z_c0002_photos/sign_272.jpg","gnss_q":"FIX","n_obs":11,"n_views":10,"dmin_m":8.609,"dmed_m":10.29,"err_h_m":null,"tier":"B","method":"legacy","source":"gnss","pos_src":"rt","n_tracks":1,"n_passes":1,"photo_key":"1791371592560289000_381_271_443_330_v2.jpg","photo_url":"https://drive.google.com/thumbnail?id=10oD7CqXgA5LKXQ--FS9QdOgDMP_FlM4z&sz=w1200","photo_view":"https://drive.google.com/file/d/10oD7CqXgA5LKXQ--FS9QdOgDMP_FlM4z/view","label_stats":{"3.24_60":{"detections":9,"mean_conf":0.503,"max_conf":0.697},"3.24_40":{"detections":6,"mean_conf":0.637,"max_conf":0.86}},"alt":449.32,"session":"2026-10-07_20261007T102104Z","kind":"sign"}},{"type":"Feature","geometry":{"type":"Point","coordinates":[44.7686733,41.7577271]},"properties":{"pole_id":273,"labels":["3.24_60"],"track_ids":[437],"conf":0.697,"n_frames":5,"first_ts":1791371591793528000,"last_ts":1791371592126911000,"image":"20261007T102104Z_c0002_photos/sign_273.jpg","gnss_q":"FIX","n_obs":5,"n_views":5,"dmin_m":11.433,"dmed_m":13.358,"err_h_m":null,"tier":"B","method":"legacy","source":"gnss","pos_src":"rt","n_tracks":1,"n_passes":1,"photo_key":"1791371591860200000_613_406_671_486_v2.jpg","photo_url":"https://drive.google.com/thumbnail?id=1xIMyfVEx1kN3spIMf9VLm5dbvTlV4R8G&sz=w1200","photo_view":"https://drive.google.com/file/d/1xIMyfVEx1kN3spIMf9VLm5dbvTlV4R8G/view","label_stats":{"3.24_60":{"detections":6,"mean_conf":0.506,"max_conf":0.697}},"alt":449.82,"session":"2026-10-07_20261007T102104Z","kind":"sign"}},{"type":"Feature","geometry":{"type":"Point","coordinates":[44.7685935,41.7581902]},"properties":{"pole_id":274,"labels":["4.1.3"],"track_ids":[438],"conf":0.526,"n_frames":3,"first_ts":1791371602061414000,"last_ts":1791371602228106000,"image":"20261007T102104Z_c0002_photos/sign_274.jpg","gnss_q":"FIX","n_obs":3,"n_views":3,"dmin_m":10.563,"dmed_m":10.948,"err_h_m":null,"tier":"B","method":"legacy","source":"gnss","pos_src":"rt","n_tracks":1,"n_passes":1,"photo_key":"1791371602128087000_412_352_439_374_v2.jpg","photo_url":"https://drive.google.com/thumbnail?id=17acdRw_hNC5wEyRgRcD92fgk4OrS-fAM&sz=w1200","photo_view":"https://drive.google.com/file/d/17acdRw_hNC5wEyRgRcD92fgk4OrS-fAM/view","label_stats":{"4.1.3":{"detections":2,"mean_conf":0.465,"max_conf":0.526}},"alt":450.59,"session":"2026-10-07_20261007T102104Z","kind":"sign"}},{"type":"Feature","geometry":{"type":"Point","coordinates":[44.7685447,41.7585634]},"properties":{"pole_id":275,"labels":["3.24_60"],"track_ids":[439],"conf":0.765,"n_frames":7,"first_ts":1791371609262288000,"last_ts":1791371609795681000,"image":"20261007T102104Z_c0002_photos/sign_275.jpg","gnss_q":"FIX","n_obs":7,"n_views":7,"dmin_m":12.494,"dmed_m":13.572,"err_h_m":null,"tier":"B","method":"legacy","source":"gnss","pos_src":"rt","n_tracks":1,"n_passes":1,"photo_key":"1791371609795681000_532_393_570_430_v2.jpg","photo_url":"https://drive.google.com/thumbnail?id=1C_BGLGACXGuxjbqnZKaT1aXBPH83XZCZ&sz=w1200","photo_view":"https://drive.google.com/file/d/1C_BGLGACXGuxjbqnZKaT1aXBPH83XZCZ/view","label_stats":{"3.24_60":{"detections":6,"mean_conf":0.509,"max_conf":0.765}},"alt":451.21,"session":"2026-10-07_20261007T102104Z","kind":"sign"}},{"type":"Feature","geometry":{"type":"Point","coordinates":[44.7686536,41.7588775]},"properties":{"pole_id":276,"labels":["1.18"],"track_ids":[441],"conf":0.658,"n_frames":3,"first_ts":1791371621263697000,"last_ts":1791371621330368000,"image":"20261007T102104Z_c0002_photos/sign_276.jpg","gnss_q":"FIX","n_obs":3,"n_views":3,"dmin_m":13.392,"dmed_m":13.437,"err_h_m":null,"tier":"B","method":"legacy","source":"gnss","pos_src":"rt","n_tracks":1,"n_passes":1,"photo_key":"1791371621330368000_1852_499_1919_544_v2.jpg","photo_url":"https://drive.google.com/thumbnail?id=13cHAriF8z3VZisWY9j9wDo8vHlrNqAyM&sz=w1200","photo_view":"https://drive.google.com/file/d/13cHAriF8z3VZisWY9j9wDo8vHlrNqAyM/view","label_stats":{"1.18":{"detections":1,"mean_conf":0.658,"max_conf":0.658}},"alt":439.3,"session":"2026-10-07_20261007T102104Z","kind":"sign"}},{"type":"Feature","geometry":{"type":"Point","coordinates":[44.7685664,41.7597464]},"properties":{"pole_id":277,"labels":["4.2.3"],"track_ids":[443],"conf":0.964,"n_frames":38,"first_ts":1791371632931744000,"last_ts":1791371634098528000,"image":"20261007T102104Z_c0002_photos/sign_277.jpg","gnss_q":"DGNSS","n_obs":38,"n_views":36,"dmin_m":3.557,"dmed_m":8.835,"err_h_m":null,"tier":"C","method":"legacy","source":"gnss","pos_src":"rt","n_tracks":1,"n_passes":1,"photo_key":"1791371633631803000_1200_476_1266_538_v2.jpg","photo_url":"https://drive.google.com/thumbnail?id=1aiEWZxyop4Jk66iVVtQbKnK_Lc8M47BO&sz=w1200","photo_view":"https://drive.google.com/file/d/1aiEWZxyop4Jk66iVVtQbKnK_Lc8M47BO/view","label_stats":{"4.2.3":{"detections":36,"mean_conf":0.921,"max_conf":0.964}},"alt":445.2,"session":"2026-10-07_20261007T102104Z","kind":"sign"}},{"type":"Feature","geometry":{"type":"Point","coordinates":[44.7688326,41.7639478]},"properties":{"pole_id":278,"labels":["4.1.1"],"track_ids":[445],"conf":0.944,"n_frames":27,"first_ts":1791371666468961000,"last_ts":1791371667335713000,"image":"20261007T102104Z_c0002_photos/sign_278.jpg","gnss_q":"FIX","n_obs":27,"n_views":27,"dmin_m":4.218,"dmed_m":8.295,"err_h_m":null,"tier":"A","method":"legacy","source":"gnss","pos_src":"rt","n_tracks":1,"n_passes":1,"photo_key":"1791371666468961000_1112_532_1148_568_v2.jpg","photo_url":"https://drive.google.com/thumbnail?id=1lRvLKWuhfZPP2MYvCGVI868U6pnpeeBd&sz=w1200","photo_view":"https://drive.google.com/file/d/1lRvLKWuhfZPP2MYvCGVI868U6pnpeeBd/view","label_stats":{"4.1.1":{"detections":27,"mean_conf":0.926,"max_conf":0.944}},"alt":447.12,"session":"2026-10-07_20261007T102104Z","kind":"sign"}},{"type":"Feature","geometry":{"type":"Point","coordinates":[44.7693508,41.7679727]},"properties":{"pole_id":279,"labels":["3.24_40"],"track_ids":[447],"conf":0.698,"n_frames":4,"first_ts":1791371702506400000,"last_ts":1791371702739762000,"image":"20261007T102104Z_c0002_photos/sign_279.jpg","gnss_q":"FIX","n_obs":4,"n_views":4,"dmin_m":10.364,"dmed_m":11.831,"err_h_m":null,"tier":"B","method":"legacy","source":"gnss","pos_src":"rt","n_tracks":1,"n_passes":1,"photo_key":"1791371702706440000_1723_377_1807_434_v2.jpg","photo_url":"https://drive.google.com/thumbnail?id=1-mfm_cbNY6oj2ELgQZs0dWr_QVvpkFXi&sz=w1200","photo_view":"https://drive.google.com/file/d/1-mfm_cbNY6oj2ELgQZs0dWr_QVvpkFXi/view","label_stats":{"3.24_40":{"detections":2,"mean_conf":0.633,"max_conf":0.698}},"alt":440.58,"session":"2026-10-07_20261007T102104Z","kind":"sign"}},{"type":"Feature","geometry":{"type":"Point","coordinates":[44.7693338,41.7682904]},"properties":{"pole_id":280,"labels":["3.27"],"track_ids":[448],"conf":0.949,"n_frames":18,"first_ts":1791371704973359000,"last_ts":1791371705573422000,"image":"20261007T102104Z_c0002_photos/sign_280.jpg","gnss_q":"FIX","n_obs":18,"n_views":18,"dmin_m":9.041,"dmed_m":11.964,"err_h_m":null,"tier":"B","method":"legacy","source":"gnss","pos_src":"rt","n_tracks":1,"n_passes":1,"photo_key":"1791371705540074000_1781_296_1883_373_v2.jpg","photo_url":"https://drive.google.com/thumbnail?id=1RRsGJRr0XP52cG-Etusl3nbQju3v0T5K&sz=w1200","photo_view":"https://drive.google.com/file/d/1RRsGJRr0XP52cG-Etusl3nbQju3v0T5K/view","label_stats":{"3.27":{"detections":18,"mean_conf":0.928,"max_conf":0.949}},"alt":441.53,"session":"2026-10-07_20261007T102104Z","kind":"sign"}},{"type":"Feature","geometry":{"type":"Point","coordinates":[44.7693334,41.768607]},"properties":{"pole_id":281,"labels":["3.27"],"track_ids":[449],"conf":0.945,"n_frames":18,"first_ts":1791371707807021000,"last_ts":1791371708373737000,"image":"20261007T102104Z_c0002_photos/sign_281.jpg","gnss_q":"FIX","n_obs":18,"n_views":18,"dmin_m":9.206,"dmed_m":11.356,"err_h_m":null,"tier":"B","method":"legacy","source":"gnss","pos_src":"rt","n_tracks":1,"n_passes":1,"photo_key":"1791371708307066000_1708_228_1784_302_v2.jpg","photo_url":"https://drive.google.com/thumbnail?id=1zGMCjjY4ajyqXymPeqkecFOS1mV-MiOo&sz=w1200","photo_view":"https://drive.google.com/file/d/1zGMCjjY4ajyqXymPeqkecFOS1mV-MiOo/view","label_stats":{"3.27":{"detections":18,"mean_conf":0.929,"max_conf":0.945}},"alt":442.56,"session":"2026-10-07_20261007T102104Z","kind":"sign"}},{"type":"Feature","geometry":{"type":"Point","coordinates":[44.769298,41.7700498]},"properties":{"pole_id":282,"labels":["2.1"],"track_ids":[451],"conf":0.93,"n_frames":25,"first_ts":1791371720741796000,"last_ts":1791371721541901000,"image":"20261007T102104Z_c0002_photos/sign_282.jpg","gnss_q":"FIX","n_obs":25,"n_views":25,"dmin_m":6.488,"dmed_m":10.118,"err_h_m":null,"tier":"A","method":"legacy","source":"gnss","pos_src":"rt","n_tracks":1,"n_passes":1,"photo_key":"1791371721141851000_1235_354_1303_421_v2.jpg","photo_url":"https://drive.google.com/thumbnail?id=1_VvJ5sAEHmEC-UXX9zlTTqeexcGH3gD-&sz=w1200","photo_view":"https://drive.google.com/file/d/1_VvJ5sAEHmEC-UXX9zlTTqeexcGH3gD-/view","label_stats":{"2.1":{"detections":25,"mean_conf":0.882,"max_conf":0.93}},"alt":446.63,"session":"2026-10-07_20261007T102104Z","kind":"sign"}},{"type":"Feature","geometry":{"type":"Point","coordinates":[44.7692919,41.7700497]},"properties":{"pole_id":283,"labels":["4.1.4"],"track_ids":[452],"conf":0.952,"n_frames":25,"first_ts":1791371720808494000,"last_ts":1791371721608571000,"image":"20261007T102104Z_c0002_photos/sign_283.jpg","gnss_q":"FIX","n_obs":25,"n_views":25,"dmin_m":5.688,"dmed_m":9.016,"err_h_m":null,"tier":"A","method":"legacy","source":"gnss","pos_src":"rt","n_tracks":1,"n_passes":1,"photo_key":"1791371721108529000_1236_430_1287_476_v2.jpg","photo_url":"https://drive.google.com/thumbnail?id=1gOSGWV90E5bZKp2wgVkRDvOP6JbMORcf&sz=w1200","photo_view":"https://drive.google.com/file/d/1gOSGWV90E5bZKp2wgVkRDvOP6JbMORcf/view","label_stats":{"4.1.4":{"detections":25,"mean_conf":0.925,"max_conf":0.952}},"alt":445.95,"session":"2026-10-07_20261007T102104Z","kind":"sign"}},{"type":"Feature","geometry":{"type":"Point","coordinates":[44.7692875,41.7701918]},"properties":{"pole_id":284,"labels":["3.4","8.3.1"],"track_ids":[453],"conf":0.947,"n_frames":26,"first_ts":1791371722108617000,"last_ts":1791371722942043000,"image":"20261007T102104Z_c0002_photos/sign_284.jpg","gnss_q":"FIX","n_obs":26,"n_views":26,"dmin_m":5.223,"dmed_m":9.606,"err_h_m":null,"tier":"A","method":"legacy","source":"gnss","pos_src":"rt","n_tracks":1,"n_passes":1,"photo_key":"1791371722441998000_1205_412_1253_458_v2.jpg","photo_url":"https://drive.google.com/thumbnail?id=1BEJszauYkCESXyCq6dRL1fq8YO0K4KNl&sz=w1200","photo_view":"https://drive.google.com/file/d/1BEJszauYkCESXyCq6dRL1fq8YO0K4KNl/view","label_stats":{"3.4":{"detections":26,"mean_conf":0.901,"max_conf":0.947},"8.3.1":{"detections":26,"mean_conf":0.873,"max_conf":0.945}},"alt":446.48,"session":"2026-10-07_20261007T102104Z","kind":"sign"}},{"type":"Feature","geometry":{"type":"Point","coordinates":[44.7692845,41.7701917]},"properties":{"pole_id":285,"labels":["8.3.1","3.4"],"track_ids":[454],"conf":0.945,"n_frames":27,"first_ts":1791371722108617000,"last_ts":1791371722975391000,"image":"20261007T102104Z_c0002_photos/sign_285.jpg","gnss_q":"FIX","n_obs":27,"n_views":27,"dmin_m":5.051,"dmed_m":8.63,"err_h_m":null,"tier":"A","method":"legacy","source":"gnss","pos_src":"rt","n_tracks":1,"n_passes":1,"photo_key":"1791371722842049000_1471_249_1558_296_v2.jpg","photo_url":"https://drive.google.com/thumbnail?id=1gD4mlM9w6t2vxfO-EuPZAPbauEOUAN8S&sz=w1200","photo_view":"https://drive.google.com/file/d/1gD4mlM9w6t2vxfO-EuPZAPbauEOUAN8S/view","label_stats":{"3.4":{"detections":26,"mean_conf":0.901,"max_conf":0.947},"8.3.1":{"detections":27,"mean_conf":0.875,"max_conf":0.945}},"alt":446.26,"session":"2026-10-07_20261007T102104Z","kind":"sign"}},{"type":"Feature","geometry":{"type":"Point","coordinates":[44.7693086,41.7702469]},"properties":{"pole_id":286,"labels":["3.13"],"track_ids":[455],"conf":0.952,"n_frames":25,"first_ts":1791371722508669000,"last_ts":1791371723308773000,"image":"20261007T102104Z_c0002_photos/sign_286.jpg","gnss_q":"FIX","n_obs":25,"n_views":25,"dmin_m":7.909,"dmed_m":11.781,"err_h_m":null,"tier":"A","method":"legacy","source":"gnss","pos_src":"rt","n_tracks":1,"n_passes":1,"photo_key":"1791371723075412000_1324_218_1383_273_v2.jpg","photo_url":"https://drive.google.com/thumbnail?id=1UkKSHNKD63T7xWCf5iO1AlcZwTxNp6B0&sz=w1200","photo_view":"https://drive.google.com/file/d/1UkKSHNKD63T7xWCf5iO1AlcZwTxNp6B0/view","label_stats":{"3.13":{"detections":25,"mean_conf":0.901,"max_conf":0.952}},"alt":447.43,"session":"2026-10-07_20261007T102104Z","kind":"sign"}},{"type":"Feature","geometry":{"type":"Point","coordinates":[44.7692812,41.7706037]},"properties":{"pole_id":287,"labels":["5.5"],"track_ids":[456],"conf":0.962,"n_frames":24,"first_ts":1791371725842372000,"last_ts":1791371726609126000,"image":"20261007T102104Z_c0002_photos/sign_287.jpg","gnss_q":"FIX","n_obs":24,"n_views":24,"dmin_m":5.253,"dmed_m":9.252,"err_h_m":null,"tier":"A","method":"legacy","source":"gnss","pos_src":"rt","n_tracks":1,"n_passes":1,"photo_key":"1791371726509133000_1497_104_1622_210_v2.jpg","photo_url":"https://drive.google.com/thumbnail?id=1pS144JqYRDdLazgfC7wrSMdeuQsJagLl&sz=w1200","photo_view":"https://drive.google.com/file/d/1pS144JqYRDdLazgfC7wrSMdeuQsJagLl/view","label_stats":{"5.5":{"detections":23,"mean_conf":0.939,"max_conf":0.962}},"alt":447.1,"session":"2026-10-07_20261007T102104Z","kind":"sign"}},{"type":"Feature","geometry":{"type":"Point","coordinates":[44.7692773,41.7706044]},"properties":{"pole_id":288,"labels":["3.24_60","3.24_80"],"track_ids":[457],"conf":0.952,"n_frames":27,"first_ts":1791371725842372000,"last_ts":1791371726575804000,"image":"20261007T102104Z_c0002_photos/sign_288.jpg","gnss_q":"FIX","n_obs":27,"n_views":23,"dmin_m":5.488,"dmed_m":9.07,"err_h_m":null,"tier":"A","method":"legacy","source":"gnss","pos_src":"rt","n_tracks":1,"n_passes":1,"photo_key":"1791371726342443000_1328_356_1400_420_v2.jpg","photo_url":"https://drive.google.com/thumbnail?id=1jej4nhlXO7SX_Spzw1HbMeCgfQmRryB-&sz=w1200","photo_view":"https://drive.google.com/file/d/1jej4nhlXO7SX_Spzw1HbMeCgfQmRryB-/view","label_stats":{"3.24_60":{"detections":20,"mean_conf":0.787,"max_conf":0.952},"3.24_80":{"detections":5,"mean_conf":0.871,"max_conf":0.966}},"alt":446.65,"session":"2026-10-07_20261007T102104Z","kind":"sign"}},{"type":"Feature","geometry":{"type":"Point","coordinates":[44.7692675,41.7708703]},"properties":{"pole_id":289,"labels":["5.3"],"track_ids":[458],"conf":0.866,"n_frames":11,"first_ts":1791371728109315000,"last_ts":1791371728542688000,"image":"20261007T102104Z_c0002_photos/sign_289.jpg","gnss_q":"FIX","n_obs":11,"n_views":11,"dmin_m":8.662,"dmed_m":11.294,"err_h_m":null,"tier":"B","method":"legacy","source":"gnss","pos_src":"rt","n_tracks":1,"n_passes":1,"photo_key":"1791371728175984000_1150_481_1187_534_v2.jpg","photo_url":"https://drive.google.com/thumbnail?id=1iHOPhmwUDEK0eAiH8sWjduL4ZyyulkFr&sz=w1200","photo_view":"https://drive.google.com/file/d/1iHOPhmwUDEK0eAiH8sWjduL4ZyyulkFr/view","label_stats":{"5.3":{"detections":10,"mean_conf":0.65,"max_conf":0.866}},"alt":447.6,"session":"2026-10-07_20261007T102104Z","kind":"sign"}},{"type":"Feature","geometry":{"type":"Point","coordinates":[44.7692538,41.7711086]},"properties":{"pole_id":290,"labels":["3.24_40"],"track_ids":[460],"conf":0.675,"n_frames":3,"first_ts":1791371730542920000,"last_ts":1791371730576241000,"image":"20261007T102104Z_c0002_photos/sign_290.jpg","gnss_q":"FIX","n_obs":3,"n_views":2,"dmin_m":8.381,"dmed_m":8.382,"err_h_m":null,"tier":"B","method":"legacy","source":"gnss","pos_src":"rt","n_tracks":1,"n_passes":1,"photo_key":"1791371730576241000_1449_626_1493_669_v2.jpg","photo_url":"https://drive.google.com/thumbnail?id=1VG1-dt-jB85p32Tt7Bs4YFhgH_fHSmtN&sz=w1200","photo_view":"https://drive.google.com/file/d/1VG1-dt-jB85p32Tt7Bs4YFhgH_fHSmtN/view","label_stats":{"3.24_40":{"detections":2,"mean_conf":0.575,"max_conf":0.675}},"alt":445.31,"session":"2026-10-07_20261007T102104Z","kind":"sign"}},{"type":"Feature","geometry":{"type":"Point","coordinates":[44.7692545,41.7717069]},"properties":{"pole_id":291,"labels":["2.1"],"track_ids":[463],"conf":0.949,"n_frames":27,"first_ts":1791371735210119000,"last_ts":1791371736110215000,"image":"20261007T102104Z_c0002_photos/sign_291.jpg","gnss_q":"FIX","n_obs":27,"n_views":27,"dmin_m":6.929,"dmed_m":11.239,"err_h_m":null,"tier":"A","method":"legacy","source":"gnss","pos_src":"rt","n_tracks":1,"n_passes":1,"photo_key":"1791371736010194000_1509_126_1625_235_v2.jpg","photo_url":"https://drive.google.com/thumbnail?id=1BmV6VGsYv5OisrAw2ypNdoSqcFepDwqA&sz=w1200","photo_view":"https://drive.google.com/file/d/1BmV6VGsYv5OisrAw2ypNdoSqcFepDwqA/view","label_stats":{"2.1":{"detections":26,"mean_conf":0.908,"max_conf":0.949}},"alt":448.69,"session":"2026-10-07_20261007T102104Z","kind":"sign"}},{"type":"Feature","geometry":{"type":"Point","coordinates":[44.7692457,41.7717071]},"properties":{"pole_id":292,"labels":["4.1.4"],"track_ids":[464],"conf":0.934,"n_frames":25,"first_ts":1791371735343460000,"last_ts":1791371736143536000,"image":"20261007T102104Z_c0002_photos/sign_292.jpg","gnss_q":"FIX","n_obs":25,"n_views":25,"dmin_m":6.183,"dmed_m":9.659,"err_h_m":null,"tier":"A","method":"legacy","source":"gnss","pos_src":"rt","n_tracks":1,"n_passes":1,"photo_key":"1791371736076865000_1649_221_1737_320_v2.jpg","photo_url":"https://drive.google.com/thumbnail?id=1Uo8IVmeIyNXOUuzZB28zC3MikJr3Oeb3&sz=w1200","photo_view":"https://drive.google.com/file/d/1Uo8IVmeIyNXOUuzZB28zC3MikJr3Oeb3/view","label_stats":{"4.1.4":{"detections":25,"mean_conf":0.915,"max_conf":0.934}},"alt":447.75,"session":"2026-10-07_20261007T102104Z","kind":"sign"}},{"type":"Feature","geometry":{"type":"Point","coordinates":[44.76924,41.7719833]},"properties":{"pole_id":293,"labels":["5.5"],"track_ids":[465],"conf":0.966,"n_frames":29,"first_ts":1791371737843736000,"last_ts":1791371738777182000,"image":"20261007T102104Z_c0002_photos/sign_293.jpg","gnss_q":"FIX","n_obs":29,"n_views":29,"dmin_m":5.884,"dmed_m":9.954,"err_h_m":null,"tier":"A","method":"legacy","source":"gnss","pos_src":"rt","n_tracks":1,"n_passes":1,"photo_key":"1791371738743832000_1704_74_1856_199_v2.jpg","photo_url":"https://drive.google.com/thumbnail?id=1hzq9-vuYgz4jXXZQ7ooF2XmdH8k3iPpv&sz=w1200","photo_view":"https://drive.google.com/file/d/1hzq9-vuYgz4jXXZQ7ooF2XmdH8k3iPpv/view","label_stats":{"5.5":{"detections":29,"mean_conf":0.921,"max_conf":0.966}},"alt":448.48,"session":"2026-10-07_20261007T102104Z","kind":"sign"}},{"type":"Feature","geometry":{"type":"Point","coordinates":[44.7692363,41.7719843]},"properties":{"pole_id":294,"labels":["3.24_80"],"track_ids":[466],"conf":0.961,"n_frames":24,"first_ts":1791371738010427000,"last_ts":1791371738743832000,"image":"20261007T102104Z_c0002_photos/sign_294.jpg","gnss_q":"FIX","n_obs":24,"n_views":19,"dmin_m":5.934,"dmed_m":10.337,"err_h_m":null,"tier":"A","method":"legacy","source":"gnss","pos_src":"rt","n_tracks":1,"n_passes":1,"photo_key":"1791371738610490000_1498_336_1591_420_v2.jpg","photo_url":"https://drive.google.com/thumbnail?id=1JFvlRcF--ehQt4XvvbPMs_4kNlCMW6f-&sz=w1200","photo_view":"https://drive.google.com/file/d/1JFvlRcF--ehQt4XvvbPMs_4kNlCMW6f-/view","label_stats":{"3.24_80":{"detections":10,"mean_conf":0.832,"max_conf":0.961}},"alt":447.89,"session":"2026-10-07_20261007T102104Z","kind":"sign"}},{"type":"Feature","geometry":{"type":"Point","coordinates":[44.7692348,41.7721266]},"properties":{"pole_id":295,"labels":["5.16"],"track_ids":[467],"conf":0.945,"n_frames":16,"first_ts":1791371739477268000,"last_ts":1791371740110651000,"image":"20261007T102104Z_c0002_photos/sign_295.jpg","gnss_q":"FIX","n_obs":16,"n_views":16,"dmin_m":6.025,"dmed_m":9.986,"err_h_m":null,"tier":"A","method":"legacy","source":"gnss","pos_src":"rt","n_tracks":1,"n_passes":1,"photo_key":"1791371739910640000_1382_310_1463_420_v2.jpg","photo_url":"https://drive.google.com/thumbnail?id=1HPY0hJ3cwGNk9nWvICtB0qD_fPS70_gY&sz=w1200","photo_view":"https://drive.google.com/file/d/1HPY0hJ3cwGNk9nWvICtB0qD_fPS70_gY/view","label_stats":{"5.16":{"detections":23,"mean_conf":0.878,"max_conf":0.948}},"alt":448.9,"session":"2026-10-07_20261007T102104Z","kind":"sign"}},{"type":"Feature","geometry":{"type":"Point","coordinates":[44.769235,41.7721263]},"properties":{"pole_id":296,"labels":["5.16"],"track_ids":[468],"conf":0.948,"n_frames":9,"first_ts":1791371739910640000,"last_ts":1791371740177322000,"image":"20261007T102104Z_c0002_photos/sign_296.jpg","gnss_q":"FIX","n_obs":9,"n_views":9,"dmin_m":5.444,"dmed_m":6.606,"err_h_m":null,"tier":"A","method":"legacy","source":"gnss","pos_src":"rt","n_tracks":1,"n_passes":1,"photo_key":"1791371740010660000_1479_227_1580_362_v2.jpg","photo_url":"https://drive.google.com/thumbnail?id=1ZXdTStOOE0Ts28amPo6lBf6YU2FfgXzO&sz=w1200","photo_view":"https://drive.google.com/file/d/1ZXdTStOOE0Ts28amPo6lBf6YU2FfgXzO/view","label_stats":{"5.16":{"detections":12,"mean_conf":0.817,"max_conf":0.948}},"alt":448.52,"session":"2026-10-07_20261007T102104Z","kind":"sign"}},{"type":"Feature","geometry":{"type":"Point","coordinates":[44.7691513,41.7740823]},"properties":{"pole_id":297,"labels":["3.27"],"track_ids":[473],"conf":0.936,"n_frames":38,"first_ts":1791371758960502000,"last_ts":1791371760092590000,"image":"20261007T102104Z_c0002_photos/sign_297.jpg","gnss_q":"FIX","n_obs":38,"n_views":35,"dmin_m":4.867,"dmed_m":9.507,"err_h_m":null,"tier":"A","method":"legacy","source":"gnss","pos_src":"rt","n_tracks":1,"n_passes":1,"photo_key":"1791371760025970000_1479_121_1623_252_v2.jpg","photo_url":"https://drive.google.com/thumbnail?id=1B7RlxkpIlKWgCySr5gqgaer9Qf061Q3t&sz=w1200","photo_view":"https://drive.google.com/file/d/1B7RlxkpIlKWgCySr5gqgaer9Qf061Q3t/view","label_stats":{"3.27":{"detections":35,"mean_conf":0.882,"max_conf":0.936}},"alt":452.18,"session":"2026-10-07_20261007T102104Z","kind":"sign"}},{"type":"Feature","geometry":{"type":"Point","coordinates":[44.7691366,41.7746753]},"properties":{"pole_id":298,"labels":["3.27"],"track_ids":[476],"conf":0.964,"n_frames":130,"first_ts":1791371767418368000,"last_ts":1791371771780928000,"image":"20261007T102104Z_c0002_photos/sign_298.jpg","gnss_q":"FIX","n_obs":130,"n_views":130,"dmin_m":3.593,"dmed_m":11.325,"err_h_m":null,"tier":"A","method":"legacy","source":"gnss","pos_src":"rt","n_tracks":1,"n_passes":1,"photo_key":"1791371771614411000_1392_193_1561_329_v2.jpg","photo_url":"https://drive.google.com/thumbnail?id=1vrdx-Dhi1FRQe6eUoZuozRKZNawgzZWo&sz=w1200","photo_view":"https://drive.google.com/file/d/1vrdx-Dhi1FRQe6eUoZuozRKZNawgzZWo/view","label_stats":{"3.27":{"detections":130,"mean_conf":0.92,"max_conf":0.964}},"alt":452.9,"session":"2026-10-07_20261007T102104Z","kind":"sign"}},{"type":"Feature","geometry":{"type":"Point","coordinates":[44.769127,41.7749465]},"properties":{"pole_id":299,"labels":["1.17"],"track_ids":[479,480],"conf":0.831,"n_frames":4,"first_ts":1791371775011369000,"last_ts":1791371775177896000,"image":"20261007T102104Z_c0002_photos/sign_299.jpg","gnss_q":"FIX","n_obs":4,"n_views":4,"dmin_m":6.487,"dmed_m":7.227,"err_h_m":null,"tier":"A","method":"legacy","source":"gnss","pos_src":"rt","n_tracks":2,"n_passes":1,"photo_key":"1791371775177896000_1534_489_1559_512_v2.jpg","photo_url":"https://drive.google.com/thumbnail?id=1YD_h99ZxKGKrrJS4lppEhvK4KuNbYXYH&sz=w1200","photo_view":"https://drive.google.com/file/d/1YD_h99ZxKGKrrJS4lppEhvK4KuNbYXYH/view","label_stats":{"1.17":{"detections":4,"mean_conf":0.599,"max_conf":0.831}},"alt":451.7,"session":"2026-10-07_20261007T102104Z","kind":"sign"}},{"type":"Feature","geometry":{"type":"Point","coordinates":[44.7691142,41.7760814]},"properties":{"pole_id":300,"labels":["2.1"],"track_ids":[481],"conf":0.949,"n_frames":27,"first_ts":1791371786035850000,"last_ts":1791371786901891000,"image":"20261007T102104Z_c0002_photos/sign_300.jpg","gnss_q":"FIX","n_obs":27,"n_views":27,"dmin_m":6.368,"dmed_m":10.366,"err_h_m":null,"tier":"A","method":"legacy","source":"gnss","pos_src":"rt","n_tracks":1,"n_passes":1,"photo_key":"1791371786602112000_1347_349_1438_430_v2.jpg","photo_url":"https://drive.google.com/thumbnail?id=11J4TLF-XJsCLBepQFYWNSRuAZJcmubr4&sz=w1200","photo_view":"https://drive.google.com/file/d/11J4TLF-XJsCLBepQFYWNSRuAZJcmubr4/view","label_stats":{"2.1":{"detections":26,"mean_conf":0.913,"max_conf":0.949}},"alt":452.89,"session":"2026-10-07_20261007T102104Z","kind":"sign"}},{"type":"Feature","geometry":{"type":"Point","coordinates":[44.7691086,41.7760823]},"properties":{"pole_id":301,"labels":["4.1.4"],"track_ids":[482],"conf":0.951,"n_frames":25,"first_ts":1791371786102465000,"last_ts":1791371786901891000,"image":"20261007T102104Z_c0002_photos/sign_301.jpg","gnss_q":"FIX","n_obs":25,"n_views":25,"dmin_m":5.905,"dmed_m":9.657,"err_h_m":null,"tier":"A","method":"legacy","source":"gnss","pos_src":"rt","n_tracks":1,"n_passes":1,"photo_key":"1791371786835276000_1644_271_1766_373_v2.jpg","photo_url":"https://drive.google.com/thumbnail?id=1UaJfKdgfdQOuXI4-o0AeqGcwW1tKhz4f&sz=w1200","photo_view":"https://drive.google.com/file/d/1UaJfKdgfdQOuXI4-o0AeqGcwW1tKhz4f/view","label_stats":{"4.1.4":{"detections":25,"mean_conf":0.932,"max_conf":0.951}},"alt":452.3,"session":"2026-10-07_20261007T102104Z","kind":"sign"}},{"type":"Feature","geometry":{"type":"Point","coordinates":[44.7690885,41.7766677]},"properties":{"pole_id":302,"labels":["5.3"],"track_ids":[483],"conf":0.583,"n_frames":3,"first_ts":1791371791265477000,"last_ts":1791371791398713000,"image":"20261007T102104Z_c0002_photos/sign_302.jpg","gnss_q":"FIX","n_obs":3,"n_views":3,"dmin_m":11.702,"dmed_m":12.882,"err_h_m":null,"tier":"B","method":"legacy","source":"gnss","pos_src":"rt","n_tracks":1,"n_passes":1,"photo_key":"1791371791365389000_1222_561_1247_589_v2.jpg","photo_url":"https://drive.google.com/thumbnail?id=1DZbOpPrYAnWozrgsV8ifFDk3U7iH6Qeo&sz=w1200","photo_view":"https://drive.google.com/file/d/1DZbOpPrYAnWozrgsV8ifFDk3U7iH6Qeo/view","label_stats":{"5.3":{"detections":2,"mean_conf":0.569,"max_conf":0.583}},"alt":453.25,"session":"2026-10-07_20261007T102104Z","kind":"sign"}},{"type":"Feature","geometry":{"type":"Point","coordinates":[44.7690798,41.7772428]},"properties":{"pole_id":303,"labels":["5.16"],"track_ids":[484],"conf":0.94,"n_frames":11,"first_ts":1791371796728542000,"last_ts":1791371797194917000,"image":"20261007T102104Z_c0002_photos/sign_303.jpg","gnss_q":"FIX","n_obs":11,"n_views":11,"dmin_m":7.56,"dmed_m":8.899,"err_h_m":null,"tier":"A","method":"legacy","source":"gnss","pos_src":"rt","n_tracks":1,"n_passes":1,"photo_key":"1791371796961731000_1478_327_1554_425_v2.jpg","photo_url":"https://drive.google.com/thumbnail?id=1ory_VYgDg2RpeNDLlviKngKzjOsZ-HsW&sz=w1200","photo_view":"https://drive.google.com/file/d/1ory_VYgDg2RpeNDLlviKngKzjOsZ-HsW/view","label_stats":{"5.16":{"detections":11,"mean_conf":0.909,"max_conf":0.94}},"alt":452.77,"session":"2026-10-07_20261007T102104Z","kind":"sign"}},{"type":"Feature","geometry":{"type":"Point","coordinates":[44.7690588,41.7775923]},"properties":{"pole_id":304,"labels":["5.15.2"],"track_ids":[485],"conf":0.973,"n_frames":21,"first_ts":1791371799759992000,"last_ts":1791371800459574000,"image":"20261007T102104Z_c0002_photos/sign_304.jpg","gnss_q":"FIX","n_obs":21,"n_views":21,"dmin_m":7.85,"dmed_m":10.97,"err_h_m":null,"tier":"A","method":"legacy","source":"gnss","pos_src":"rt","n_tracks":1,"n_passes":1,"photo_key":"1791371800293002000_1069_110_1138_184_v2.jpg","photo_url":"https://drive.google.com/thumbnail?id=1N3DEhI_EgbwbRWGLhH3FXsFQ_y97KpLn&sz=w1200","photo_view":"https://drive.google.com/file/d/1N3DEhI_EgbwbRWGLhH3FXsFQ_y97KpLn/view","label_stats":{"5.15.2":{"detections":55,"mean_conf":0.95,"max_conf":0.979}},"alt":457.46,"session":"2026-10-07_20261007T102104Z","kind":"sign"}},{"type":"Feature","geometry":{"type":"Point","coordinates":[44.7690134,41.7775886]},"properties":{"pole_id":305,"labels":["5.15.2"],"track_ids":[486],"conf":0.97,"n_frames":20,"first_ts":1791371799826615000,"last_ts":1791371800459574000,"image":"20261007T102104Z_c0002_photos/sign_305.jpg","gnss_q":"FIX","n_obs":20,"n_views":20,"dmin_m":8.263,"dmed_m":11.494,"err_h_m":null,"tier":"B","method":"legacy","source":"gnss","pos_src":"rt","n_tracks":1,"n_passes":1,"photo_key":"1791371800359627000_624_104_703_184_v2.jpg","photo_url":"https://drive.google.com/thumbnail?id=1ucqaUiupDasIr52FVQVaOw8OKtShfRwc&sz=w1200","photo_view":"https://drive.google.com/file/d/1ucqaUiupDasIr52FVQVaOw8OKtShfRwc/view","label_stats":{"5.15.2":{"detections":54,"mean_conf":0.95,"max_conf":0.979}},"alt":459.81,"session":"2026-10-07_20261007T102104Z","kind":"sign"}},{"type":"Feature","geometry":{"type":"Point","coordinates":[44.7689767,41.7775881]},"properties":{"pole_id":306,"labels":["5.15.2"],"track_ids":[487],"conf":0.979,"n_frames":15,"first_ts":1791371800026482000,"last_ts":1791371800492872000,"image":"20261007T102104Z_c0002_photos/sign_306.jpg","gnss_q":"FIX","n_obs":15,"n_views":15,"dmin_m":10.385,"dmed_m":12.011,"err_h_m":null,"tier":"B","method":"legacy","source":"gnss","pos_src":"rt","n_tracks":1,"n_passes":1,"photo_key":"1791371800326301000_306_148_378_223_v2.jpg","photo_url":"https://drive.google.com/thumbnail?id=1VkKvZAHPWZ_OdPKwFPyRwA0tpT-GYbqP&sz=w1200","photo_view":"https://drive.google.com/file/d/1VkKvZAHPWZ_OdPKwFPyRwA0tpT-GYbqP/view","label_stats":{"5.15.2":{"detections":43,"mean_conf":0.947,"max_conf":0.979}},"alt":462.59,"session":"2026-10-07_20261007T102104Z","kind":"sign"}},{"type":"Feature","geometry":{"type":"Point","coordinates":[44.7692657,41.7795811]},"properties":{"pole_id":307,"labels":["3.24_70"],"track_ids":[488],"conf":0.931,"n_frames":10,"first_ts":1791371818516667000,"last_ts":1791371819016450000,"image":"20261007T102104Z_c0002_photos/sign_307.jpg","gnss_q":"FIX","n_obs":10,"n_views":10,"dmin_m":7.446,"dmed_m":10.661,"err_h_m":null,"tier":"A","method":"legacy","source":"gnss","pos_src":"rt","n_tracks":1,"n_passes":1,"photo_key":"1791371818749893000_1437_534_1490_582_v2.jpg","photo_url":"https://drive.google.com/thumbnail?id=1sJBpwYe_K5FNWWP3bfPxyGAgjFIsxylH&sz=w1200","photo_view":"https://drive.google.com/file/d/1sJBpwYe_K5FNWWP3bfPxyGAgjFIsxylH/view","label_stats":{"3.24_70":{"detections":5,"mean_conf":0.817,"max_conf":0.931}},"alt":451.45,"session":"2026-10-07_20261007T102104Z","kind":"sign"}},{"type":"Feature","geometry":{"type":"Point","coordinates":[44.769384,41.7801099]},"properties":{"pole_id":308,"labels":["2.1"],"track_ids":[489],"conf":0.954,"n_frames":27,"first_ts":1791371823414478000,"last_ts":1791371824280754000,"image":"20261007T102104Z_c0002_photos/sign_308.jpg","gnss_q":"FIX","n_obs":27,"n_views":27,"dmin_m":7.152,"dmed_m":10.158,"err_h_m":null,"tier":"A","method":"legacy","source":"gnss","pos_src":"rt","n_tracks":1,"n_passes":1,"photo_key":"1791371824147484000_1577_188_1717_302_v2.jpg","photo_url":"https://drive.google.com/thumbnail?id=10X5pnscKMm-hqugnn88mbstjvYh1P4EG&sz=w1200","photo_view":"https://drive.google.com/file/d/10X5pnscKMm-hqugnn88mbstjvYh1P4EG/view","label_stats":{"2.1":{"detections":27,"mean_conf":0.902,"max_conf":0.954}},"alt":453.33,"session":"2026-10-07_20261007T102104Z","kind":"sign"}},{"type":"Feature","geometry":{"type":"Point","coordinates":[44.7693807,41.7801123]},"properties":{"pole_id":309,"labels":["4.1.4"],"track_ids":[490],"conf":0.957,"n_frames":24,"first_ts":1791371823481112000,"last_ts":1791371824247451000,"image":"20261007T102104Z_c0002_photos/sign_309.jpg","gnss_q":"FIX","n_obs":24,"n_views":24,"dmin_m":7.046,"dmed_m":10.67,"err_h_m":null,"tier":"A","method":"legacy","source":"gnss","pos_src":"rt","n_tracks":1,"n_passes":1,"photo_key":"1791371824214119000_1706_243_1827_343_v2.jpg","photo_url":"https://drive.google.com/thumbnail?id=1L2DE6BJKwtUI8XJjg-xhR-Czc93mbuwi&sz=w1200","photo_view":"https://drive.google.com/file/d/1L2DE6BJKwtUI8XJjg-xhR-Czc93mbuwi/view","label_stats":{"4.1.4":{"detections":24,"mean_conf":0.929,"max_conf":0.957}},"alt":452.78,"session":"2026-10-07_20261007T102104Z","kind":"sign"}},{"type":"Feature","geometry":{"type":"Point","coordinates":[44.7694402,41.7802801]},"properties":{"pole_id":310,"labels":["4.1.1"],"track_ids":[491],"conf":0.936,"n_frames":15,"first_ts":1791371825413602000,"last_ts":1791371825880075000,"image":"20261007T102104Z_c0002_photos/sign_310.jpg","gnss_q":"FIX","n_obs":15,"n_views":15,"dmin_m":9.994,"dmed_m":11.797,"err_h_m":null,"tier":"B","method":"legacy","source":"gnss","pos_src":"rt","n_tracks":1,"n_passes":1,"photo_key":"1791371825613535000_1567_452_1621_501_v2.jpg","photo_url":"https://drive.google.com/thumbnail?id=1kow2lSAmxESK5cjD7k29SZ3elkm4yBFZ&sz=w1200","photo_view":"https://drive.google.com/file/d/1kow2lSAmxESK5cjD7k29SZ3elkm4yBFZ/view","label_stats":{"4.1.1":{"detections":15,"mean_conf":0.921,"max_conf":0.936}},"alt":451.41,"session":"2026-10-07_20261007T102104Z","kind":"sign"}},{"type":"Feature","geometry":{"type":"Point","coordinates":[44.7695088,41.7806699]},"properties":{"pole_id":311,"labels":["7.4"],"track_ids":[493,494],"conf":0.74,"n_frames":10,"first_ts":1791371829911763000,"last_ts":1791371830344943000,"image":"20261007T102104Z_c0002_photos/sign_311.jpg","gnss_q":"FIX","n_obs":10,"n_views":10,"dmin_m":8.801,"dmed_m":10.913,"err_h_m":null,"tier":"B","method":"legacy","source":"gnss","pos_src":"rt","n_tracks":2,"n_passes":1,"photo_key":"1791371830178339000_1585_432_1634_480_v2.jpg","photo_url":"https://drive.google.com/thumbnail?id=17e7Pz1NJHqeazIZRXe647258b7Or65Z9&sz=w1200","photo_view":"https://drive.google.com/file/d/17e7Pz1NJHqeazIZRXe647258b7Or65Z9/view","label_stats":{"7.4":{"detections":10,"mean_conf":0.635,"max_conf":0.74}},"alt":452.29,"session":"2026-10-07_20261007T102104Z","kind":"sign"}},{"type":"Feature","geometry":{"type":"Point","coordinates":[44.7695922,41.781185]},"properties":{"pole_id":312,"labels":["5.16"],"track_ids":[496,498],"conf":0.948,"n_frames":14,"first_ts":1791371835409668000,"last_ts":1791371835876165000,"image":"20261007T102104Z_c0002_photos/sign_312.jpg","gnss_q":"FIX","n_obs":14,"n_views":13,"dmin_m":7.521,"dmed_m":9.866,"err_h_m":null,"tier":"A","method":"legacy","source":"gnss","pos_src":"rt","n_tracks":2,"n_passes":1,"photo_key":"1791371835776194000_1645_286_1751_417_v2.jpg","photo_url":"https://drive.google.com/thumbnail?id=1GVydQ7QLiwH4kfEbhH-_5t0we5Sn84PS&sz=w1200","photo_view":"https://drive.google.com/file/d/1GVydQ7QLiwH4kfEbhH-_5t0we5Sn84PS/view","label_stats":{"5.16":{"detections":21,"mean_conf":0.822,"max_conf":0.95}},"alt":453.17,"session":"2026-10-07_20261007T102104Z","kind":"sign"}},{"type":"Feature","geometry":{"type":"Point","coordinates":[44.7695924,41.7811847]},"properties":{"pole_id":313,"labels":["5.16"],"track_ids":[497],"conf":0.95,"n_frames":7,"first_ts":1791371835509639000,"last_ts":1791371835876165000,"image":"20261007T102104Z_c0002_photos/sign_313.jpg","gnss_q":"FIX","n_obs":7,"n_views":7,"dmin_m":7.397,"dmed_m":10.506,"err_h_m":null,"tier":"A","method":"legacy","source":"gnss","pos_src":"rt","n_tracks":1,"n_passes":1,"photo_key":"1791371835876165000_1815_195_1920_357_v2.jpg","photo_url":"https://drive.google.com/thumbnail?id=1UzobXDFoDed0eyQ4dXoOpFnpV0toXXqb&sz=w1200","photo_view":"https://drive.google.com/file/d/1UzobXDFoDed0eyQ4dXoOpFnpV0toXXqb/view","label_stats":{"5.16":{"detections":18,"mean_conf":0.803,"max_conf":0.95}},"alt":453.13,"session":"2026-10-07_20261007T102104Z","kind":"sign"}},{"type":"Feature","geometry":{"type":"Point","coordinates":[44.7696322,41.7814746]},"properties":{"pole_id":314,"labels":["1.23"],"track_ids":[499],"conf":0.828,"n_frames":17,"first_ts":1791371838142010000,"last_ts":1791371838775128000,"image":"20261007T102104Z_c0002_photos/sign_314.jpg","gnss_q":"FIX","n_obs":17,"n_views":15,"dmin_m":7.479,"dmed_m":9.274,"err_h_m":null,"tier":"A","method":"legacy","source":"gnss","pos_src":"rt","n_tracks":1,"n_passes":1,"photo_key":"1791371838608514000_1442_463_1483_504_v2.jpg","photo_url":"https://drive.google.com/thumbnail?id=1A_R0x7lAdweGuLI_4jtBmLviAx1aW7B1&sz=w1200","photo_view":"https://drive.google.com/file/d/1A_R0x7lAdweGuLI_4jtBmLviAx1aW7B1/view","label_stats":{"1.23":{"detections":9,"mean_conf":0.549,"max_conf":0.828}},"alt":453.29,"session":"2026-10-07_20261007T102104Z","kind":"sign"}},{"type":"Feature","geometry":{"type":"Point","coordinates":[44.7696341,41.7814754]},"properties":{"pole_id":315,"labels":["1.23"],"track_ids":[500],"conf":0.582,"n_frames":7,"first_ts":1791371838241983000,"last_ts":1791371838575181000,"image":"20261007T102104Z_c0002_photos/sign_315.jpg","gnss_q":"FIX","n_obs":7,"n_views":7,"dmin_m":9.281,"dmed_m":10.598,"err_h_m":null,"tier":"B","method":"legacy","source":"gnss","pos_src":"rt","n_tracks":1,"n_passes":1,"photo_key":"1791371838508542000_1379_495_1414_526_v2.jpg","photo_url":"https://drive.google.com/thumbnail?id=11itmU6VKi5akJazNp7p7WamV5osdCF8O&sz=w1200","photo_view":"https://drive.google.com/file/d/11itmU6VKi5akJazNp7p7WamV5osdCF8O/view","label_stats":{"1.23":{"detections":4,"mean_conf":0.5,"max_conf":0.582}},"alt":453.79,"session":"2026-10-07_20261007T102104Z","kind":"sign"}},{"type":"Feature","geometry":{"type":"Point","coordinates":[44.7696262,41.7814767]},"properties":{"pole_id":316,"labels":["3.24_40"],"track_ids":[501,503,504],"conf":0.923,"n_frames":5,"first_ts":1791371838775128000,"last_ts":1791371838908407000,"image":"20261007T102104Z_c0002_photos/sign_316.jpg","gnss_q":"FIX","n_obs":5,"n_views":5,"dmin_m":6.222,"dmed_m":6.73,"err_h_m":null,"tier":"A","method":"legacy","source":"gnss","pos_src":"rt","n_tracks":3,"n_passes":1,"photo_key":"1791371838841767000_1733_488_1771_535_v2.jpg","photo_url":"https://drive.google.com/thumbnail?id=1UXQHyS0LBowS476LNBDH4HXuDR7N3WAh&sz=w1200","photo_view":"https://drive.google.com/file/d/1UXQHyS0LBowS476LNBDH4HXuDR7N3WAh/view","label_stats":{"3.24_40":{"detections":5,"mean_conf":0.83,"max_conf":0.923}},"alt":452.29,"session":"2026-10-07_20261007T102104Z","kind":"sign"}},{"type":"Feature","geometry":{"type":"Point","coordinates":[44.7697289,41.7816433]},"properties":{"pole_id":317,"labels":["2.3"],"track_ids":[505,506],"conf":0.885,"n_frames":3,"first_ts":1791371839974701000,"last_ts":1791371840174622000,"image":"20261007T102104Z_c0002_photos/sign_317.jpg","gnss_q":"FIX","n_obs":3,"n_views":3,"dmin_m":14.467,"dmed_m":14.534,"err_h_m":null,"tier":"B","method":"legacy","source":"gnss","pos_src":"rt","n_tracks":2,"n_passes":1,"photo_key":"1791371840141317000_1823_480_1852_532_v2.jpg","photo_url":"https://drive.google.com/thumbnail?id=1hYJ-a_MJxnYW-s8yDgLzXC1ZtIq3YfNT&sz=w1200","photo_view":"https://drive.google.com/file/d/1hYJ-a_MJxnYW-s8yDgLzXC1ZtIq3YfNT/view","label_stats":{"2.3":{"detections":3,"mean_conf":0.818,"max_conf":0.885}},"alt":450.51,"session":"2026-10-07_20261007T102104Z","kind":"sign"}},{"type":"Feature","geometry":{"type":"Point","coordinates":[44.7697306,41.7819986]},"properties":{"pole_id":318,"labels":["5.16"],"track_ids":[508],"conf":0.89,"n_frames":10,"first_ts":1791371843240258000,"last_ts":1791371843673440000,"image":"20261007T102104Z_c0002_photos/sign_318.jpg","gnss_q":"DGNSS","n_obs":10,"n_views":10,"dmin_m":9.879,"dmed_m":12.435,"err_h_m":null,"tier":"C","method":"legacy","source":"gnss","pos_src":"rt","n_tracks":1,"n_passes":1,"photo_key":"1791371843406874000_1148_437_1194_499_v2.jpg","photo_url":"https://drive.google.com/thumbnail?id=1_BluJDi9kStwJktm9iOSQMMukz2SB81X&sz=w1200","photo_view":"https://drive.google.com/file/d/1_BluJDi9kStwJktm9iOSQMMukz2SB81X/view","label_stats":{"5.16":{"detections":10,"mean_conf":0.706,"max_conf":0.89}},"alt":456.36,"session":"2026-10-07_20261007T102104Z","kind":"sign"}},{"type":"Feature","geometry":{"type":"Point","coordinates":[44.7697987,41.7822171]},"properties":{"pole_id":319,"labels":["2.1"],"track_ids":[510],"conf":0.532,"n_frames":3,"first_ts":1791371845439537000,"last_ts":1791371845506178000,"image":"20261007T102104Z_c0002_photos/sign_319.jpg","gnss_q":"FIX","n_obs":3,"n_views":3,"dmin_m":12.249,"dmed_m":13.014,"err_h_m":null,"tier":"B","method":"legacy","source":"gnss","pos_src":"rt","n_tracks":1,"n_passes":1,"photo_key":"1791371845506178000_1513_488_1539_514_v2.jpg","photo_url":"https://drive.google.com/thumbnail?id=1i-5H-7qBCMYURmy7qaDqiif9Iu5C1g8B&sz=w1200","photo_view":"https://drive.google.com/file/d/1i-5H-7qBCMYURmy7qaDqiif9Iu5C1g8B/view","label_stats":{"2.1":{"detections":3,"mean_conf":0.503,"max_conf":0.532}},"alt":453.48,"session":"2026-10-07_20261007T102104Z","kind":"sign"}},{"type":"Feature","geometry":{"type":"Point","coordinates":[44.7697601,41.7822846]},"properties":{"pole_id":320,"labels":["3.31"],"track_ids":[511,512],"conf":0.57,"n_frames":5,"first_ts":1791371846072675000,"last_ts":1791371846672481000,"image":"20261007T102104Z_c0002_photos/sign_320.jpg","gnss_q":"FIX","n_obs":5,"n_views":5,"dmin_m":4.907,"dmed_m":10.22,"err_h_m":null,"tier":"A","method":"legacy","source":"gnss","pos_src":"rt","n_tracks":2,"n_passes":1,"photo_key":"1791371846105983000_1200_550_1221_571_v2.jpg","photo_url":"https://drive.google.com/thumbnail?id=1C-KJcKTTUaBtXZ8eG78fbCU0hn8RsC1Y&sz=w1200","photo_view":"https://drive.google.com/file/d/1C-KJcKTTUaBtXZ8eG78fbCU0hn8RsC1Y/view","label_stats":{"3.31":{"detections":5,"mean_conf":0.477,"max_conf":0.57}},"alt":454.82,"session":"2026-10-07_20261007T102104Z","kind":"sign"}},{"type":"Feature","geometry":{"type":"Point","coordinates":[44.7698361,41.7829877]},"properties":{"pole_id":321,"labels":["5.1"],"track_ids":[513],"conf":0.842,"n_frames":7,"first_ts":1791371852237445000,"last_ts":1791371852537356000,"image":"20261007T102104Z_c0002_photos/sign_321.jpg","gnss_q":"FIX","n_obs":7,"n_views":7,"dmin_m":10.774,"dmed_m":12.93,"err_h_m":null,"tier":"B","method":"legacy","source":"gnss","pos_src":"rt","n_tracks":1,"n_passes":1,"photo_key":"1791371852237445000_920_282_946_300_v2.jpg","photo_url":"https://drive.google.com/thumbnail?id=1pq5CRyYpSo4cEiCqL1xSsJ7FrK9aCp8l&sz=w1200","photo_view":"https://drive.google.com/file/d/1pq5CRyYpSo4cEiCqL1xSsJ7FrK9aCp8l/view","label_stats":{"5.1":{"detections":7,"mean_conf":0.601,"max_conf":0.842}},"alt":461.23,"session":"2026-10-07_20261007T102104Z","kind":"sign"}},{"type":"Feature","geometry":{"type":"Point","coordinates":[44.7699758,41.7843682]},"properties":{"pole_id":322,"labels":["5.16"],"track_ids":[514],"conf":0.94,"n_frames":23,"first_ts":1791371864200837000,"last_ts":1791371865000623000,"image":"20261007T102104Z_c0002_photos/sign_322.jpg","gnss_q":"FIX","n_obs":23,"n_views":23,"dmin_m":6.495,"dmed_m":10.335,"err_h_m":null,"tier":"A","method":"legacy","source":"gnss","pos_src":"rt","n_tracks":1,"n_passes":1,"photo_key":"1791371864833993000_1478_293_1562_409_v2.jpg","photo_url":"https://drive.google.com/thumbnail?id=1m6hf7sZPIguAmc2vDAXKajmzdkjtjF5R&sz=w1200","photo_view":"https://drive.google.com/file/d/1m6hf7sZPIguAmc2vDAXKajmzdkjtjF5R/view","label_stats":{"5.16":{"detections":34,"mean_conf":0.806,"max_conf":0.941}},"alt":454.27,"session":"2026-10-07_20261007T102104Z","kind":"sign"}},{"type":"Feature","geometry":{"type":"Point","coordinates":[44.7699756,41.7843682]},"properties":{"pole_id":323,"labels":["5.16"],"track_ids":[515],"conf":0.941,"n_frames":11,"first_ts":1791371864667390000,"last_ts":1791371865000623000,"image":"20261007T102104Z_c0002_photos/sign_323.jpg","gnss_q":"FIX","n_obs":11,"n_views":11,"dmin_m":6.446,"dmed_m":8.025,"err_h_m":null,"tier":"A","method":"legacy","source":"gnss","pos_src":"rt","n_tracks":1,"n_passes":1,"photo_key":"1791371864800683000_1443_317_1519_423_v2.jpg","photo_url":"https://drive.google.com/thumbnail?id=1LIUMT2J8ExSgotwpxdKWk4EesGzAwNl-&sz=w1200","photo_view":"https://drive.google.com/file/d/1LIUMT2J8ExSgotwpxdKWk4EesGzAwNl-/view","label_stats":{"5.16":{"detections":21,"mean_conf":0.733,"max_conf":0.941}},"alt":454.1,"session":"2026-10-07_20261007T102104Z","kind":"sign"}},{"type":"Feature","geometry":{"type":"Point","coordinates":[44.7700088,41.7849556]},"properties":{"pole_id":324,"labels":["8.13"],"track_ids":[516],"conf":0.485,"n_frames":3,"first_ts":1791371869566173000,"last_ts":1791371869932748000,"image":"20261007T102104Z_c0002_photos/sign_324.jpg","gnss_q":"FIX","n_obs":3,"n_views":3,"dmin_m":8.308,"dmed_m":8.747,"err_h_m":null,"tier":"B","method":"legacy","source":"gnss","pos_src":"rt","n_tracks":1,"n_passes":1,"photo_key":"1791371869932748000_1435_502_1502_575_v2.jpg","photo_url":"https://drive.google.com/thumbnail?id=1cQB_xfqwZa6v1dolv8OBRgqwa_0C5q0t&sz=w1200","photo_view":"https://drive.google.com/file/d/1cQB_xfqwZa6v1dolv8OBRgqwa_0C5q0t/view","label_stats":{"8.13":{"detections":2,"mean_conf":0.457,"max_conf":0.485}},"alt":453.44,"session":"2026-10-07_20261007T102104Z","kind":"sign"}},{"type":"Feature","geometry":{"type":"Point","coordinates":[44.7700641,41.7854542]},"properties":{"pole_id":325,"labels":["8.3.1"],"track_ids":[518],"conf":0.94,"n_frames":21,"first_ts":1791371873665221000,"last_ts":1791371874331758000,"image":"20261007T102104Z_c0002_photos/sign_325.jpg","gnss_q":"FIX","n_obs":21,"n_views":19,"dmin_m":7.609,"dmed_m":11.334,"err_h_m":null,"tier":"A","method":"legacy","source":"gnss","pos_src":"rt","n_tracks":1,"n_passes":1,"photo_key":"1791371874165122000_1464_474_1625_518_v2.jpg","photo_url":"https://drive.google.com/thumbnail?id=1YznzjBc7xgPai-5MGRT_8_Ab8mHxw8Kz&sz=w1200","photo_view":"https://drive.google.com/file/d/1YznzjBc7xgPai-5MGRT_8_Ab8mHxw8Kz/view","label_stats":{"8.3.1":{"detections":27,"mean_conf":0.798,"max_conf":0.94}},"alt":452.49,"session":"2026-10-07_20261007T102104Z","kind":"sign"}},{"type":"Feature","geometry":{"type":"Point","coordinates":[44.7700673,41.7854804]},"properties":{"pole_id":326,"labels":["2.1"],"track_ids":[519],"conf":0.963,"n_frames":23,"first_ts":1791371873931840000,"last_ts":1791371874665004000,"image":"20261007T102104Z_c0002_photos/sign_326.jpg","gnss_q":"FIX","n_obs":23,"n_views":23,"dmin_m":7.299,"dmed_m":10.507,"err_h_m":null,"tier":"A","method":"legacy","source":"gnss","pos_src":"rt","n_tracks":1,"n_passes":1,"photo_key":"1791371874565045000_1450_133_1568_235_v2.jpg","photo_url":"https://drive.google.com/thumbnail?id=1qaZnemdcxT3deZoRSqwx9E5JT5uX-fL3&sz=w1200","photo_view":"https://drive.google.com/file/d/1qaZnemdcxT3deZoRSqwx9E5JT5uX-fL3/view","label_stats":{"2.1":{"detections":23,"mean_conf":0.928,"max_conf":0.963}},"alt":454.74,"session":"2026-10-07_20261007T102104Z","kind":"sign"}},{"type":"Feature","geometry":{"type":"Point","coordinates":[44.7700567,41.7854871]},"properties":{"pole_id":327,"labels":["8.3.1"],"track_ids":[520],"conf":0.954,"n_frames":23,"first_ts":1791371873998490000,"last_ts":1791371874731651000,"image":"20261007T102104Z_c0002_photos/sign_327.jpg","gnss_q":"FIX","n_obs":23,"n_views":21,"dmin_m":6.044,"dmed_m":10.288,"err_h_m":null,"tier":"A","method":"legacy","source":"gnss","pos_src":"rt","n_tracks":1,"n_passes":1,"photo_key":"1791371874631693000_1534_318_1650_384_v2.jpg","photo_url":"https://drive.google.com/thumbnail?id=1IlHSiAv1ICNJINzhVGw5dBre2224AdHB&sz=w1200","photo_view":"https://drive.google.com/file/d/1IlHSiAv1ICNJINzhVGw5dBre2224AdHB/view","label_stats":{"8.3.1":{"detections":31,"mean_conf":0.876,"max_conf":0.954}},"alt":453.17,"session":"2026-10-07_20261007T102104Z","kind":"sign"}},{"type":"Feature","geometry":{"type":"Point","coordinates":[44.7701076,41.7861411]},"properties":{"pole_id":328,"labels":["4.2.3"],"track_ids":[521],"conf":0.963,"n_frames":23,"first_ts":1791371879497296000,"last_ts":1791371880163816000,"image":"20261007T102104Z_c0002_photos/sign_328.jpg","gnss_q":"FIX","n_obs":23,"n_views":21,"dmin_m":6.201,"dmed_m":9.351,"err_h_m":null,"tier":"A","method":"legacy","source":"gnss","pos_src":"rt","n_tracks":1,"n_passes":1,"photo_key":"1791371879597256000_1249_546_1290_584_v2.jpg","photo_url":"https://drive.google.com/thumbnail?id=1FzmY0DWWy93Avl_TnZrHD81w8xBjoqEd&sz=w1200","photo_view":"https://drive.google.com/file/d/1FzmY0DWWy93Avl_TnZrHD81w8xBjoqEd/view","label_stats":{"4.2.3":{"detections":22,"mean_conf":0.929,"max_conf":0.963}},"alt":452.0,"session":"2026-10-07_20261007T102104Z","kind":"sign"}},{"type":"Feature","geometry":{"type":"Point","coordinates":[44.7701627,41.7867564]},"properties":{"pole_id":329,"labels":["3.1"],"track_ids":[522],"conf":0.944,"n_frames":22,"first_ts":1791371884562913000,"last_ts":1791371885429418000,"image":"20261007T102104Z_c0002_photos/sign_329.jpg","gnss_q":"FIX","n_obs":22,"n_views":22,"dmin_m":8.08,"dmed_m":11.927,"err_h_m":null,"tier":"B","method":"legacy","source":"gnss","pos_src":"rt","n_tracks":1,"n_passes":1,"photo_key":"1791371885262780000_1768_441_1876_526_v2.jpg","photo_url":"https://drive.google.com/thumbnail?id=1gwf-nwaY9kbPaCy5WMi_SmfdeWCLDg1q&sz=w1200","photo_view":"https://drive.google.com/file/d/1gwf-nwaY9kbPaCy5WMi_SmfdeWCLDg1q/view","label_stats":{"3.1":{"detections":21,"mean_conf":0.929,"max_conf":0.944}},"alt":451.2,"session":"2026-10-07_20261007T102104Z","kind":"sign"}},{"type":"Feature","geometry":{"type":"Point","coordinates":[44.7701739,41.7867593]},"properties":{"pole_id":330,"labels":["2.3"],"track_ids":[523],"conf":0.942,"n_frames":16,"first_ts":1791371884796201000,"last_ts":1791371885296118000,"image":"20261007T102104Z_c0002_photos/sign_330.jpg","gnss_q":"FIX","n_obs":16,"n_views":16,"dmin_m":8.67,"dmed_m":11.599,"err_h_m":null,"tier":"B","method":"legacy","source":"gnss","pos_src":"rt","n_tracks":1,"n_passes":1,"photo_key":"1791371885262780000_1758_358_1871_442_v2.jpg","photo_url":"https://drive.google.com/thumbnail?id=1DLWZL2PfW3stpcottlbJvFmeqDSv5FjP&sz=w1200","photo_view":"https://drive.google.com/file/d/1DLWZL2PfW3stpcottlbJvFmeqDSv5FjP/view","label_stats":{"2.3":{"detections":16,"mean_conf":0.915,"max_conf":0.942}},"alt":451.38,"session":"2026-10-07_20261007T102104Z","kind":"sign"}},{"type":"Feature","geometry":{"type":"Point","coordinates":[44.7703435,41.788444]},"properties":{"pole_id":331,"labels":["5.5"],"track_ids":[524],"conf":0.941,"n_frames":5,"first_ts":1791371899793466000,"last_ts":1791371899926797000,"image":"20261007T102104Z_c0002_photos/sign_331.jpg","gnss_q":"FIX","n_obs":5,"n_views":5,"dmin_m":13.999,"dmed_m":14.123,"err_h_m":null,"tier":"B","method":"legacy","source":"gnss","pos_src":"rt","n_tracks":1,"n_passes":1,"photo_key":"1791371899893457000_1827_317_1880_371_v2.jpg","photo_url":"https://drive.google.com/thumbnail?id=1HZ-JV5WOfCk2sVNRQPb0qoKN0A9yxjFB&sz=w1200","photo_view":"https://drive.google.com/file/d/1HZ-JV5WOfCk2sVNRQPb0qoKN0A9yxjFB/view","label_stats":{"5.5":{"detections":5,"mean_conf":0.926,"max_conf":0.941}},"alt":450.94,"session":"2026-10-07_20261007T102104Z","kind":"sign"}},{"type":"Feature","geometry":{"type":"Point","coordinates":[44.7703392,41.7884462]},"properties":{"pole_id":332,"labels":["3.11"],"track_ids":[525],"conf":0.627,"n_frames":3,"first_ts":1791371899793466000,"last_ts":1791371899926797000,"image":"20261007T102104Z_c0002_photos/sign_332.jpg","gnss_q":"FIX","n_obs":3,"n_views":3,"dmin_m":13.627,"dmed_m":13.762,"err_h_m":null,"tier":"B","method":"legacy","source":"gnss","pos_src":"rt","n_tracks":1,"n_passes":1,"photo_key":"1791371899926797000_1872_359_1918_413_v2.jpg","photo_url":"https://drive.google.com/thumbnail?id=16KPl6MLNy7nu2RNWXr-OfvJWNDT-t2BQ&sz=w1200","photo_view":"https://drive.google.com/file/d/16KPl6MLNy7nu2RNWXr-OfvJWNDT-t2BQ/view","label_stats":{"3.11":{"detections":1,"mean_conf":0.627,"max_conf":0.627}},"alt":450.34,"session":"2026-10-07_20261007T102104Z","kind":"sign"}},{"type":"Feature","geometry":{"type":"Point","coordinates":[44.7702699,41.7886153]},"properties":{"pole_id":333,"labels":["4.1.4","5.15.2"],"track_ids":[526],"conf":0.938,"n_frames":37,"first_ts":1791371901359887000,"last_ts":1791371902393040000,"image":"20261007T102104Z_c0002_photos/sign_333.jpg","gnss_q":"FIX","n_obs":37,"n_views":31,"dmin_m":6.163,"dmed_m":10.185,"err_h_m":null,"tier":"A","method":"legacy","source":"gnss","pos_src":"rt","n_tracks":1,"n_passes":1,"photo_key":"1791371902293048000_1140_43_1236_141_v2.jpg","photo_url":"https://drive.google.com/thumbnail?id=1n3yFCJqB-4o9QQui2c4yLHScnWiCHqXy&sz=w1200","photo_view":"https://drive.google.com/file/d/1n3yFCJqB-4o9QQui2c4yLHScnWiCHqXy/view","label_stats":{"4.1.4":{"detections":30,"mean_conf":0.837,"max_conf":0.938},"5.15.2":{"detections":56,"mean_conf":0.887,"max_conf":0.976}},"alt":454.79,"session":"2026-10-07_20261007T102104Z","kind":"sign"}},{"type":"Feature","geometry":{"type":"Point","coordinates":[44.7702167,41.7886066]},"properties":{"pole_id":334,"labels":["5.15.2"],"track_ids":[527],"conf":0.972,"n_frames":29,"first_ts":1791371901459852000,"last_ts":1791371902393040000,"image":"20261007T102104Z_c0002_photos/sign_334.jpg","gnss_q":"FIX","n_obs":29,"n_views":29,"dmin_m":6.636,"dmed_m":10.372,"err_h_m":null,"tier":"A","method":"legacy","source":"gnss","pos_src":"rt","n_tracks":1,"n_passes":1,"photo_key":"1791371902059777000_590_239_663_310_v2.jpg","photo_url":"https://drive.google.com/thumbnail?id=1DPyjTHnMaUuwBjNJ9qg0IvBeRlB5o0Yh&sz=w1200","photo_view":"https://drive.google.com/file/d/1DPyjTHnMaUuwBjNJ9qg0IvBeRlB5o0Yh/view","label_stats":{"5.15.2":{"detections":55,"mean_conf":0.893,"max_conf":0.976}},"alt":457.14,"session":"2026-10-07_20261007T102104Z","kind":"sign"}},{"type":"Feature","geometry":{"type":"Point","coordinates":[44.7701794,41.7886015]},"properties":{"pole_id":335,"labels":["5.15.2"],"track_ids":[528],"conf":0.976,"n_frames":20,"first_ts":1791371901626497000,"last_ts":1791371902259735000,"image":"20261007T102104Z_c0002_photos/sign_335.jpg","gnss_q":"FIX","n_obs":20,"n_views":20,"dmin_m":10.147,"dmed_m":12.209,"err_h_m":null,"tier":"B","method":"legacy","source":"gnss","pos_src":"rt","n_tracks":1,"n_passes":1,"photo_key":"1791371901826481000_406_323_463_380_v2.jpg","photo_url":"https://drive.google.com/thumbnail?id=1J4o7T4LAmLh_d1n7DcKDx94V7tZ615mc&sz=w1200","photo_view":"https://drive.google.com/file/d/1J4o7T4LAmLh_d1n7DcKDx94V7tZ615mc/view","label_stats":{"5.15.2":{"detections":43,"mean_conf":0.918,"max_conf":0.976}},"alt":459.95,"session":"2026-10-07_20261007T102104Z","kind":"sign"}},{"type":"Feature","geometry":{"type":"Point","coordinates":[44.7703502,41.7886544]},"properties":{"pole_id":336,"labels":["3.24_40"],"track_ids":[529],"conf":0.884,"n_frames":6,"first_ts":1791371901993098000,"last_ts":1791371902226396000,"image":"20261007T102104Z_c0002_photos/sign_336.jpg","gnss_q":"FIX","n_obs":6,"n_views":5,"dmin_m":11.842,"dmed_m":14.763,"err_h_m":null,"tier":"B","method":"legacy","source":"gnss","pos_src":"rt","n_tracks":1,"n_passes":1,"photo_key":"1791371902159743000_1783_419_1838_481_v2.jpg","photo_url":"https://drive.google.com/thumbnail?id=1-2VziH1QGYiH26cz-u-rM6AfXRoxjCTg&sz=w1200","photo_view":"https://drive.google.com/file/d/1-2VziH1QGYiH26cz-u-rM6AfXRoxjCTg/view","label_stats":{"3.24_40":{"detections":3,"mean_conf":0.67,"max_conf":0.884}},"alt":450.42,"session":"2026-10-07_20261007T102104Z","kind":"sign"}},{"type":"Feature","geometry":{"type":"Point","coordinates":[44.7703091,41.7889323]},"properties":{"pole_id":337,"labels":["4.1.2"],"track_ids":[530],"conf":0.86,"n_frames":10,"first_ts":1791371905092623000,"last_ts":1791371905792486000,"image":"20261007T102104Z_c0002_photos/sign_337.jpg","gnss_q":"FIX","n_obs":10,"n_views":10,"dmin_m":8.539,"dmed_m":10.24,"err_h_m":null,"tier":"B","method":"legacy","source":"gnss","pos_src":"rt","n_tracks":1,"n_passes":1,"photo_key":"1791371905559215000_1534_596_1581_643_v2.jpg","photo_url":"https://drive.google.com/thumbnail?id=1HQCQ5f4XbzVB5XzEhb3un5IJih4xMYwD&sz=w1200","photo_view":"https://drive.google.com/file/d/1HQCQ5f4XbzVB5XzEhb3un5IJih4xMYwD/view","label_stats":{"4.1.2":{"detections":9,"mean_conf":0.649,"max_conf":0.86}},"alt":449.64,"session":"2026-10-07_20261007T102104Z","kind":"sign"}},{"type":"Feature","geometry":{"type":"Point","coordinates":[44.7703165,41.7890333]},"properties":{"pole_id":338,"labels":["3.1"],"track_ids":[531],"conf":0.94,"n_frames":28,"first_ts":1791371906359077000,"last_ts":1791371907225620000,"image":"20261007T102104Z_c0002_photos/sign_338.jpg","gnss_q":"FIX","n_obs":28,"n_views":27,"dmin_m":6.693,"dmed_m":10.065,"err_h_m":null,"tier":"A","method":"legacy","source":"gnss","pos_src":"rt","n_tracks":1,"n_passes":1,"photo_key":"1791371907025633000_1510_355_1595_431_v2.jpg","photo_url":"https://drive.google.com/thumbnail?id=1x3QcEtv4XPAT7d0n1ZaFPeQuB__Oy91E&sz=w1200","photo_view":"https://drive.google.com/file/d/1x3QcEtv4XPAT7d0n1ZaFPeQuB__Oy91E/view","label_stats":{"3.1":{"detections":27,"mean_conf":0.922,"max_conf":0.94}},"alt":451.39,"session":"2026-10-07_20261007T102104Z","kind":"sign"}},{"type":"Feature","geometry":{"type":"Point","coordinates":[44.7703704,41.7892186]},"properties":{"pole_id":339,"labels":["2.3"],"track_ids":[532,533],"conf":0.916,"n_frames":6,"first_ts":1791371908692041000,"last_ts":1791371908925340000,"image":"20261007T102104Z_c0002_photos/sign_339.jpg","gnss_q":"FIX","n_obs":6,"n_views":5,"dmin_m":10.087,"dmed_m":11.665,"err_h_m":null,"tier":"B","method":"legacy","source":"gnss","pos_src":"rt","n_tracks":2,"n_passes":1,"photo_key":"1791371908892026000_1789_387_1865_452_v2.jpg","photo_url":"https://drive.google.com/thumbnail?id=1Eqdvcv-KB69rwmv_K9M6MRbKHvLGQwmL&sz=w1200","photo_view":"https://drive.google.com/file/d/1Eqdvcv-KB69rwmv_K9M6MRbKHvLGQwmL/view","label_stats":{"2.3":{"detections":4,"mean_conf":0.908,"max_conf":0.916}},"alt":450.06,"session":"2026-10-07_20261007T102104Z","kind":"sign"}},{"type":"Feature","geometry":{"type":"Point","coordinates":[44.7703423,41.7893231]},"properties":{"pole_id":340,"labels":["3.27"],"track_ids":[534],"conf":0.948,"n_frames":31,"first_ts":1791371909358627000,"last_ts":1791371910358452000,"image":"20261007T102104Z_c0002_photos/sign_340.jpg","gnss_q":"FIX","n_obs":31,"n_views":31,"dmin_m":5.989,"dmed_m":10.594,"err_h_m":null,"tier":"A","method":"legacy","source":"gnss","pos_src":"rt","n_tracks":1,"n_passes":1,"photo_key":"1791371910325140000_1746_99_1920_229_v2.jpg","photo_url":"https://drive.google.com/thumbnail?id=11t6vl52P5SXRaDbithLvH68FnJaTCaW5&sz=w1200","photo_view":"https://drive.google.com/file/d/11t6vl52P5SXRaDbithLvH68FnJaTCaW5/view","label_stats":{"3.27":{"detections":31,"mean_conf":0.892,"max_conf":0.948}},"alt":451.73,"session":"2026-10-07_20261007T102104Z","kind":"sign"}},{"type":"Feature","geometry":{"type":"Point","coordinates":[44.7703408,41.7893253]},"properties":{"pole_id":341,"labels":["Manqanis_gadayvana"],"track_ids":[535],"conf":0.789,"n_frames":10,"first_ts":1791371909925194000,"last_ts":1791371910291800000,"image":"20261007T102104Z_c0002_photos/sign_341.jpg","gnss_q":"FIX","n_obs":10,"n_views":10,"dmin_m":6.331,"dmed_m":8.41,"err_h_m":null,"tier":"A","method":"legacy","source":"gnss","pos_src":"rt","n_tracks":1,"n_passes":1,"photo_key":"1791371910125153000_1476_382_1563_422_v2.jpg","photo_url":"https://drive.google.com/thumbnail?id=1GP83viucHZ1zHV2iSjo76r_UzWrzXslf&sz=w1200","photo_view":"https://drive.google.com/file/d/1GP83viucHZ1zHV2iSjo76r_UzWrzXslf/view","label_stats":{"Manqanis_gadayvana":{"detections":10,"mean_conf":0.643,"max_conf":0.789}},"alt":451.13,"session":"2026-10-07_20261007T102104Z","kind":"sign"}},{"type":"Feature","geometry":{"type":"Point","coordinates":[44.7703861,41.7898657]},"properties":{"pole_id":342,"labels":["5.16"],"track_ids":[536],"conf":0.945,"n_frames":22,"first_ts":1791371915257746000,"last_ts":1791371915957651000,"image":"20261007T102104Z_c0002_photos/sign_342.jpg","gnss_q":"FIX","n_obs":22,"n_views":20,"dmin_m":6.846,"dmed_m":11.012,"err_h_m":null,"tier":"A","method":"legacy","source":"gnss","pos_src":"rt","n_tracks":1,"n_passes":1,"photo_key":"1791371915257746000_1257_481_1301_545_v2.jpg","photo_url":"https://drive.google.com/thumbnail?id=1EVQnNsdeBYcghclp9EIn7xAFByrE4CC9&sz=w1200","photo_view":"https://drive.google.com/file/d/1EVQnNsdeBYcghclp9EIn7xAFByrE4CC9/view","label_stats":{"5.16":{"detections":37,"mean_conf":0.734,"max_conf":0.945}},"alt":451.32,"session":"2026-10-07_20261007T102104Z","kind":"sign"}},{"type":"Feature","geometry":{"type":"Point","coordinates":[44.7703866,41.7898656]},"properties":{"pole_id":343,"labels":["5.16"],"track_ids":[537],"conf":0.929,"n_frames":20,"first_ts":1791371915357741000,"last_ts":1791371915957651000,"image":"20261007T102104Z_c0002_photos/sign_343.jpg","gnss_q":"FIX","n_obs":20,"n_views":17,"dmin_m":6.803,"dmed_m":8.901,"err_h_m":null,"tier":"A","method":"legacy","source":"gnss","pos_src":"rt","n_tracks":1,"n_passes":1,"photo_key":"1791371915457707000_1323_442_1380_520_v2.jpg","photo_url":"https://drive.google.com/thumbnail?id=1FEuna2fR2ag5Fcp2hs0bwsQkHmx6WHf_&sz=w1200","photo_view":"https://drive.google.com/file/d/1FEuna2fR2ag5Fcp2hs0bwsQkHmx6WHf_/view","label_stats":{"5.16":{"detections":35,"mean_conf":0.723,"max_conf":0.936}},"alt":451.31,"session":"2026-10-07_20261007T102104Z","kind":"sign"}},{"type":"Feature","geometry":{"type":"Point","coordinates":[44.7704521,41.7905848]},"properties":{"pole_id":344,"labels":["3.18.1"],"track_ids":[539],"conf":0.928,"n_frames":13,"first_ts":1791371922956691000,"last_ts":1791371923589923000,"image":"20261007T102104Z_c0002_photos/sign_344.jpg","gnss_q":"FIX","n_obs":13,"n_views":13,"dmin_m":8.943,"dmed_m":10.359,"err_h_m":null,"tier":"B","method":"legacy","source":"gnss","pos_src":"rt","n_tracks":1,"n_passes":1,"photo_key":"1791371923523270000_1755_294_1813_347_v2.jpg","photo_url":"https://drive.google.com/thumbnail?id=1LUoxtC0PETLh04x_XXNKkeSxNdI3yQXF&sz=w1200","photo_view":"https://drive.google.com/file/d/1LUoxtC0PETLh04x_XXNKkeSxNdI3yQXF/view","label_stats":{"3.18.1":{"detections":11,"mean_conf":0.831,"max_conf":0.928}},"alt":451.21,"session":"2026-10-07_20261007T102104Z","kind":"sign"}},{"type":"Feature","geometry":{"type":"Point","coordinates":[44.7704462,41.7905886]},"properties":{"pole_id":345,"labels":["4.1.2"],"track_ids":[540],"conf":0.896,"n_frames":28,"first_ts":1791371923023346000,"last_ts":1791371923589923000,"image":"20261007T102104Z_c0002_photos/sign_345.jpg","gnss_q":"FIX","n_obs":28,"n_views":18,"dmin_m":8.597,"dmed_m":11.866,"err_h_m":null,"tier":"B","method":"legacy","source":"gnss","pos_src":"rt","n_tracks":1,"n_passes":1,"photo_key":"1791371923456614000_1697_449_1739_486_v2.jpg","photo_url":"https://drive.google.com/thumbnail?id=1sikV8Sf9lWCL01c5fykdd5kXMQ6TXwvD&sz=w1200","photo_view":"https://drive.google.com/file/d/1sikV8Sf9lWCL01c5fykdd5kXMQ6TXwvD/view","label_stats":{"4.1.2":{"detections":17,"mean_conf":0.665,"max_conf":0.896}},"alt":450.53,"session":"2026-10-07_20261007T102104Z","kind":"sign"}},{"type":"Feature","geometry":{"type":"Point","coordinates":[44.7704618,41.7908659]},"properties":{"pole_id":346,"labels":["3.27"],"track_ids":[541],"conf":0.945,"n_frames":29,"first_ts":1791371926189590000,"last_ts":1791371927122810000,"image":"20261007T102104Z_c0002_photos/sign_346.jpg","gnss_q":"FIX","n_obs":29,"n_views":29,"dmin_m":7.373,"dmed_m":10.349,"err_h_m":null,"tier":"A","method":"legacy","source":"gnss","pos_src":"rt","n_tracks":1,"n_passes":1,"photo_key":"1791371926889505000_1527_303_1598_372_v2.jpg","photo_url":"https://drive.google.com/thumbnail?id=1_k9LGG4hdcvIAX9c4aAFwR-IaBofyQrY&sz=w1200","photo_view":"https://drive.google.com/file/d/1_k9LGG4hdcvIAX9c4aAFwR-IaBofyQrY/view","label_stats":{"3.27":{"detections":29,"mean_conf":0.923,"max_conf":0.945}},"alt":451.73,"session":"2026-10-07_20261007T102104Z","kind":"sign"}},{"type":"Feature","geometry":{"type":"Point","coordinates":[44.7704676,41.7908637]},"properties":{"pole_id":347,"labels":["7.3.1"],"track_ids":[542],"conf":0.916,"n_frames":21,"first_ts":1791371926256244000,"last_ts":1791371927022815000,"image":"20261007T102104Z_c0002_photos/sign_347.jpg","gnss_q":"FIX","n_obs":21,"n_views":21,"dmin_m":8.154,"dmed_m":11.778,"err_h_m":null,"tier":"B","method":"legacy","source":"gnss","pos_src":"rt","n_tracks":1,"n_passes":1,"photo_key":"1791371926556204000_1330_362_1387_418_v2.jpg","photo_url":"https://drive.google.com/thumbnail?id=1oIqn1e8Zn1sPktbU7ioz8hlMzF4eO0Jy&sz=w1200","photo_view":"https://drive.google.com/file/d/1oIqn1e8Zn1sPktbU7ioz8hlMzF4eO0Jy/view","label_stats":{"7.3.1":{"detections":21,"mean_conf":0.715,"max_conf":0.916}},"alt":453.07,"session":"2026-10-07_20261007T102104Z","kind":"sign"}},{"type":"Feature","geometry":{"type":"Point","coordinates":[44.7704596,41.790868]},"properties":{"pole_id":348,"labels":["Manqanis_gadayvana"],"track_ids":[543],"conf":0.862,"n_frames":9,"first_ts":1791371926422896000,"last_ts":1791371927022815000,"image":"20261007T102104Z_c0002_photos/sign_348.jpg","gnss_q":"FIX","n_obs":9,"n_views":9,"dmin_m":7.792,"dmed_m":9.14,"err_h_m":null,"tier":"A","method":"legacy","source":"gnss","pos_src":"rt","n_tracks":1,"n_passes":1,"photo_key":"1791371926889505000_1530_373_1600_408_v2.jpg","photo_url":"https://drive.google.com/thumbnail?id=11VI9GcbeMM-6GtC9gR5NXOiiKrWyAm_i&sz=w1200","photo_view":"https://drive.google.com/file/d/11VI9GcbeMM-6GtC9gR5NXOiiKrWyAm_i/view","label_stats":{"Manqanis_gadayvana":{"detections":9,"mean_conf":0.715,"max_conf":0.862}},"alt":451.52,"session":"2026-10-07_20261007T102104Z","kind":"sign"}},{"type":"Feature","geometry":{"type":"Point","coordinates":[44.7705211,41.7916455]},"properties":{"pole_id":349,"labels":["4.1.4"],"track_ids":[544,547],"conf":0.952,"n_frames":30,"first_ts":1791371934755215000,"last_ts":1791371935655104000,"image":"20261007T102104Z_c0002_photos/sign_349.jpg","gnss_q":"FIX","n_obs":30,"n_views":28,"dmin_m":5.824,"dmed_m":10.536,"err_h_m":null,"tier":"A","method":"legacy","source":"gnss","pos_src":"rt","n_tracks":2,"n_passes":1,"photo_key":"1791371935555107000_1514_291_1615_384_v2.jpg","photo_url":"https://drive.google.com/thumbnail?id=1th3mIXprTA-OzBDDFD0QaMrD-tlL7MzI&sz=w1200","photo_view":"https://drive.google.com/file/d/1th3mIXprTA-OzBDDFD0QaMrD-tlL7MzI/view","label_stats":{"4.1.4":{"detections":28,"mean_conf":0.932,"max_conf":0.952}},"alt":451.58,"session":"2026-10-07_20261007T102104Z","kind":"sign"}},{"type":"Feature","geometry":{"type":"Point","coordinates":[44.7705253,41.7916423]},"properties":{"pole_id":350,"labels":["2.1"],"track_ids":[545],"conf":0.966,"n_frames":28,"first_ts":1791371934788530000,"last_ts":1791371935688419000,"image":"20261007T102104Z_c0002_photos/sign_350.jpg","gnss_q":"FIX","n_obs":28,"n_views":28,"dmin_m":5.878,"dmed_m":9.324,"err_h_m":null,"tier":"A","method":"legacy","source":"gnss","pos_src":"rt","n_tracks":1,"n_passes":1,"photo_key":"1791371935621763000_1584_84_1749_227_v2.jpg","photo_url":"https://drive.google.com/thumbnail?id=1-T2ZU-qYzil_S1k3yD_HkLpcgEUBys8W&sz=w1200","photo_view":"https://drive.google.com/file/d/1-T2ZU-qYzil_S1k3yD_HkLpcgEUBys8W/view","label_stats":{"2.1":{"detections":28,"mean_conf":0.871,"max_conf":0.966}},"alt":451.94,"session":"2026-10-07_20261007T102104Z","kind":"sign"}},{"type":"Feature","geometry":{"type":"Point","coordinates":[44.7705338,41.7916436]},"properties":{"pole_id":351,"labels":["4.1.2"],"track_ids":[546],"conf":0.829,"n_frames":20,"first_ts":1791371934821871000,"last_ts":1791371935688419000,"image":"20261007T102104Z_c0002_photos/sign_351.jpg","gnss_q":"FIX","n_obs":20,"n_views":20,"dmin_m":5.632,"dmed_m":10.144,"err_h_m":null,"tier":"A","method":"legacy","source":"gnss","pos_src":"rt","n_tracks":1,"n_passes":1,"photo_key":"1791371935321801000_1451_385_1502_428_v2.jpg","photo_url":"https://drive.google.com/thumbnail?id=1nJZHE89n1d213YmVbQX0P1rKoWPVR4Ml&sz=w1200","photo_view":"https://drive.google.com/file/d/1nJZHE89n1d213YmVbQX0P1rKoWPVR4Ml/view","label_stats":{"4.1.2":{"detections":8,"mean_conf":0.728,"max_conf":0.829}},"alt":451.0,"session":"2026-10-07_20261007T102104Z","kind":"sign"}},{"type":"Feature","geometry":{"type":"Point","coordinates":[44.7705424,41.7919158]},"properties":{"pole_id":352,"labels":["3.27"],"track_ids":[548],"conf":0.907,"n_frames":33,"first_ts":1791371937288233000,"last_ts":1791371938354775000,"image":"20261007T102104Z_c0002_photos/sign_352.jpg","gnss_q":"FIX","n_obs":33,"n_views":33,"dmin_m":5.69,"dmed_m":10.307,"err_h_m":null,"tier":"A","method":"legacy","source":"gnss","pos_src":"rt","n_tracks":1,"n_passes":1,"photo_key":"1791371938154808000_1457_325_1508_406_v2.jpg","photo_url":"https://drive.google.com/thumbnail?id=1h5xpNXk-oz5Hjjcff6EgjRq0LdHSMedf&sz=w1200","photo_view":"https://drive.google.com/file/d/1h5xpNXk-oz5Hjjcff6EgjRq0LdHSMedf/view","label_stats":{"3.27":{"detections":32,"mean_conf":0.845,"max_conf":0.907}},"alt":451.84,"session":"2026-10-07_20261007T102104Z","kind":"sign"}},{"type":"Feature","geometry":{"type":"Point","coordinates":[44.7705389,41.7919178]},"properties":{"pole_id":353,"labels":["Manqanis_gadayvana"],"track_ids":[549],"conf":0.852,"n_frames":21,"first_ts":1791371937354887000,"last_ts":1791371938354775000,"image":"20261007T102104Z_c0002_photos/sign_353.jpg","gnss_q":"FIX","n_obs":21,"n_views":21,"dmin_m":5.402,"dmed_m":8.206,"err_h_m":null,"tier":"A","method":"legacy","source":"gnss","pos_src":"rt","n_tracks":1,"n_passes":1,"photo_key":"1791371938221463000_1522_363_1613_413_v2.jpg","photo_url":"https://drive.google.com/thumbnail?id=1s6GS_K6w1pI4ii7rA2V_No4-pVkDCDTl&sz=w1200","photo_view":"https://drive.google.com/file/d/1s6GS_K6w1pI4ii7rA2V_No4-pVkDCDTl/view","label_stats":{"Manqanis_gadayvana":{"detections":21,"mean_conf":0.661,"max_conf":0.852}},"alt":451.03,"session":"2026-10-07_20261007T102104Z","kind":"sign"}},{"type":"Feature","geometry":{"type":"Point","coordinates":[44.770741,41.7938218]},"properties":{"pole_id":354,"labels":["Manqanis_gadayvana"],"track_ids":[552],"conf":0.913,"n_frames":18,"first_ts":1791371956452833000,"last_ts":1791371957152770000,"image":"20261007T102104Z_c0002_photos/sign_354.jpg","gnss_q":"FIX","n_obs":18,"n_views":18,"dmin_m":9.956,"dmed_m":13.272,"err_h_m":null,"tier":"B","method":"legacy","source":"gnss","pos_src":"rt","n_tracks":1,"n_passes":1,"photo_key":"1791371956652804000_1055_315_1164_359_v2.jpg","photo_url":"https://drive.google.com/thumbnail?id=1T9RlqTvt5BiCd3VTB-TsO5u7unbsc2lr&sz=w1200","photo_view":"https://drive.google.com/file/d/1T9RlqTvt5BiCd3VTB-TsO5u7unbsc2lr/view","label_stats":{"Manqanis_gadayvana":{"detections":18,"mean_conf":0.647,"max_conf":0.913}},"alt":455.28,"session":"2026-10-07_20261007T102104Z","kind":"sign"}},{"type":"Feature","geometry":{"type":"Point","coordinates":[44.7708278,41.7941899]},"properties":{"pole_id":355,"labels":["2.1"],"track_ids":[553],"conf":0.947,"n_frames":23,"first_ts":1791371961752305000,"last_ts":1791371962585561000,"image":"20261007T102104Z_c0002_photos/sign_355.jpg","gnss_q":"FIX","n_obs":23,"n_views":23,"dmin_m":11.07,"dmed_m":12.709,"err_h_m":null,"tier":"B","method":"legacy","source":"gnss","pos_src":"rt","n_tracks":1,"n_passes":1,"photo_key":"1791371962285587000_1686_353_1786_427_v2.jpg","photo_url":"https://drive.google.com/thumbnail?id=1aS7rElY5mcByjeeXvd2NZSnvITVOtrko&sz=w1200","photo_view":"https://drive.google.com/file/d/1aS7rElY5mcByjeeXvd2NZSnvITVOtrko/view","label_stats":{"2.1":{"detections":23,"mean_conf":0.874,"max_conf":0.947}},"alt":449.32,"session":"2026-10-07_20261007T102104Z","kind":"sign"}},{"type":"Feature","geometry":{"type":"Point","coordinates":[44.7708271,41.7941943]},"properties":{"pole_id":356,"labels":["4.1.4"],"track_ids":[554],"conf":0.951,"n_frames":19,"first_ts":1791371961985617000,"last_ts":1791371962585561000,"image":"20261007T102104Z_c0002_photos/sign_356.jpg","gnss_q":"FIX","n_obs":19,"n_views":19,"dmin_m":11.485,"dmed_m":12.272,"err_h_m":null,"tier":"B","method":"legacy","source":"gnss","pos_src":"rt","n_tracks":1,"n_passes":1,"photo_key":"1791371962552246000_1835_386_1918_453_v2.jpg","photo_url":"https://drive.google.com/thumbnail?id=1uEq6d84AUg2aLRE15M2PGTMcinmiII1z&sz=w1200","photo_view":"https://drive.google.com/file/d/1uEq6d84AUg2aLRE15M2PGTMcinmiII1z/view","label_stats":{"4.1.4":{"detections":19,"mean_conf":0.919,"max_conf":0.951}},"alt":448.73,"session":"2026-10-07_20261007T102104Z","kind":"sign"}},{"type":"Feature","geometry":{"type":"Point","coordinates":[44.7708597,41.7942998]},"properties":{"pole_id":357,"labels":["3.24_10"],"track_ids":[555],"conf":0.947,"n_frames":81,"first_ts":1791371964852030000,"last_ts":1791371967918393000,"image":"20261007T102104Z_c0002_photos/sign_357.jpg","gnss_q":"FIX","n_obs":81,"n_views":78,"dmin_m":4.744,"dmed_m":8.18,"err_h_m":null,"tier":"A","method":"legacy","source":"gnss","pos_src":"rt","n_tracks":1,"n_passes":1,"photo_key":"1791371967851736000_274_29_410_141_v2.jpg","photo_url":"https://drive.google.com/thumbnail?id=1hKBeotHvFn4ghBhmyqNskCOPv-toQIXP&sz=w1200","photo_view":"https://drive.google.com/file/d/1hKBeotHvFn4ghBhmyqNskCOPv-toQIXP/view","label_stats":{"3.24_10":{"detections":73,"mean_conf":0.784,"max_conf":0.947}},"alt":451.75,"session":"2026-10-07_20261007T102104Z","kind":"sign"}},{"type":"Feature","geometry":{"type":"Point","coordinates":[44.7708828,41.794281]},"properties":{"pole_id":358,"labels":["3.13"],"track_ids":[556,557],"conf":0.847,"n_frames":18,"first_ts":1791371966318544000,"last_ts":1791371967985050000,"image":"20261007T102104Z_c0002_photos/sign_358.jpg","gnss_q":"FIX","n_obs":18,"n_views":18,"dmin_m":4.643,"dmed_m":5.525,"err_h_m":null,"tier":"A","method":"legacy","source":"gnss","pos_src":"rt","n_tracks":2,"n_passes":1,"photo_key":"1791371967951735000_900_10_976_87_v2.jpg","photo_url":"https://drive.google.com/thumbnail?id=1uJ1mqiifzdJLEa0J6rZYtqmXT5PZYmdU&sz=w1200","photo_view":"https://drive.google.com/file/d/1uJ1mqiifzdJLEa0J6rZYtqmXT5PZYmdU/view","label_stats":{"3.13":{"detections":18,"mean_conf":0.635,"max_conf":0.847}},"alt":451.05,"session":"2026-10-07_20261007T102104Z","kind":"sign"}},{"type":"Feature","geometry":{"type":"MultiLineString","coordinates":[[[44.7709498,41.7942417],[44.7709498,41.7942417]]]},"properties":{"kind":"track_pending","session":"2026-10-07_20261007T102104Z"}},{"type":"Feature","geometry":{"type":"MultiLineString","coordinates":[[[44.7461228,41.7242996],[44.7461536,41.724303],[44.7461849,41.7243063],[44.7462153,41.7243093],[44.7462465,41.7243123],[44.7462773,41.7243152],[44.7463073,41.7243178],[44.7463389,41.7243202],[44.7463691,41.7243227],[44.7463994,41.7243245],[44.7464298,41.7243268],[44.7464609,41.7243295],[44.7464918,41.724332],[44.7465224,41.7243355],[44.7465535,41.7243382],[44.746585,41.7243414],[44.7466164,41.7243442],[44.7466475,41.7243474],[44.7466784,41.7243508],[44.7467072,41.7243539],[44.7467386,41.7243567],[44.7467701,41.7243594],[44.7468018,41.7243618],[44.7468327,41.7243652],[44.7468631,41.7243693],[44.7468949,41.7243726],[44.7469261,41.7243756],[44.7469573,41.7243791],[44.7469888,41.7243824],[44.7470199,41.7243851],[44.7470518,41.7243874],[44.7470839,41.7243894],[44.7471168,41.7243924],[44.7471502,41.724396],[44.7471806,41.7243974],[44.7472132,41.7244],[44.7472465,41.7244029],[44.7472786,41.7244046],[44.7473106,41.7244084],[44.7473434,41.7244116],[44.7473751,41.7244153],[44.7474066,41.7244178],[44.7474367,41.7244205],[44.7474674,41.7244237],[44.7474961,41.7244266],[44.7475258,41.7244298],[44.7475549,41.7244327],[44.7475817,41.7244354],[44.7476064,41.7244376],[44.7476306,41.7244398],[44.7476546,41.7244421],[44.7476899,41.7244455],[44.747724,41.7244491],[44.7477576,41.7244521],[44.7477906,41.7244559],[44.7478196,41.72446],[44.7478457,41.7244623],[44.7478736,41.7244649],[44.7479002,41.7244682],[44.7479236,41.7244737],[44.7479446,41.7244826],[44.7479718,41.7244859],[44.7479997,41.7244887],[44.7480333,41.7244917],[44.7480591,41.7244938],[44.7480857,41.7244964],[44.7481137,41.7244994],[44.7481442,41.7245024],[44.7481743,41.7245054],[44.7482059,41.7245082],[44.7482353,41.7245106],[44.7482675,41.7245136],[44.7483003,41.724516],[44.7483336,41.7245188],[44.7483692,41.7245225],[44.7484023,41.7245256],[44.7484383,41.7245291],[44.7484749,41.7245325],[44.7485108,41.7245357],[44.7485484,41.7245397],[44.7485861,41.7245431],[44.7486228,41.7245466],[44.7486616,41.7245507],[44.7486992,41.7245542],[44.7487365,41.7245586],[44.7487728,41.7245617],[44.7488095,41.7245652],[44.7488483,41.7245679],[44.7488862,41.7245711],[44.7489251,41.7245746],[44.748964,41.7245782],[44.7490039,41.7245823],[44.7490452,41.7245855],[44.749086,41.7245896],[44.7491298,41.7245927],[44.7491737,41.7245962],[44.7492192,41.7246009],[44.7492651,41.7246053],[44.7493109,41.7246098],[44.7493574,41.724614],[44.749404,41.7246181],[44.7494502,41.724622],[44.7494958,41.7246246],[44.7495422,41.7246288],[44.7495895,41.7246333],[44.7496367,41.7246372],[44.7496833,41.724641],[44.749731,41.7246456],[44.7497771,41.7246494],[44.7498254,41.724654],[44.7498724,41.724658],[44.7499194,41.724662],[44.749965,41.7246661],[44.7500095,41.7246702],[44.7500551,41.7246738],[44.7500995,41.7246773],[44.7501445,41.7246811],[44.7501908,41.7246861],[44.7502369,41.7246911],[44.7502834,41.7246959],[44.75033,41.7247003],[44.7503772,41.7247049],[44.7504016,41.7247071],[44.750449,41.724712],[44.7504734,41.7247145],[44.7505214,41.7247193],[44.7505683,41.7247241],[44.7506153,41.7247286],[44.7506426,41.7247307],[44.7506884,41.7247354],[44.7507338,41.7247398],[44.7507789,41.7247443],[44.7508235,41.7247489],[44.7508673,41.7247534],[44.7509096,41.7247581],[44.750949,41.7247624],[44.7509864,41.7247666],[44.7510222,41.7247707],[44.7510564,41.7247743],[44.7510891,41.7247777],[44.7511208,41.7247809],[44.7511527,41.7247842],[44.7511845,41.7247878],[44.7512162,41.7247913],[44.7512483,41.7247947],[44.7512806,41.7247981],[44.7513131,41.7248015],[44.7513465,41.7248055],[44.751381,41.7248091],[44.7514173,41.7248123],[44.7514546,41.7248158],[44.7514932,41.7248195],[44.7515327,41.7248234],[44.7515734,41.7248269],[44.7516146,41.7248308],[44.7516569,41.7248349],[44.7517001,41.724839],[44.7517439,41.7248441],[44.751788,41.7248485],[44.7518333,41.7248531],[44.7518789,41.7248572],[44.7519252,41.7248618],[44.7519719,41.7248661],[44.7520181,41.7248713],[44.7520644,41.7248761],[44.7521096,41.7248809],[44.7521336,41.7248826],[44.7521789,41.7248872],[44.7522238,41.724892],[44.7522683,41.7248968],[44.7523129,41.7249014],[44.7523569,41.7249059],[44.7524009,41.7249103],[44.7524445,41.7249148],[44.7524879,41.7249192],[44.7525309,41.7249233],[44.7525738,41.7249276],[44.7526158,41.7249315],[44.7526582,41.7249355],[44.7526993,41.7249398],[44.7527403,41.7249439],[44.7527807,41.7249476],[44.7528209,41.7249516],[44.7528606,41.7249556],[44.7528998,41.7249595],[44.752939,41.724963],[44.7529771,41.7249671],[44.7530151,41.7249707],[44.7530523,41.7249745],[44.7530893,41.7249783],[44.7531255,41.7249821],[44.7531615,41.7249859],[44.7531971,41.7249895],[44.7532321,41.7249932],[44.7532662,41.7249968],[44.7533004,41.7250003],[44.7533342,41.7250038],[44.7533673,41.7250074],[44.7533997,41.7250108],[44.7534318,41.7250141],[44.7534633,41.7250177],[44.753493,41.7250208],[44.7535215,41.7250242],[44.7535485,41.7250273],[44.753574,41.7250301],[44.7536093,41.7250339],[44.7536416,41.7250373],[44.7536722,41.7250407],[44.7537014,41.7250441],[44.7537307,41.7250474],[44.7537599,41.7250506],[44.7537904,41.7250538],[44.7538225,41.725057],[44.7538564,41.72506],[44.7538925,41.7250632],[44.7539173,41.7250654],[44.7539427,41.7250677],[44.7539686,41.7250701],[44.753995,41.7250724],[44.7540215,41.7250748],[44.754048,41.7250771],[44.7540748,41.7250795],[44.754102,41.7250821],[44.7541293,41.7250845],[44.754157,41.7250871],[44.7541851,41.7250897],[44.7542136,41.7250923],[44.754243,41.7250951],[44.7542732,41.7250979],[44.7543042,41.7251007],[44.7543362,41.7251037],[44.754369,41.7251066],[44.7544027,41.7251097],[44.7544371,41.7251129],[44.7544723,41.7251163],[44.7545078,41.7251198],[44.754544,41.7251236],[44.7545805,41.725127],[44.7546178,41.7251307],[44.7546552,41.7251342],[44.7546929,41.725138],[44.754731,41.7251415],[44.7547691,41.7251452],[44.7548067,41.725149],[44.7548438,41.7251525],[44.7548805,41.7251561],[44.7549169,41.7251598],[44.7549529,41.7251633],[44.7549892,41.725167],[44.7550251,41.7251707],[44.7550606,41.7251744],[44.7550957,41.7251781],[44.7551305,41.7251817],[44.7551646,41.7251852],[44.7551983,41.7251886],[44.7552319,41.7251922],[44.7552657,41.7251956],[44.7552999,41.7251992],[44.755334,41.7252029],[44.7553691,41.7252064],[44.755404,41.7252098],[44.7554393,41.7252135],[44.7554739,41.725217],[44.7555083,41.7252204],[44.7555421,41.7252238],[44.7555755,41.7252272],[44.755608,41.7252306],[44.7556402,41.7252336],[44.7556721,41.7252366],[44.7557028,41.7252394],[44.7557329,41.7252424],[44.7557613,41.725245],[44.755788,41.725247],[44.7558139,41.7252493],[44.7558395,41.7252519],[44.7558645,41.7252537],[44.7558995,41.7252567],[44.7559328,41.7252579],[44.7559677,41.7252588],[44.7559919,41.7252599],[44.7560182,41.7252603],[44.7560459,41.7252612],[44.7560741,41.7252628],[44.7561012,41.7252634],[44.7561284,41.7252648],[44.7561568,41.725267],[44.7561856,41.7252683],[44.7562157,41.7252703],[44.7562473,41.7252723],[44.7562794,41.7252751],[44.7563128,41.7252785],[44.7563466,41.7252831],[44.7563803,41.7252883],[44.7564137,41.7252943],[44.7564471,41.7253004],[44.7564798,41.7253064],[44.7565118,41.7253124],[44.756544,41.7253184],[44.7565747,41.7253238],[44.7566042,41.7253285],[44.7566333,41.7253325],[44.7566619,41.7253363],[44.7566904,41.7253385],[44.7567185,41.7253416],[44.7567463,41.7253439],[44.756774,41.7253457],[44.7568017,41.725348],[44.7568296,41.7253523],[44.7568576,41.7253548],[44.7568865,41.7253574],[44.7569162,41.7253602],[44.7569461,41.7253633],[44.7569763,41.7253661],[44.7570065,41.7253685],[44.7570375,41.7253713],[44.7570682,41.725375],[44.7570991,41.7253781],[44.7571308,41.7253813],[44.7571624,41.7253844],[44.7571952,41.725388],[44.7572288,41.7253913],[44.7572631,41.7253945],[44.7572978,41.7253979],[44.7573336,41.7254014],[44.7573686,41.7254048],[44.7574035,41.7254084],[44.7574376,41.7254117],[44.7574718,41.7254151],[44.7575057,41.7254182],[44.7575397,41.7254216],[44.7575736,41.7254248],[44.7576072,41.7254281],[44.7576409,41.7254317],[44.7576746,41.7254352],[44.7577077,41.7254385],[44.7577399,41.7254416],[44.7577717,41.7254446],[44.7578034,41.7254477],[44.7578352,41.7254509],[44.7578676,41.7254538],[44.7579004,41.7254569],[44.7579337,41.7254597],[44.7579675,41.7254632],[44.7580007,41.7254672],[44.7580342,41.7254705],[44.7580675,41.7254744],[44.7581007,41.7254783],[44.758134,41.725482],[44.758167,41.7254859],[44.7581995,41.7254896],[44.7582315,41.7254934],[44.7582629,41.7254974],[44.7582943,41.7255011],[44.7583254,41.7255045],[44.7583563,41.7255082],[44.7583869,41.7255114],[44.7584172,41.7255149],[44.7584466,41.7255178],[44.7584758,41.7255208],[44.7585044,41.7255235],[44.7585332,41.7255265],[44.7585606,41.7255294],[44.7585876,41.7255318],[44.7586142,41.7255345],[44.7586394,41.7255371],[44.758673,41.7255407],[44.7587013,41.7255437],[44.758726,41.7255462],[44.7587533,41.7255484],[44.7587785,41.7255502],[44.7588029,41.7255539],[44.758827,41.7255558],[44.7588539,41.7255581],[44.7588798,41.7255607],[44.7589106,41.7255632],[44.7589447,41.7255663],[44.75897,41.7255688],[44.7589968,41.7255711],[44.759026,41.7255737],[44.7590552,41.7255759],[44.7590851,41.7255784],[44.7591161,41.7255808],[44.759147,41.7255841],[44.7591802,41.725586],[44.7592125,41.7255884],[44.7592445,41.7255912],[44.7592768,41.7255939],[44.7593091,41.725597],[44.7593422,41.7255997],[44.7593758,41.7256027],[44.7594102,41.7256061],[44.7594454,41.7256095],[44.7594815,41.7256129],[44.7595189,41.7256166],[44.7595568,41.7256208],[44.7595948,41.7256245],[44.7596342,41.7256285],[44.7596735,41.7256322],[44.7597129,41.7256359],[44.7597526,41.7256397],[44.7597925,41.7256435],[44.7598325,41.7256468],[44.7598716,41.7256504],[44.7599119,41.7256541],[44.7599524,41.7256578],[44.7599914,41.7256619],[44.7600312,41.7256655],[44.7600721,41.7256692],[44.7601149,41.7256726],[44.7601561,41.7256767],[44.7601976,41.7256809],[44.7602391,41.7256853],[44.7602808,41.7256897],[44.7603239,41.7256933],[44.7603667,41.7256975],[44.7604083,41.7257023],[44.760451,41.7257066],[44.7604938,41.7257111],[44.7605367,41.7257156],[44.7605796,41.7257203],[44.7606213,41.7257246],[44.7606631,41.7257292],[44.7607043,41.7257338],[44.7607449,41.7257377],[44.7607851,41.7257419],[44.7608245,41.7257461],[44.760864,41.7257504],[44.7609031,41.7257544],[44.7609422,41.7257587],[44.76098,41.7257619],[44.7610185,41.7257664],[44.7610559,41.7257696],[44.7610935,41.7257735],[44.7611294,41.7257764],[44.7611647,41.7257792],[44.7611992,41.7257816],[44.7612339,41.7257846],[44.7612684,41.7257876],[44.7613041,41.7257921],[44.7613376,41.725796],[44.7613704,41.7257996],[44.7614026,41.7258045],[44.7614331,41.725808],[44.761461,41.7258114],[44.7614857,41.7258135],[44.7615178,41.7258173],[44.7615427,41.7258198],[44.7615677,41.7258214],[44.7615928,41.7258234],[44.7616242,41.7258264],[44.7616523,41.7258296],[44.7616863,41.7258331],[44.7617118,41.7258364],[44.7617402,41.7258397],[44.7617712,41.7258429],[44.7618026,41.7258461],[44.7618359,41.7258491],[44.7618699,41.7258526],[44.7619052,41.7258561],[44.7619418,41.7258595],[44.7619794,41.7258632],[44.7620177,41.7258667],[44.7620565,41.72587],[44.7620964,41.7258734],[44.762137,41.7258771],[44.7621786,41.7258807],[44.7622201,41.7258847],[44.762262,41.7258887],[44.7623037,41.7258926],[44.7623455,41.7258966],[44.762388,41.7259005],[44.76243,41.7259043],[44.7624727,41.7259082],[44.7625151,41.7259126],[44.7625583,41.725917],[44.7626016,41.7259209],[44.7626456,41.7259254],[44.7626894,41.7259298],[44.7627334,41.7259342],[44.7627789,41.7259382],[44.7628235,41.7259429],[44.7628691,41.7259468],[44.762915,41.7259512],[44.7629612,41.725955],[44.7630074,41.7259597],[44.7630533,41.7259648],[44.7630997,41.7259694],[44.7631461,41.7259735],[44.7631916,41.7259778],[44.7632368,41.7259826],[44.7632812,41.7259872],[44.7633257,41.7259917],[44.7633695,41.7259967],[44.7634135,41.7260011],[44.7634568,41.726005],[44.7635002,41.7260092],[44.7635423,41.7260134],[44.7635841,41.7260178],[44.763627,41.7260218],[44.7636707,41.7260258],[44.7637141,41.7260298],[44.7637577,41.726034],[44.7638007,41.7260376],[44.7638429,41.7260413],[44.7638851,41.726046],[44.7639265,41.7260502],[44.7639666,41.7260542],[44.7640064,41.7260581],[44.7640455,41.726062],[44.7640842,41.7260658],[44.7641223,41.7260694],[44.7641606,41.7260734],[44.7641987,41.7260772],[44.7642369,41.7260811],[44.7642748,41.726085],[44.7643129,41.7260887],[44.764351,41.7260924],[44.7643888,41.7260957],[44.7644265,41.7260997],[44.764464,41.7261032],[44.7645017,41.7261067],[44.7645389,41.7261102],[44.7645762,41.7261137],[44.7646131,41.7261174],[44.76465,41.7261212],[44.764686,41.7261249],[44.7647218,41.7261283],[44.7647575,41.7261321],[44.7647927,41.7261356],[44.7648273,41.7261391],[44.7648615,41.7261425],[44.764895,41.7261457],[44.7649285,41.7261487],[44.764962,41.7261517],[44.7649943,41.7261547],[44.7650267,41.7261575],[44.7650584,41.7261605],[44.765089,41.7261636],[44.7651183,41.7261665],[44.7651444,41.7261689],[44.7651765,41.7261721],[44.7652031,41.7261748],[44.7652301,41.7261775],[44.7652565,41.7261804],[44.7652832,41.7261833],[44.7653115,41.7261862],[44.7653375,41.726189],[44.7653629,41.7261916],[44.7653932,41.7261944],[44.7654276,41.7261976],[44.7654529,41.7261997],[44.7654797,41.7262021],[44.7655075,41.7262043],[44.7655363,41.726207],[44.7655655,41.7262097],[44.7655955,41.7262123],[44.7656256,41.7262152],[44.765656,41.7262184],[44.7656867,41.7262211],[44.7657176,41.7262246],[44.7657485,41.7262276],[44.7657797,41.7262305],[44.7658106,41.7262336],[44.7658419,41.7262368],[44.7658726,41.7262397],[44.7659034,41.7262423],[44.7659341,41.7262451],[44.7659643,41.7262478],[44.7659941,41.7262509],[44.766024,41.7262538],[44.7660536,41.7262572],[44.766083,41.7262603],[44.7661118,41.7262633],[44.7661407,41.726266],[44.7661687,41.7262688],[44.7661965,41.7262715],[44.7662233,41.7262741],[44.7662495,41.7262762],[44.7662744,41.7262786],[44.7663058,41.7262817],[44.7663307,41.7262841],[44.7663581,41.7262868],[44.7663823,41.7262893],[44.766407,41.7262922],[44.7664309,41.7262946],[44.7664555,41.7262979],[44.7664795,41.7262999],[44.7665034,41.7263028],[44.7665284,41.7263061],[44.7665526,41.7263085],[44.7665766,41.7263107],[44.7666026,41.7263135],[44.7666313,41.7263158],[44.766662,41.7263184],[44.7666936,41.7263212],[44.7667246,41.7263239],[44.7667516,41.7263262],[44.7667759,41.7263286],[44.7668002,41.7263306],[44.766828,41.726333],[44.7668561,41.7263356],[44.7668836,41.7263382],[44.7669163,41.7263412],[44.7669525,41.7263448],[44.7669779,41.7263469],[44.7670033,41.7263497],[44.7670293,41.7263523],[44.7670542,41.7263552],[44.7670788,41.7263575],[44.7671027,41.7263599],[44.7671378,41.7263637],[44.7671724,41.7263671],[44.7672057,41.7263706],[44.7672385,41.7263742],[44.7672672,41.7263774],[44.7672957,41.7263804],[44.7673216,41.7263831],[44.7673474,41.7263858],[44.7673714,41.7263882],[44.7673976,41.726391],[44.7674257,41.7263943],[44.7674539,41.726398],[44.767478,41.7264009],[44.7675031,41.7264038],[44.7675281,41.7264067],[44.767554,41.7264096],[44.7675814,41.7264125],[44.7676101,41.7264154],[44.7676384,41.7264181],[44.7676658,41.7264208],[44.7676925,41.7264231],[44.7677184,41.7264248],[44.7677483,41.7264272],[44.7677751,41.7264296],[44.7678063,41.7264323],[44.7678344,41.7264349],[44.7678648,41.7264375],[44.7678964,41.7264407],[44.7679282,41.7264439],[44.7679606,41.7264471],[44.7679935,41.72645],[44.7680258,41.7264534],[44.7680588,41.7264567],[44.7680922,41.7264604],[44.768126,41.7264637],[44.7681588,41.726467],[44.7681904,41.7264701],[44.7682206,41.726473],[44.7682502,41.7264757],[44.7682786,41.7264784],[44.768306,41.7264811],[44.768333,41.7264839],[44.7683593,41.7264863],[44.7683895,41.7264893],[44.768414,41.7264918],[44.7684404,41.726495],[44.7684654,41.7264985],[44.76849,41.726502],[44.7685182,41.7265056],[44.7685484,41.7265099],[44.7685802,41.7265149],[44.7686136,41.7265203],[44.7686482,41.7265266],[44.768672,41.7265312],[44.768696,41.726536],[44.76872,41.726541],[44.7687542,41.7265487],[44.7687864,41.7265566],[44.7688169,41.7265654],[44.7688451,41.7265756],[44.7688708,41.7265876],[44.7688925,41.7266021],[44.7689098,41.72662],[44.7689228,41.7266416],[44.7689303,41.7266667],[44.7689319,41.7266851],[44.7689306,41.7267046],[44.7689266,41.726725],[44.7689197,41.7267462],[44.7689101,41.7267681],[44.7688981,41.7267908],[44.7688838,41.7268143],[44.7688675,41.7268383],[44.7688491,41.7268628],[44.7688292,41.7268878],[44.7688082,41.7269135],[44.7687858,41.7269396],[44.7687624,41.7269663],[44.7687382,41.7269933],[44.7687136,41.7270203],[44.7686887,41.7270474],[44.7686636,41.7270742],[44.7686384,41.7271007],[44.7686134,41.7271268],[44.7685884,41.7271524],[44.7685636,41.7271777],[44.7685388,41.7272029],[44.7685138,41.7272282],[44.7684892,41.7272542],[44.768465,41.727281],[44.7684409,41.7273082],[44.7684173,41.7273363],[44.768394,41.7273649],[44.7683716,41.7273946],[44.7683496,41.7274251],[44.7683288,41.7274566],[44.7683088,41.727489],[44.7682901,41.7275222],[44.7682733,41.7275558],[44.7682586,41.7275896],[44.7682455,41.7276232],[44.7682349,41.7276567],[44.7682247,41.72769],[44.7682163,41.7277236],[44.7682092,41.7277566],[44.7682029,41.7277903],[44.7681966,41.7278235],[44.76819,41.7278569],[44.7681842,41.7278902],[44.768178,41.7279242],[44.7681725,41.7279587],[44.7681662,41.7279931],[44.7681626,41.7280109],[44.768154,41.7280473],[44.7681502,41.7280651],[44.7681467,41.7280831],[44.7681437,41.7281011],[44.7681408,41.7281193],[44.7681376,41.7281375],[44.7681345,41.7281559],[44.7681312,41.7281739],[44.7681278,41.7282094],[44.7681227,41.7282441],[44.7681166,41.7282784],[44.7681101,41.7283118],[44.7681035,41.7283432],[44.7680989,41.7283747],[44.7680924,41.7284065],[44.7680896,41.7284376],[44.7680841,41.7284691],[44.7680796,41.7284999],[44.7680759,41.7285292],[44.7680727,41.7285593],[44.7680695,41.7285899],[44.768065,41.7286197],[44.7680618,41.7286486],[44.7680585,41.7286773],[44.768055,41.7287052],[44.7680519,41.7287332],[44.7680486,41.7287608],[44.7680454,41.7287873],[44.7680425,41.7288134],[44.7680391,41.7288389],[44.7680364,41.7288635],[44.7680328,41.7288874],[44.7680299,41.7289111],[44.7680252,41.7289333],[44.7680212,41.7289561],[44.768018,41.7289783],[44.7680148,41.7289996],[44.7680121,41.7290207],[44.7680081,41.7290406],[44.7680045,41.7290611],[44.7680012,41.7290805],[44.7679978,41.7290988],[44.7679947,41.729123],[44.7679912,41.7291427],[44.7679887,41.7291623],[44.7679856,41.7291812],[44.7679789,41.7291987],[44.7679762,41.7292172],[44.767971,41.7292368],[44.7679667,41.7292578],[44.7679625,41.7292811],[44.7679599,41.7292993],[44.767956,41.7293193],[44.7679529,41.729339],[44.7679501,41.7293598],[44.7679471,41.7293817],[44.7679434,41.7294026],[44.7679387,41.7294247],[44.7679354,41.729448],[44.767931,41.7294719],[44.7679271,41.7294965],[44.7679227,41.7295215],[44.7679176,41.7295471],[44.7679139,41.7295741],[44.7679098,41.7296017],[44.7679055,41.7296303],[44.7679006,41.7296596],[44.7678954,41.7296899],[44.7678942,41.7297203],[44.7678891,41.7297516],[44.7678837,41.7297834],[44.7678783,41.7298156],[44.7678725,41.7298479],[44.7678669,41.7298802],[44.7678613,41.7299123],[44.7678563,41.729944],[44.7678503,41.7299754],[44.7678456,41.7300068],[44.7678397,41.7300377],[44.7678338,41.7300684],[44.7678269,41.7300988],[44.7678206,41.7301285],[44.767816,41.7301587],[44.7678107,41.7301901],[44.7678046,41.7302204],[44.7677994,41.7302506],[44.7677939,41.7302805],[44.7677889,41.7303105],[44.7677833,41.7303407],[44.7677783,41.7303707],[44.7677733,41.7304005],[44.767768,41.7304303],[44.7677621,41.7304597],[44.7677578,41.7304898],[44.7677535,41.7305193],[44.7677487,41.7305486],[44.7677443,41.730578],[44.7677397,41.730607],[44.767735,41.7306354],[44.7677304,41.7306636],[44.7677254,41.7306909],[44.7677208,41.7307176],[44.7677172,41.7307429],[44.7677127,41.730768],[44.7677084,41.7307931],[44.767706,41.7308173],[44.7677035,41.7308411],[44.7677019,41.730864],[44.767702,41.7308876],[44.7677039,41.7309105],[44.7677073,41.7309333],[44.7677122,41.7309561],[44.767717,41.7309786],[44.7677222,41.7310011],[44.7677277,41.7310235],[44.7677337,41.7310459],[44.7677393,41.7310683],[44.7677449,41.7310906],[44.76775,41.7311134],[44.7677538,41.7311363],[44.7677562,41.7311591],[44.7677572,41.731182],[44.7677573,41.7312051],[44.7677563,41.7312281],[44.7677553,41.7312515],[44.7677538,41.7312745],[44.7677526,41.7312968],[44.7677513,41.7313187],[44.7677505,41.7313398],[44.7677502,41.7313603],[44.7677507,41.7313806],[44.7677525,41.7314004],[44.7677545,41.73142],[44.7677595,41.7314393],[44.7677655,41.7314579],[44.7677733,41.7314762],[44.7677828,41.731494],[44.7677936,41.7315113],[44.7678071,41.7315287],[44.7678212,41.7315462],[44.7678363,41.731564],[44.7678514,41.731582],[44.7678665,41.7316001],[44.7678819,41.731618],[44.767897,41.7316359],[44.767912,41.7316539],[44.7679266,41.7316716],[44.7679412,41.7316893],[44.7679555,41.7317071],[44.7679698,41.731725],[44.7679834,41.7317432],[44.7679969,41.731761],[44.7680099,41.7317784],[44.7680223,41.7317955],[44.7680343,41.7318123],[44.7680461,41.7318289],[44.7680577,41.7318451],[44.7680688,41.731862],[44.7680799,41.7318786],[44.7680907,41.7318955],[44.7681017,41.7319126],[44.7681127,41.73193],[44.7681239,41.7319474],[44.7681347,41.7319649],[44.7681457,41.7319818],[44.7681568,41.7319986],[44.7681672,41.7320152],[44.7681778,41.7320315],[44.7681939,41.7320553],[44.7682091,41.7320788],[44.7682238,41.732102],[44.7682378,41.7321247],[44.7682516,41.732147],[44.7682644,41.732169],[44.7682776,41.7321914],[44.7682916,41.7322143],[44.7683058,41.7322374],[44.7683207,41.7322588],[44.7683354,41.7322791],[44.7683534,41.7322972],[44.7683721,41.7323156],[44.7683895,41.7323391],[44.7684106,41.7323605],[44.7684257,41.7323747],[44.76844,41.7323892],[44.7684575,41.7324104],[44.7684668,41.7324289],[44.7684786,41.7324496],[44.7684917,41.7324686],[44.7685043,41.732489],[44.7685184,41.7325092],[44.7685313,41.7325291],[44.7685441,41.7325491],[44.7685571,41.7325687],[44.7685697,41.7325889],[44.7685831,41.7326093],[44.7685966,41.7326298],[44.7686103,41.7326507],[44.7686242,41.7326721],[44.7686381,41.7326934],[44.7686504,41.7327162],[44.7686628,41.7327389],[44.7686773,41.732761],[44.7686917,41.7327837],[44.7687049,41.7328056],[44.7687194,41.7328277],[44.7687328,41.7328494],[44.7687463,41.7328708],[44.7687605,41.7328921],[44.7687745,41.7329128],[44.7687911,41.732931],[44.7688069,41.7329486],[44.768817,41.7329693],[44.7688276,41.7329898],[44.768841,41.7330097],[44.768853,41.7330301],[44.7688649,41.7330519],[44.7688785,41.7330735],[44.7688921,41.7330951],[44.7689067,41.7331169],[44.7689235,41.7331385],[44.7689573,41.7331623],[44.7689732,41.7331872],[44.7689889,41.733213],[44.769004,41.7332379],[44.7690174,41.7332622],[44.7690289,41.7332848],[44.7690414,41.7333065],[44.76905,41.7333299],[44.7690616,41.7333519],[44.7690595,41.7333868],[44.7690727,41.7334074],[44.7690859,41.7334279],[44.7690985,41.7334478],[44.7691112,41.7334676],[44.769124,41.733487],[44.769137,41.7335061],[44.7691494,41.7335244],[44.7691606,41.7335425],[44.7691692,41.7335597],[44.7691761,41.7335795],[44.7691846,41.7335971],[44.7691982,41.7336139],[44.7692094,41.7336328],[44.7692211,41.7336517],[44.7692336,41.7336698],[44.769245,41.7336874],[44.7692553,41.7337047],[44.7692666,41.7337206],[44.7692814,41.7337436],[44.7692982,41.7337632],[44.7693095,41.733783],[44.7693189,41.7338046],[44.7693257,41.7338252],[44.7693333,41.7338477],[44.769342,41.7338694],[44.7693508,41.7338901],[44.769358,41.7339115],[44.7693666,41.7339371],[44.7693736,41.7339583],[44.769397,41.7339672],[44.7694081,41.7339869],[44.7694072,41.7340309],[44.7694262,41.7340853],[44.7694317,41.7341419],[44.7694367,41.7341599],[44.7694417,41.7341779],[44.7694527,41.734199],[44.769486,41.7341948]],[[44.7699635,41.7461589],[44.7699712,41.7461843],[44.7699722,41.7462055],[44.7699613,41.746223],[44.7699664,41.7462411],[44.7699701,41.7462633],[44.7699805,41.7462811],[44.7699904,41.7462975],[44.7699953,41.7463155],[44.770002,41.7463359],[44.7700084,41.7463552],[44.7700151,41.7463744],[44.7700228,41.7463967],[44.770029,41.7464149],[44.7700352,41.7464323],[44.7700429,41.7464547],[44.7700507,41.7464772],[44.7700568,41.7464954],[44.7700635,41.7465154],[44.7700712,41.7465381],[44.7700798,41.7465636],[44.770086,41.7465821],[44.7700924,41.7466017],[44.770099,41.746622],[44.7701058,41.746643],[44.7701125,41.7466638],[44.7701191,41.7466843],[44.7701255,41.7467042],[44.7701317,41.7467238],[44.7701378,41.7467431],[44.7701437,41.7467622],[44.7701496,41.7467812],[44.7701554,41.7468002],[44.7701614,41.7468193],[44.7701674,41.7468385],[44.7701734,41.7468579],[44.7701792,41.7468773],[44.7701849,41.7468966],[44.7701903,41.7469155],[44.7701956,41.7469342],[44.7702007,41.7469527],[44.7702056,41.7469712],[44.7702107,41.7469899],[44.7702158,41.7470088],[44.7702209,41.7470278],[44.7702261,41.7470469],[44.7702309,41.7470659],[44.7702357,41.7470843],[44.7702404,41.7471022],[44.7702469,41.7471279],[44.7702529,41.7471525],[44.7702585,41.7471759],[44.7702638,41.7471984],[44.7702689,41.7472199],[44.7702736,41.7472405],[44.7702781,41.7472606],[44.7702825,41.7472807],[44.7702871,41.7473011],[44.7702916,41.7473219],[44.7702962,41.7473434],[44.7703009,41.7473654],[44.7703057,41.7473882],[44.7703105,41.7474121],[44.7703157,41.7474377],[44.7703211,41.7474644],[44.7703248,41.7474826],[44.7703283,41.7475012],[44.770332,41.7475198],[44.7703356,41.7475387],[44.7703392,41.7475576],[44.7703428,41.7475768],[44.7703467,41.7475961],[44.7703502,41.7476151],[44.7703538,41.7476339],[44.7703571,41.7476528],[44.7703606,41.7476724],[44.7703642,41.7476928],[44.7703679,41.747714],[44.7703717,41.7477359],[44.7703756,41.7477585],[44.7703795,41.7477815],[44.7703834,41.7478049],[44.7703872,41.7478279],[44.7703911,41.7478509],[44.7703948,41.7478738],[44.7703985,41.7478966],[44.7704021,41.7479194],[44.7704057,41.7479424],[44.7704093,41.7479655],[44.7704129,41.7479888],[44.7704164,41.7480124],[44.7704199,41.7480361],[44.7704232,41.7480598],[44.7704266,41.7480837],[44.7704297,41.7481073],[44.7704329,41.7481309],[44.7704361,41.7481548],[44.7704391,41.7481787],[44.7704419,41.7482029],[44.7704447,41.7482275],[44.7704475,41.7482522],[44.7704503,41.7482771],[44.7704526,41.7483025],[44.7704553,41.748328],[44.7704576,41.7483535],[44.7704601,41.7483785],[44.7704622,41.7484026],[44.7704642,41.7484261],[44.7704663,41.7484494],[44.770468,41.7484722],[44.7704695,41.7484949],[44.7704712,41.7485176],[44.770473,41.7485403],[44.7704741,41.7485632],[44.7704752,41.7485861],[44.7704763,41.748609],[44.7704772,41.748632],[44.770478,41.748655],[44.7704788,41.7486781],[44.7704795,41.7487011],[44.7704801,41.7487242],[44.7704806,41.7487474],[44.770481,41.7487707],[44.7704812,41.7487938],[44.7704814,41.7488171],[44.7704814,41.7488403],[44.7704812,41.7488637],[44.7704814,41.7488871],[44.7704812,41.7489103],[44.7704809,41.7489337],[44.7704805,41.7489569],[44.77048,41.7489801],[44.7704793,41.7490032],[44.7704787,41.7490262],[44.7704778,41.7490492],[44.7704769,41.7490721],[44.770476,41.749095],[44.7704748,41.7491179],[44.7704736,41.7491408],[44.7704723,41.7491637],[44.770471,41.7491868],[44.7704697,41.7492103],[44.7704683,41.7492343],[44.7704665,41.7492586],[44.7704646,41.7492833],[44.7704626,41.7493083],[44.7704606,41.7493336],[44.7704584,41.7493591],[44.7704562,41.749385],[44.7704537,41.7494112],[44.7704509,41.7494375],[44.7704481,41.7494642],[44.7704452,41.7494911],[44.770442,41.7495183],[44.7704387,41.7495456],[44.7704352,41.7495732],[44.7704316,41.7496008],[44.770428,41.7496285],[44.7704239,41.7496561],[44.7704198,41.7496836],[44.7704154,41.749711],[44.7704108,41.7497379],[44.7704061,41.7497646],[44.7704012,41.7497911],[44.7703961,41.7498172],[44.7703908,41.749843],[44.7703855,41.7498686],[44.7703802,41.7498939],[44.7703746,41.7499188],[44.7703689,41.7499435],[44.7703634,41.7499677],[44.7703578,41.7499917],[44.7703522,41.7500154],[44.7703466,41.7500389],[44.770341,41.7500626],[44.7703354,41.7500864],[44.7703298,41.7501102],[44.7703243,41.7501345],[44.7703189,41.7501587],[44.7703133,41.750183],[44.7703078,41.7502076],[44.7703023,41.7502322],[44.7702968,41.7502569],[44.7702912,41.7502817],[44.7702855,41.7503065],[44.7702799,41.7503315],[44.7702742,41.7503565],[44.7702685,41.7503816],[44.7702629,41.7504068],[44.7702572,41.7504321],[44.7702515,41.7504573],[44.7702458,41.7504827],[44.7702402,41.7505081],[44.7702347,41.7505335],[44.770229,41.7505591],[44.7702232,41.7505847],[44.7702176,41.7506106],[44.770212,41.7506366],[44.7702064,41.7506629],[44.7702005,41.7506893],[44.7701946,41.7507158],[44.7701885,41.7507424],[44.7701824,41.7507691],[44.7701762,41.7507956],[44.77017,41.7508217],[44.770164,41.750847],[44.770158,41.7508717],[44.7701524,41.7508957],[44.7701468,41.750919],[44.7701415,41.7509417],[44.7701364,41.7509635],[44.7701313,41.7509849],[44.7701265,41.7510055],[44.7701216,41.7510253],[44.7701172,41.7510446],[44.7701129,41.7510633],[44.7701087,41.7510814],[44.7701026,41.7511075],[44.770097,41.7511324],[44.7700916,41.7511564],[44.7700864,41.751179],[44.7700815,41.7512003],[44.7700772,41.7512182],[44.7700728,41.7512371],[44.7700686,41.7512556],[44.7700642,41.7512741],[44.7700595,41.7512923],[44.770055,41.7513118],[44.7700503,41.7513312],[44.7700463,41.7513495],[44.7700417,41.7513699],[44.7700372,41.7513901],[44.7700332,41.7514082],[44.770029,41.7514274],[44.7700247,41.751447],[44.7700208,41.7514648],[44.7700166,41.7514841],[44.7700119,41.7515056],[44.7700075,41.7515269],[44.7700037,41.7515452],[44.7699992,41.7515655],[44.7699944,41.7515872],[44.7699893,41.7516095],[44.7699844,41.7516321],[44.7699793,41.7516545],[44.7699742,41.7516772],[44.7699691,41.7517009],[44.7699637,41.7517256],[44.7699582,41.7517516],[44.7699542,41.7517695],[44.7699502,41.7517876],[44.7699462,41.7518059],[44.7699425,41.7518241],[44.7699388,41.751842],[44.7699332,41.7518685],[44.7699273,41.7518944],[44.7699216,41.7519198],[44.7699158,41.7519449],[44.7699099,41.7519688],[44.7699043,41.7519917],[44.7698988,41.7520134],[44.7698936,41.7520341],[44.7698885,41.7520546],[44.7698835,41.752075],[44.7698784,41.7520958],[44.7698734,41.7521168],[44.7698684,41.7521367],[44.7698639,41.7521556],[44.7698596,41.7521733],[44.769854,41.7521955],[44.7698487,41.7522181],[44.7698442,41.7522364],[44.7698397,41.7522558],[44.769835,41.7522766],[44.7698302,41.7522985],[44.7698251,41.7523206],[44.7698202,41.7523418],[44.7698152,41.7523637],[44.7698096,41.7523862],[44.7698041,41.7524103],[44.7697978,41.7524362],[44.7697933,41.7524545],[44.7697891,41.7524728],[44.7697845,41.7524914],[44.7697801,41.7525101],[44.7697756,41.7525288],[44.7697713,41.7525475],[44.7697673,41.7525667],[44.769763,41.7525859],[44.7697586,41.7526055],[44.7697542,41.7526253],[44.7697496,41.7526453],[44.7697451,41.7526656],[44.7697405,41.7526859],[44.7697357,41.7527063],[44.7697309,41.7527267],[44.7697263,41.752747],[44.7697216,41.7527675],[44.7697168,41.7527884],[44.7697118,41.7528097],[44.7697069,41.7528315],[44.7697017,41.7528536],[44.7696966,41.7528764],[44.7696913,41.7528997],[44.7696859,41.7529232],[44.7696803,41.7529473],[44.7696746,41.7529715],[44.7696689,41.7529962],[44.7696632,41.7530212],[44.7696573,41.7530465],[44.7696516,41.7530722],[44.7696456,41.7530978],[44.7696395,41.7531236],[44.7696334,41.7531494],[44.769627,41.7531752],[44.7696208,41.7532012],[44.7696145,41.7532271],[44.7696084,41.7532532],[44.7696018,41.7532792],[44.7695954,41.7533053],[44.7695891,41.7533314],[44.7695829,41.7533576],[44.7695767,41.7533839],[44.7695706,41.7534103],[44.7695644,41.7534367],[44.769558,41.7534631],[44.7695515,41.7534897],[44.7695451,41.7535161],[44.7695387,41.7535425],[44.7695324,41.7535689],[44.769526,41.7535951],[44.7695197,41.7536214],[44.7695132,41.7536477],[44.7695069,41.753674],[44.7695006,41.7537005],[44.7694943,41.7537272],[44.7694881,41.7537541],[44.7694818,41.7537814],[44.7694753,41.753809],[44.7694688,41.753837],[44.7694625,41.7538656],[44.7694559,41.7538945],[44.769449,41.7539238],[44.7694422,41.7539534],[44.7694356,41.7539834],[44.7694287,41.7540135],[44.7694217,41.7540436],[44.7694149,41.7540733],[44.769408,41.7541028],[44.7694013,41.7541322],[44.7693944,41.7541616],[44.7693871,41.754191],[44.7693803,41.7542204],[44.7693733,41.7542495],[44.7693657,41.7542784],[44.7693585,41.7543072],[44.7693511,41.7543359],[44.7693438,41.7543646],[44.7693367,41.7543927],[44.7693295,41.7544207],[44.7693224,41.7544484],[44.7693153,41.7544758],[44.7693084,41.7545029],[44.7693016,41.7545296],[44.769295,41.7545556],[44.7692886,41.7545812],[44.7692824,41.754606],[44.7692765,41.7546304],[44.7692707,41.7546542],[44.769265,41.7546774],[44.7692594,41.7547002],[44.769254,41.7547226],[44.7692487,41.7547449],[44.7692434,41.7547667],[44.7692382,41.7547886],[44.7692326,41.7548104],[44.7692271,41.7548324],[44.7692219,41.7548547],[44.7692165,41.7548764],[44.7692114,41.7548977],[44.7692063,41.7549182],[44.7692016,41.7549376],[44.7691974,41.7549556],[44.7691916,41.7549799],[44.7691863,41.7550019],[44.7691818,41.7550213],[44.7691771,41.7550422],[44.7691727,41.7550605],[44.7691675,41.7550827],[44.7691629,41.7551013],[44.7691579,41.7551217],[44.7691521,41.7551443],[44.7691475,41.7551631],[44.7691423,41.7551831],[44.7691365,41.755205],[44.7691304,41.7552291],[44.7691242,41.7552551],[44.7691198,41.7552732],[44.7691152,41.7552918],[44.7691108,41.7553111],[44.7691064,41.7553304],[44.7691016,41.7553499],[44.769097,41.7553698],[44.7690925,41.7553898],[44.769088,41.75541],[44.7690834,41.7554303],[44.7690787,41.7554509],[44.769074,41.755472],[44.7690695,41.7554933],[44.7690653,41.7555134],[44.7690615,41.7555339],[44.7690557,41.7555567],[44.769051,41.7555813],[44.7690458,41.7556046],[44.7690411,41.7556285],[44.7690362,41.7556537],[44.7690304,41.755679],[44.7690249,41.7557046],[44.76902,41.7557308],[44.7690157,41.7557591],[44.7690111,41.7557854],[44.7690061,41.7558121],[44.769001,41.7558388],[44.768996,41.7558658],[44.768991,41.7558933],[44.7689858,41.7559214],[44.7689804,41.7559501],[44.7689752,41.7559794],[44.7689698,41.7560092],[44.7689642,41.7560398],[44.7689586,41.756071],[44.7689529,41.7561027],[44.7689472,41.7561351],[44.7689417,41.7561679],[44.7689363,41.7562009],[44.7689308,41.7562341],[44.7689255,41.7562675],[44.7689201,41.7563011],[44.7689147,41.7563346],[44.7689093,41.7563681],[44.768904,41.7564013],[44.7688988,41.7564343],[44.7688934,41.7564671],[44.7688881,41.7564997],[44.7688828,41.756532],[44.7688775,41.7565641],[44.7688722,41.756596],[44.7688668,41.7566278],[44.7688616,41.7566592],[44.7688565,41.7566903],[44.7688516,41.7567207],[44.7688467,41.7567505],[44.768842,41.7567797],[44.7688375,41.7568082],[44.768833,41.7568362],[44.7688287,41.7568635],[44.7688245,41.7568902],[44.7688205,41.7569164],[44.7688165,41.756942],[44.7688125,41.756967],[44.7688087,41.7569914],[44.768805,41.7570153],[44.7688014,41.7570387],[44.7687979,41.7570616],[44.7687944,41.7570846],[44.7687908,41.7571079],[44.7687872,41.7571317],[44.7687835,41.7571564],[44.7687799,41.7571819],[44.7687762,41.7572082],[44.7687723,41.7572354],[44.7687683,41.7572633],[44.7687642,41.7572919],[44.7687599,41.7573212],[44.7687554,41.7573509],[44.7687508,41.7573811],[44.7687462,41.7574111],[44.7687417,41.7574406],[44.7687371,41.7574694],[44.7687326,41.7574975],[44.7687281,41.7575249],[44.7687235,41.7575517],[44.7687194,41.7575779],[44.7687154,41.7576035],[44.7687117,41.7576285],[44.7687081,41.7576528],[44.7687044,41.7576764],[44.7687009,41.7576994],[44.7686975,41.757722],[44.768694,41.7577439],[44.7686906,41.7577652],[44.7686874,41.7577859],[44.7686843,41.7578058],[44.7686813,41.7578254],[44.7686782,41.7578442],[44.7686754,41.7578626],[44.7686713,41.7578891],[44.7686675,41.7579148],[44.7686638,41.7579399],[44.7686601,41.757965],[44.7686563,41.7579904],[44.7686526,41.7580165],[44.76865,41.7580346],[44.7686473,41.7580533],[44.7686446,41.7580723],[44.7686419,41.7580919],[44.7686391,41.7581118],[44.7686363,41.7581319],[44.7686334,41.7581521],[44.7686305,41.7581725],[44.7686276,41.7581929],[44.7686247,41.7582135],[44.7686218,41.758234],[44.7686191,41.7582542],[44.7686164,41.7582739],[44.7686138,41.7582931],[44.7686112,41.7583121],[44.7686088,41.7583307],[44.768606,41.7583489],[44.7686036,41.758367],[44.7686009,41.758385],[44.768597,41.7584113],[44.7685935,41.7584365],[44.7685901,41.7584605],[44.768587,41.7584835],[44.768584,41.7585055],[44.7685814,41.7585264],[44.7685788,41.7585464],[44.7685764,41.7585654],[44.7685742,41.7585845],[44.7685721,41.7586043],[44.7685701,41.7586229],[44.768568,41.7586411],[44.768566,41.758661],[44.7685644,41.7586793],[44.7685624,41.7587004],[44.7685603,41.7587242],[44.7685581,41.7587504],[44.7685568,41.7587693],[44.7685554,41.758789],[44.7685539,41.7588096],[44.7685526,41.7588311],[44.7685512,41.7588532],[44.7685498,41.7588761],[44.7685486,41.7588996],[44.7685473,41.7589235],[44.7685462,41.7589477],[44.7685449,41.7589723],[44.7685439,41.7589972],[44.768543,41.7590226],[44.768542,41.7590484],[44.7685412,41.7590748],[44.7685406,41.7591018],[44.7685401,41.7591294],[44.7685397,41.7591576],[44.7685394,41.7591863],[44.7685391,41.7592156],[44.7685388,41.7592453],[44.7685386,41.7592755],[44.7685384,41.7593064],[44.7685384,41.7593376],[44.7685383,41.7593694],[44.7685383,41.7594018],[44.7685382,41.7594345],[44.7685381,41.7594677],[44.7685378,41.7595015],[44.7685374,41.7595357],[44.768537,41.7595706],[44.7685365,41.7596063],[44.768536,41.7596245],[44.7685358,41.759643],[44.7685355,41.7596619],[44.7685348,41.7596815],[44.7685342,41.759701],[44.7685337,41.7597207],[44.7685336,41.7597408],[44.7685333,41.7597612],[44.7685331,41.7597819],[44.768533,41.7598027],[44.7685328,41.7598239],[44.7685326,41.7598453],[44.7685324,41.7598671],[44.7685322,41.759889],[44.7685321,41.7599112],[44.7685321,41.7599336],[44.7685322,41.7599562],[44.7685323,41.7599791],[44.7685325,41.7600021],[44.7685326,41.7600254],[44.7685329,41.760049],[44.7685333,41.7600725],[44.7685337,41.7600963],[44.7685343,41.7601202],[44.768535,41.7601442],[44.7685356,41.7601683],[44.7685363,41.7601926],[44.7685373,41.7602169],[44.7685384,41.7602414],[44.7685395,41.7602659],[44.7685412,41.7602906],[44.7685429,41.7603155],[44.7685448,41.7603405],[44.7685471,41.7603656],[44.7685495,41.7603908],[44.7685521,41.7604162],[44.7685548,41.7604418],[44.7685579,41.7604673],[44.7685612,41.7604931],[44.7685647,41.7605189],[44.7685684,41.7605449],[44.7685724,41.760571],[44.7685766,41.7605971],[44.768581,41.7606234],[44.7685856,41.7606497],[44.7685903,41.7606762],[44.7685952,41.7607028],[44.7686002,41.7607295],[44.7686054,41.7607562],[44.7686107,41.760783],[44.7686162,41.7608098],[44.7686218,41.7608369],[44.7686275,41.7608641],[44.7686333,41.7608913],[44.7686393,41.7609185],[44.7686452,41.7609458],[44.7686515,41.7609733],[44.7686578,41.7610008],[44.7686641,41.7610284],[44.7686705,41.761056],[44.7686771,41.7610836],[44.7686837,41.7611113],[44.7686902,41.7611391],[44.7686967,41.7611669],[44.7687032,41.7611948],[44.7687098,41.7612228],[44.7687155,41.7612503],[44.7687221,41.7612771],[44.7687287,41.7613038],[44.7687359,41.7613289],[44.7687442,41.7613533],[44.7687537,41.761377],[44.7687624,41.7614011],[44.7687712,41.7614241],[44.7687788,41.7614472],[44.7687865,41.7614699],[44.7687952,41.7614927],[44.7688025,41.7615164],[44.7688107,41.7615383],[44.7688183,41.7615596],[44.7688257,41.7615815],[44.7688315,41.7616037],[44.7688379,41.7616255],[44.7688461,41.7616471],[44.7688551,41.761669],[44.7688626,41.7616922],[44.768871,41.761716],[44.7688783,41.761739],[44.7688689,41.7618279],[44.7688438,41.7618751],[44.7688421,41.761904],[44.7688479,41.7619279],[44.7688474,41.7619542],[44.7688463,41.7619843],[44.7688456,41.7620138],[44.768842,41.7620454],[44.7688418,41.7620645],[44.7688405,41.7620915],[44.7688389,41.7621187],[44.768837,41.762146],[44.7688343,41.7621736],[44.7688308,41.7622032],[44.768827,41.7622319],[44.7688234,41.7622602],[44.7688197,41.762288],[44.7688161,41.7623156],[44.7688126,41.7623429],[44.7688125,41.7623682],[44.7688116,41.7623939],[44.7688104,41.7624197],[44.7688089,41.7624456],[44.7688064,41.7624731],[44.768804,41.7625003],[44.7688016,41.7625271],[44.7687993,41.7625539],[44.768797,41.7625804],[44.7687946,41.7626068],[44.7687608,41.7626776],[44.7687589,41.7627035],[44.768757,41.7627293],[44.7687553,41.762755],[44.7687539,41.7627807],[44.7687525,41.7628063],[44.7687513,41.7628318],[44.7687503,41.7628574],[44.7687493,41.7628829],[44.7687486,41.7629084],[44.7687481,41.7629338],[44.7687477,41.7629591],[44.7687475,41.7629844],[44.7687473,41.7630096],[44.7687473,41.7630347],[44.7687476,41.7630596],[44.7687479,41.7630844],[44.7687484,41.7631092],[44.7687492,41.7631339],[44.7687499,41.7631585],[44.7687509,41.763183],[44.7687519,41.7632074],[44.768753,41.7632318],[44.7687543,41.7632559],[44.7687556,41.7632802],[44.768757,41.7633043],[44.7687582,41.7633283],[44.7687593,41.7633524],[44.7687609,41.7633761],[44.7687622,41.7633999],[44.7687637,41.7634236],[44.7687651,41.7634471],[44.7687664,41.7634706],[44.7687678,41.763494],[44.7687691,41.7635173],[44.7687705,41.7635404],[44.7687718,41.7635635],[44.7687731,41.7635864],[44.7687744,41.7636092],[44.7687756,41.763632],[44.768777,41.7636546],[44.7687783,41.7636771],[44.7687796,41.7636994],[44.7687808,41.7637217],[44.7687821,41.7637438],[44.7687834,41.7637657],[44.7687845,41.7637876],[44.7687856,41.7638094],[44.7687868,41.7638311],[44.768788,41.7638527],[44.7687892,41.7638741],[44.7687903,41.7638955],[44.7687914,41.7639168],[44.7687925,41.763938],[44.7687935,41.7639592],[44.7687944,41.7639802],[44.7687955,41.7640014],[44.7687968,41.7640224],[44.7687981,41.7640434],[44.7687992,41.7640643],[44.7688005,41.7640853],[44.7688019,41.7641062],[44.7688031,41.7641271],[44.7688044,41.764148],[44.7688056,41.764169],[44.7688068,41.76419],[44.768808,41.7642111],[44.7688091,41.7642322],[44.7688102,41.7642533],[44.7688112,41.7642745],[44.7688123,41.7642957],[44.7688134,41.764317],[44.7688143,41.7643383],[44.7688152,41.7643597],[44.7688161,41.7643811],[44.7688169,41.7644025],[44.7688177,41.764424],[44.7688185,41.7644452],[44.7688192,41.7644666],[44.76882,41.7644879],[44.7688209,41.7645091],[44.7688218,41.7645301],[44.7688227,41.7645511],[44.7688237,41.7645718],[44.7688248,41.7645924],[44.7688259,41.7646128],[44.768827,41.7646332],[44.768828,41.7646534],[44.768829,41.7646734],[44.7688301,41.7646932],[44.7688312,41.7647131],[44.7688325,41.764733],[44.7688338,41.7647528],[44.7688354,41.7647726],[44.7688369,41.7647924],[44.7688387,41.7648123],[44.7688405,41.7648321],[44.7688423,41.7648519],[44.7688441,41.7648718],[44.7688459,41.7648916],[44.7688477,41.7649115],[44.7688494,41.7649313],[44.768851,41.7649512],[44.7688528,41.7649712],[44.7688546,41.7649914],[44.7688564,41.7650118],[44.7688583,41.7650323],[44.7688604,41.765053],[44.7688625,41.7650739],[44.7688647,41.7650949],[44.7688672,41.7651162],[44.7688699,41.7651377],[44.7688726,41.7651592],[44.7688755,41.765181],[44.7688786,41.765203],[44.7688818,41.7652251],[44.7688851,41.7652474],[44.7688886,41.7652698],[44.7688922,41.7652923],[44.768896,41.765315],[44.7689,41.7653374],[44.7689041,41.7653597],[44.7689085,41.765382],[44.7689129,41.765404],[44.7689173,41.765426],[44.768922,41.7654479],[44.7689266,41.7654699],[44.7689313,41.7654919],[44.7689363,41.765514],[44.7689416,41.7655362],[44.7689469,41.7655584],[44.7689526,41.7655808],[44.7689585,41.7656032],[44.7689645,41.7656257],[44.7689708,41.7656483],[44.7689771,41.765671],[44.7689837,41.7656938],[44.7689905,41.7657166],[44.7689976,41.7657396],[44.7690048,41.7657625],[44.7690121,41.7657856],[44.7690194,41.7658085],[44.7690268,41.7658314],[44.7690343,41.7658541],[44.7690419,41.7658768],[44.7690494,41.7658994],[44.769057,41.765922],[44.7690646,41.7659445],[44.7690723,41.765967],[44.7690801,41.7659895],[44.7690878,41.7660119],[44.7690956,41.7660343],[44.7691032,41.7660568],[44.7691109,41.7660793],[44.7691185,41.7661017],[44.769126,41.7661242],[44.7691335,41.7661467],[44.7691407,41.7661692],[44.7691478,41.7661917],[44.7691546,41.7662142],[44.7691611,41.7662369],[44.7691674,41.7662596],[44.7691733,41.7662824],[44.7691791,41.7663052],[44.7691847,41.7663279],[44.7691903,41.7663509],[44.7691955,41.7663738],[44.7692007,41.7663968],[44.7692057,41.7664197],[44.7692104,41.7664428],[44.769215,41.7664659],[44.7692195,41.766489],[44.7692236,41.7665121],[44.7692276,41.7665352],[44.7692314,41.7665583],[44.7692349,41.7665815],[44.7692383,41.7666047],[44.7692415,41.7666279],[44.7692444,41.7666511],[44.7692472,41.7666745],[44.7692498,41.7666979],[44.7692521,41.7667213],[44.7692543,41.7667448],[44.7692563,41.7667684],[44.7692582,41.7667922],[44.7692598,41.7668161],[44.7692612,41.7668401],[44.7692625,41.7668643],[44.7692636,41.7668887],[44.7692646,41.7669132],[44.7692655,41.7669378],[44.7692663,41.7669626],[44.7692669,41.7669875],[44.7692672,41.7670126],[44.7692673,41.7670377],[44.7692672,41.767063],[44.7692669,41.7670884],[44.7692666,41.7671138],[44.7692664,41.7671393],[44.7692663,41.7671647],[44.7692661,41.76719],[44.7692659,41.767215],[44.7692657,41.76724],[44.7692656,41.7672651],[44.7692654,41.7672901],[44.7692653,41.7673151],[44.7692652,41.7673402],[44.7692652,41.7673653],[44.7692652,41.7673904],[44.7692652,41.7674155],[44.7692653,41.7674406],[44.7692653,41.7674656],[44.7692653,41.7674906],[44.7692654,41.7675156],[44.7692655,41.7675404],[44.7692657,41.767565],[44.7692658,41.7675894],[44.769266,41.7676137],[44.7692662,41.7676378],[44.7692664,41.7676619],[44.7692666,41.7676858],[44.7692668,41.7677097],[44.7692668,41.7677334],[44.7692669,41.7677571],[44.7692669,41.7677807],[44.7692668,41.7678043],[44.7692666,41.7678278],[44.7692663,41.7678512],[44.769266,41.7678745],[44.7692657,41.7678976],[44.7692654,41.7679208],[44.769265,41.7679439],[44.7692645,41.7679671],[44.7692639,41.7679903],[44.7692633,41.7680136],[44.7692627,41.7680369],[44.769262,41.7680602],[44.7692613,41.7680833],[44.7692605,41.7681062],[44.7692598,41.7681289],[44.769259,41.7681517],[44.769258,41.7681744],[44.7692571,41.7681972],[44.7692561,41.7682199],[44.769255,41.7682427],[44.7692539,41.7682655],[44.7692527,41.7682882],[44.7692517,41.768311],[44.7692509,41.768334],[44.7692503,41.7683569],[44.7692497,41.7683799],[44.7692494,41.7684029],[44.7692492,41.7684261],[44.7692493,41.7684493],[44.7692494,41.7684726],[44.7692497,41.7684959],[44.76925,41.7685193],[44.7692503,41.7685428],[44.7692506,41.7685664],[44.7692509,41.76859],[44.7692512,41.7686136],[44.7692515,41.7686373],[44.7692517,41.768661],[44.7692519,41.7686847],[44.7692521,41.7687084],[44.7692523,41.7687321],[44.7692523,41.7687558],[44.7692522,41.7687796],[44.7692522,41.7688034],[44.7692522,41.7688271],[44.7692518,41.7688509],[44.7692514,41.7688746],[44.769251,41.7688982],[44.7692505,41.7689218],[44.76925,41.7689454],[44.7692495,41.7689689],[44.7692488,41.7689922],[44.7692481,41.7690156],[44.7692476,41.769039],[44.769247,41.7690623],[44.7692466,41.7690855],[44.7692462,41.7691085],[44.7692457,41.7691314],[44.7692453,41.7691542],[44.769245,41.7691767],[44.7692447,41.7691991],[44.7692445,41.7692214],[44.7692443,41.7692435],[44.7692442,41.7692655],[44.769244,41.7692874],[44.7692439,41.7693091],[44.7692438,41.7693308],[44.7692437,41.7693524],[44.7692436,41.7693738],[44.7692434,41.7693953],[44.7692434,41.7694166],[44.7692432,41.7694379],[44.7692431,41.7694591],[44.769243,41.7694803],[44.7692428,41.7695014],[44.7692427,41.7695224],[44.7692425,41.7695434],[44.7692424,41.7695643],[44.7692423,41.7695853],[44.7692423,41.7696062],[44.7692422,41.7696271],[44.7692421,41.7696479],[44.7692421,41.7696688],[44.7692421,41.7696896],[44.7692421,41.7697104],[44.7692419,41.7697312],[44.7692418,41.7697519],[44.7692417,41.7697727],[44.7692416,41.7697934],[44.7692415,41.7698141],[44.7692414,41.7698348],[44.7692413,41.7698555],[44.7692412,41.7698762],[44.769241,41.7698969],[44.7692409,41.7699176],[44.7692406,41.7699384],[44.7692404,41.7699591],[44.7692402,41.76998],[44.76924,41.7700008],[44.7692399,41.7700218],[44.7692396,41.7700427],[44.7692393,41.7700638],[44.7692392,41.770085],[44.7692391,41.7701063],[44.7692389,41.7701277],[44.7692388,41.7701491],[44.7692387,41.7701708],[44.7692384,41.7701924],[44.7692383,41.7702143],[44.7692382,41.7702361],[44.7692381,41.7702581],[44.7692381,41.7702804],[44.7692376,41.7703027],[44.7692372,41.7703252],[44.7692367,41.7703476],[44.7692362,41.7703701],[44.7692357,41.7703927],[44.769235,41.7704155],[44.7692343,41.7704383],[44.7692333,41.7704614],[44.7692324,41.7704844],[44.7692314,41.7705075],[44.7692305,41.7705306],[44.7692295,41.7705538],[44.7692287,41.770577],[44.7692278,41.7706003],[44.7692268,41.7706236],[44.7692259,41.770647],[44.7692251,41.7706704],[44.7692242,41.7706939],[44.7692235,41.7707174],[44.7692227,41.7707409],[44.7692219,41.7707645],[44.7692212,41.7707881],[44.7692206,41.7708117],[44.7692199,41.7708353],[44.7692191,41.770859],[44.7692185,41.7708827],[44.7692178,41.7709064],[44.7692172,41.77093],[44.7692165,41.7709538],[44.7692157,41.7709774],[44.7692149,41.771001],[44.7692141,41.7710246],[44.7692132,41.7710483],[44.7692126,41.7710718],[44.7692118,41.7710953],[44.7692111,41.7711188],[44.7692102,41.7711422],[44.7692095,41.7711656],[44.7692086,41.7711889],[44.7692078,41.7712122],[44.7692069,41.7712354],[44.7692061,41.7712584],[44.7692053,41.7712815],[44.7692043,41.7713043],[44.7692034,41.7713272],[44.7692025,41.7713499],[44.7692017,41.7713726],[44.7692007,41.7713952],[44.7691996,41.7714177],[44.769199,41.7714402],[44.7691983,41.7714625],[44.7691975,41.7714849],[44.7691967,41.771507],[44.7691961,41.7715291],[44.7691954,41.7715512],[44.7691947,41.7715732],[44.769194,41.771595],[44.7691933,41.7716168],[44.7691926,41.7716385],[44.769192,41.7716602],[44.7691914,41.7716818],[44.7691908,41.7717033],[44.7691902,41.7717248],[44.7691896,41.7717463],[44.769189,41.7717676],[44.7691885,41.7717889],[44.7691879,41.7718101],[44.7691874,41.7718313],[44.7691869,41.7718524],[44.7691864,41.7718734],[44.769186,41.7718945],[44.7691857,41.7719155],[44.7691853,41.7719364],[44.769185,41.7719573],[44.7691845,41.7719781],[44.7691841,41.7719989],[44.7691837,41.7720197],[44.7691833,41.7720403],[44.7691829,41.7720611],[44.7691826,41.7720818],[44.7691822,41.7721023],[44.7691818,41.7721229],[44.7691815,41.7721434],[44.7691811,41.7721638],[44.7691808,41.7721843],[44.7691803,41.7722047],[44.7691799,41.772225],[44.7691795,41.7722453],[44.769179,41.7722655],[44.7691787,41.7722858],[44.7691781,41.772306],[44.7691778,41.7723261],[44.7691773,41.7723463],[44.7691767,41.7723663],[44.7691762,41.7723864],[44.7691757,41.7724064],[44.7691752,41.7724264],[44.7691747,41.7724463],[44.7691742,41.7724662],[44.7691736,41.7724861],[44.7691731,41.772506],[44.7691725,41.7725259],[44.7691717,41.7725457],[44.7691712,41.7725655],[44.7691708,41.7725852],[44.7691699,41.7726048],[44.7691688,41.7726245],[44.7691681,41.7726443],[44.7691674,41.7726643],[44.7691668,41.7726841],[44.7691662,41.7727039],[44.7691655,41.7727237],[44.7691648,41.7727433],[44.769164,41.7727631],[44.7691633,41.7727829],[44.7691624,41.7728028],[44.7691615,41.7728227],[44.7691607,41.7728426],[44.7691598,41.7728626],[44.769159,41.7728825],[44.769158,41.7729025],[44.7691571,41.7729225],[44.7691562,41.7729425],[44.7691551,41.7729625],[44.7691543,41.7729826],[44.7691535,41.7730027],[44.7691526,41.7730228],[44.7691516,41.7730429],[44.7691509,41.773063],[44.76915,41.7730832],[44.7691492,41.7731033],[44.7691484,41.7731235],[44.7691475,41.7731437],[44.7691465,41.7731639],[44.7691456,41.7731841],[44.7691447,41.7732044],[44.7691437,41.7732246],[44.7691428,41.7732448],[44.7691419,41.7732651],[44.7691411,41.7732855],[44.7691403,41.7733057],[44.7691395,41.773326],[44.7691387,41.7733464],[44.7691378,41.7733667],[44.769137,41.773387],[44.7691361,41.7734074],[44.7691352,41.7734278],[44.7691343,41.7734482],[44.7691334,41.7734686],[44.7691325,41.7734889],[44.7691316,41.7735093],[44.7691306,41.7735296],[44.7691297,41.7735499],[44.7691288,41.7735701],[44.7691278,41.7735902],[44.7691269,41.7736102],[44.769126,41.7736301],[44.7691252,41.7736497],[44.7691242,41.7736692],[44.7691234,41.7736886],[44.7691225,41.7737078],[44.7691216,41.7737268],[44.7691207,41.7737457],[44.7691199,41.7737644],[44.7691192,41.773783],[44.7691184,41.7738015],[44.7691177,41.7738198],[44.769117,41.773838],[44.7691163,41.7738561],[44.769115,41.7738919],[44.7691136,41.7739273],[44.7691121,41.7739626],[44.7691107,41.7739974],[44.7691096,41.7740322],[44.7691083,41.7740668],[44.7691073,41.7741013],[44.7691061,41.7741356],[44.7691049,41.7741697],[44.7691038,41.7742034],[44.7691029,41.7742363],[44.769102,41.7742685],[44.7691011,41.7743],[44.7691005,41.7743307],[44.7690997,41.7743604],[44.769099,41.7743886],[44.7690983,41.774415],[44.7690978,41.7744395],[44.7690973,41.7744621],[44.7690969,41.7744828],[44.7690965,41.7745016],[44.7690967,41.7745267],[44.7690987,41.7745473],[44.7691036,41.7745653],[44.769107,41.7745852],[44.7691072,41.7746066],[44.7691068,41.7746306],[44.7691061,41.7746504],[44.7691053,41.7746728],[44.7691042,41.7746969],[44.7691026,41.7747226],[44.7691005,41.7747498],[44.7690987,41.7747784],[44.7690962,41.7748082],[44.7690935,41.7748391],[44.7690906,41.774871],[44.7690875,41.7749035],[44.7690844,41.7749369],[44.7690815,41.7749709],[44.7690789,41.7750056],[44.7690766,41.775041],[44.7690746,41.7750768],[44.7690737,41.7750949],[44.7690728,41.7751131],[44.769072,41.7751314],[44.7690713,41.7751499],[44.7690706,41.7751685],[44.76907,41.7751873],[44.7690694,41.7752061],[44.7690689,41.775225],[44.7690684,41.7752441],[44.769068,41.7752632],[44.7690676,41.7752825],[44.7690673,41.7753018],[44.769067,41.7753212],[44.7690668,41.7753405],[44.7690666,41.7753599],[44.7690664,41.7753792],[44.7690662,41.7753984],[44.769066,41.7754176],[44.7690658,41.7754367],[44.7690655,41.7754558],[44.7690652,41.7754748],[44.7690649,41.7754939],[44.7690647,41.7755128],[44.7690645,41.7755319],[44.7690642,41.7755509],[44.7690639,41.7755699],[44.7690637,41.7755891],[44.7690634,41.7756085],[44.7690631,41.7756281],[44.7690629,41.775648],[44.7690626,41.7756681],[44.7690625,41.7756885],[44.7690624,41.7757091],[44.7690623,41.77573],[44.7690622,41.775751],[44.769062,41.7757723],[44.7690618,41.7757938],[44.7690615,41.7758154],[44.769061,41.7758372],[44.7690605,41.7758593],[44.76906,41.7758814],[44.7690594,41.7759037],[44.7690588,41.775926],[44.7690581,41.7759486],[44.7690574,41.7759712],[44.7690567,41.7759939],[44.769056,41.7760168],[44.7690551,41.7760397],[44.7690544,41.7760627],[44.7690537,41.7760858],[44.7690529,41.776109],[44.7690523,41.7761321],[44.7690516,41.7761552],[44.7690508,41.7761784],[44.7690501,41.7762015],[44.7690495,41.7762246],[44.7690489,41.7762476],[44.7690482,41.7762706],[44.7690476,41.7762935],[44.7690471,41.7763164],[44.7690465,41.7763393],[44.7690461,41.7763623],[44.7690456,41.7763852],[44.7690452,41.7764081],[44.7690447,41.776431],[44.7690442,41.7764539],[44.7690438,41.7764767],[44.7690433,41.7764996],[44.7690428,41.7765224],[44.7690424,41.7765451],[44.7690419,41.7765679],[44.7690413,41.7765905],[44.7690407,41.7766133],[44.7690401,41.7766358],[44.7690395,41.7766585],[44.7690388,41.7766811],[44.7690381,41.7767036],[44.7690375,41.7767261],[44.7690367,41.7767485],[44.7690359,41.776771],[44.7690351,41.7767934],[44.7690342,41.7768156],[44.7690332,41.7768379],[44.7690322,41.77686],[44.7690312,41.7768821],[44.76903,41.7769041],[44.7690288,41.7769258],[44.7690275,41.7769475],[44.7690265,41.7769691],[44.7690252,41.7769905],[44.7690238,41.777012],[44.7690225,41.7770334],[44.7690212,41.7770546],[44.7690199,41.7770759],[44.7690184,41.7770972],[44.769017,41.7771185],[44.7690157,41.7771398],[44.7690139,41.7771609],[44.7690124,41.7771822],[44.769011,41.7772034],[44.7690098,41.7772248],[44.7690086,41.7772461],[44.7690076,41.7772674],[44.7690067,41.7772888],[44.7690061,41.7773102],[44.7690057,41.7773316],[44.7690055,41.777353],[44.7690053,41.7773744],[44.7690052,41.7773959],[44.7690052,41.7774173],[44.7690052,41.7774387],[44.7690053,41.7774601],[44.7690054,41.7774815],[44.7690055,41.7775029],[44.7690056,41.7775242],[44.7690057,41.7775456],[44.7690057,41.777567],[44.7690057,41.7775884],[44.7690057,41.7776097],[44.7690056,41.777631],[44.7690057,41.7776524],[44.7690056,41.7776737],[44.7690056,41.777695],[44.7690055,41.7777163],[44.7690054,41.7777377],[44.7690051,41.777759],[44.7690049,41.7777804],[44.7690048,41.7778017],[44.7690044,41.777823],[44.7690043,41.7778444],[44.769004,41.7778657],[44.7690037,41.7778869],[44.7690035,41.7779082],[44.7690032,41.7779295],[44.769003,41.7779506],[44.7690028,41.7779718],[44.7690027,41.7779929],[44.7690026,41.7780141],[44.7690024,41.7780351],[44.7690024,41.7780561],[44.7690025,41.778077],[44.7690026,41.778098],[44.7690028,41.7781189],[44.7690031,41.7781396],[44.7690035,41.7781604],[44.769004,41.7781812],[44.7690046,41.778202],[44.7690052,41.7782228],[44.7690061,41.7782435],[44.769007,41.7782643],[44.7690081,41.778285],[44.7690094,41.7783057],[44.7690109,41.7783265],[44.7690124,41.7783474],[44.7690141,41.7783682],[44.769016,41.7783891],[44.7690181,41.77841],[44.7690203,41.7784309],[44.7690226,41.7784518],[44.769025,41.7784728],[44.7690276,41.7784938],[44.7690302,41.7785148],[44.7690327,41.7785359],[44.7690352,41.7785569],[44.7690378,41.778578],[44.7690405,41.778599],[44.7690431,41.7786201],[44.7690459,41.7786412],[44.7690486,41.7786623],[44.7690513,41.7786835],[44.7690541,41.7787046],[44.7690569,41.7787259],[44.7690597,41.7787472],[44.7690626,41.7787686],[44.7690656,41.77879],[44.7690685,41.7788115],[44.7690717,41.7788331],[44.7690746,41.7788548],[44.7690777,41.7788766],[44.7690808,41.7788984],[44.7690839,41.7789203],[44.7690872,41.7789423],[44.7690904,41.7789643],[44.7690937,41.7789865],[44.7690969,41.7790086],[44.7691003,41.7790308],[44.7691037,41.7790531],[44.769107,41.7790753],[44.7691103,41.7790976],[44.7691137,41.7791199],[44.769117,41.7791422],[44.7691203,41.7791645],[44.7691236,41.7791869],[44.7691271,41.7792092],[44.7691305,41.7792315],[44.7691342,41.7792539],[44.7691381,41.7792762],[44.769142,41.7792986],[44.7691462,41.7793209],[44.7691505,41.7793431],[44.769155,41.7793654],[44.7691597,41.7793876],[44.7691645,41.7794098],[44.7691695,41.779432],[44.7691745,41.7794541],[44.7691795,41.7794762],[44.7691846,41.7794982],[44.7691899,41.77952],[44.7691951,41.7795417],[44.7692003,41.7795632],[44.7692054,41.7795847],[44.7692104,41.779606],[44.7692153,41.7796273],[44.76922,41.7796486],[44.7692246,41.7796698],[44.7692292,41.7796909],[44.7692338,41.779712],[44.7692384,41.7797331],[44.7692427,41.779754],[44.769247,41.7797749],[44.7692511,41.7797957],[44.7692553,41.7798163],[44.7692594,41.7798369],[44.7692635,41.7798573],[44.7692675,41.7798778],[44.7692716,41.7798981],[44.7692757,41.7799184],[44.7692796,41.7799387],[44.7692837,41.7799588],[44.7692878,41.779979],[44.7692919,41.7799991],[44.7692961,41.7800189],[44.7693002,41.7800387],[44.7693042,41.7800583],[44.7693084,41.7800776],[44.7693126,41.7800969],[44.7693167,41.7801159],[44.7693208,41.7801349],[44.7693248,41.7801537],[44.7693288,41.7801724],[44.7693329,41.7801911],[44.7693368,41.7802095],[44.7693407,41.7802278],[44.7693446,41.7802461],[44.7693484,41.7802643],[44.7693522,41.7802824],[44.7693561,41.7803006],[44.7693598,41.7803186],[44.7693674,41.780354],[44.7693748,41.7803888],[44.7693823,41.7804234],[44.7693896,41.7804578],[44.7693969,41.7804922],[44.7694041,41.7805266],[44.7694109,41.7805612],[44.7694179,41.7805961],[44.7694247,41.7806317],[44.7694281,41.7806496],[44.7694316,41.7806677],[44.7694349,41.7806859],[44.7694384,41.7807042],[44.7694417,41.7807227],[44.769445,41.7807413],[44.7694483,41.78076],[44.7694518,41.7807788],[44.7694551,41.7807977],[44.7694585,41.7808167],[44.7694618,41.7808359],[44.7694652,41.7808551],[44.7694685,41.7808745],[44.7694719,41.7808939],[44.7694753,41.7809133],[44.7694786,41.7809327],[44.7694819,41.7809522],[44.7694853,41.7809716],[44.7694887,41.7809911],[44.769492,41.7810105],[44.7694953,41.7810299],[44.7694987,41.7810494],[44.769502,41.7810687],[44.7695053,41.7810881],[44.7695086,41.7811075],[44.7695119,41.7811268],[44.7695153,41.7811461],[44.7695186,41.7811654],[44.7695219,41.7811848],[44.7695253,41.7812041],[44.7695286,41.7812234],[44.7695319,41.7812427],[44.7695353,41.781262],[44.7695386,41.7812813],[44.7695421,41.7813007],[44.7695455,41.7813201],[44.7695489,41.7813395],[44.7695524,41.7813589],[44.769556,41.7813782],[44.7695597,41.7813976],[44.7695635,41.781417],[44.7695673,41.7814363],[44.7695711,41.7814557],[44.7695749,41.781475],[44.7695788,41.7814943],[44.7695828,41.7815137],[44.7695869,41.7815332],[44.7695909,41.7815527],[44.7695951,41.7815723],[44.7695992,41.7815919],[44.7696034,41.7816117],[44.7696078,41.7816315],[44.7696121,41.7816514],[44.7696163,41.7816715],[44.7696207,41.7816917],[44.7696252,41.781712],[44.7696288,41.7817324],[44.7696325,41.781753],[44.7696365,41.7817733],[44.7696405,41.781794],[44.7696444,41.7818149],[44.7696484,41.781836],[44.7696522,41.7818576],[44.7696561,41.7818792],[44.7696601,41.781901],[44.7696643,41.7819232],[44.7696683,41.7819453],[44.7696721,41.7819674],[44.769676,41.7819896],[44.7696796,41.7820118],[44.769683,41.782034],[44.7696865,41.7820563],[44.7696899,41.7820785],[44.769693,41.7821008],[44.7696964,41.7821231],[44.7696997,41.7821453],[44.7697031,41.7821675],[44.7697061,41.7821897],[44.7697094,41.7822119],[44.7697124,41.7822341],[44.7697153,41.7822563],[44.7697182,41.7822785],[44.7697213,41.7823008],[44.769724,41.7823233],[44.7697268,41.7823456],[44.7697297,41.7823681],[44.7697326,41.7823906],[44.7697352,41.7824131],[44.769738,41.7824358],[44.7697407,41.7824584],[44.7697431,41.7824811],[44.7697457,41.782504],[44.7697484,41.7825268],[44.7697509,41.7825496],[44.7697531,41.7825725],[44.7697558,41.7825954],[44.7697583,41.7826183],[44.7697608,41.7826412],[44.7697632,41.7826641],[44.7697656,41.782687],[44.769768,41.7827099],[44.7697704,41.7827328],[44.7697728,41.7827557],[44.7697753,41.7827785],[44.7697776,41.7828013],[44.7697802,41.7828241],[44.7697825,41.7828468],[44.7697849,41.7828696],[44.7697873,41.7828923],[44.7697897,41.782915],[44.769792,41.7829378],[44.7697944,41.7829605],[44.7697968,41.7829832],[44.769799,41.7830059],[44.7698015,41.7830286],[44.7698038,41.7830513],[44.7698062,41.783074],[44.7698086,41.7830966],[44.769811,41.7831193],[44.7698134,41.7831419],[44.7698158,41.7831645],[44.7698181,41.7831871],[44.7698203,41.7832096],[44.7698226,41.7832321],[44.7698249,41.7832545],[44.769827,41.7832769],[44.7698292,41.7832993],[44.7698313,41.7833216],[44.7698335,41.7833439],[44.7698355,41.7833662],[44.7698375,41.7833885],[44.7698394,41.7834107],[44.7698412,41.783433],[44.7698431,41.7834553],[44.7698448,41.7834776],[44.7698465,41.7834998],[44.7698482,41.7835222],[44.7698499,41.7835445],[44.7698517,41.7835669],[44.7698534,41.7835894],[44.7698552,41.7836118],[44.7698568,41.7836343],[44.7698585,41.7836567],[44.7698602,41.7836793],[44.7698619,41.7837018],[44.7698636,41.7837244],[44.7698654,41.783747],[44.7698672,41.7837697],[44.769869,41.7837924],[44.7698708,41.7838151],[44.7698727,41.7838378],[44.7698747,41.7838606],[44.7698766,41.7838834],[44.7698786,41.7839063],[44.7698805,41.783929],[44.7698826,41.7839519],[44.7698847,41.7839748],[44.7698866,41.7839976],[44.7698885,41.7840204],[44.7698904,41.7840433],[44.7698922,41.7840661],[44.7698941,41.7840889],[44.7698959,41.7841117],[44.7698977,41.7841344],[44.7698996,41.7841572],[44.7699013,41.78418],[44.769903,41.7842027],[44.7699047,41.7842253],[44.7699063,41.7842482],[44.7699079,41.7842708],[44.7699093,41.7842936],[44.7699108,41.7843163],[44.7699122,41.7843388],[44.7699138,41.7843617],[44.7699154,41.7843841],[44.7699167,41.7844065],[44.7699186,41.7844294],[44.76992,41.7844518],[44.7699214,41.7844742],[44.7699229,41.7844967],[44.7699245,41.7845193],[44.7699261,41.7845418],[44.7699276,41.7845644],[44.7699292,41.784587],[44.7699309,41.7846094],[44.7699324,41.784632],[44.7699342,41.7846546],[44.7699358,41.7846772],[44.7699375,41.7846998],[44.7699391,41.7847225],[44.7699409,41.7847451],[44.7699425,41.7847678],[44.7699441,41.7847906],[44.7699457,41.7848133],[44.7699473,41.7848361],[44.769949,41.7848589],[44.7699505,41.7848818],[44.7699523,41.7849047],[44.7699539,41.7849277],[44.7699554,41.7849507],[44.7699571,41.7849738],[44.769959,41.7849968],[44.7699607,41.7850199],[44.7699624,41.7850431],[44.7699641,41.7850663],[44.7699658,41.7850896],[44.7699676,41.785113],[44.7699693,41.7851363],[44.7699712,41.7851598],[44.7699731,41.7851833],[44.769975,41.7852068],[44.769977,41.7852304],[44.769979,41.7852541],[44.769981,41.7852778],[44.7699831,41.7853015],[44.7699852,41.7853252],[44.7699874,41.7853489],[44.7699897,41.7853727],[44.7699918,41.7853965],[44.769994,41.7854203],[44.7699961,41.7854441],[44.7699983,41.785468],[44.7700004,41.7854918],[44.7700025,41.7855157],[44.7700045,41.7855395],[44.7700065,41.7855634],[44.7700086,41.7855874],[44.7700106,41.7856113],[44.7700126,41.7856353],[44.7700146,41.7856592],[44.7700165,41.7856832],[44.7700185,41.7857071],[44.7700205,41.7857311],[44.7700225,41.7857551],[44.7700246,41.785779],[44.7700265,41.785803],[44.7700284,41.785827],[44.7700303,41.7858509],[44.7700322,41.7858749],[44.7700341,41.7858988],[44.770036,41.7859227],[44.770038,41.7859467],[44.7700398,41.7859706],[44.7700416,41.7859946],[44.7700434,41.7860184],[44.7700452,41.7860423],[44.770047,41.7860662],[44.7700486,41.7860901],[44.7700503,41.786114],[44.7700519,41.7861378],[44.7700535,41.7861616],[44.7700552,41.7861853],[44.7700568,41.786209],[44.7700584,41.7862327],[44.7700601,41.7862563],[44.7700618,41.7862799],[44.7700633,41.7863035],[44.770065,41.7863271],[44.7700667,41.7863507],[44.7700683,41.7863742],[44.77007,41.7863976],[44.7700717,41.7864211],[44.7700734,41.7864445],[44.7700749,41.7864681],[44.7700765,41.7864915],[44.7700783,41.7865148],[44.77008,41.7865382],[44.7700818,41.7865617],[44.7700835,41.7865851],[44.7700852,41.7866086],[44.7700869,41.7866321],[44.7700887,41.7866555],[44.7700904,41.7866791],[44.7700921,41.7867026],[44.7700939,41.7867261],[44.7700956,41.7867497],[44.7700973,41.7867734],[44.7700989,41.7867971],[44.7701008,41.7868207],[44.7701026,41.7868447],[44.7701043,41.7868686],[44.7701059,41.7868926],[44.7701076,41.7869168],[44.7701094,41.786941],[44.7701111,41.7869653],[44.7701128,41.7869897],[44.7701145,41.7870141],[44.7701163,41.7870384],[44.770118,41.7870629],[44.7701198,41.7870873],[44.7701216,41.7871118],[44.7701233,41.7871362],[44.7701252,41.7871606],[44.7701271,41.7871849],[44.7701291,41.7872091],[44.770131,41.7872333],[44.770133,41.7872574],[44.770135,41.7872815],[44.7701371,41.7873056],[44.7701391,41.7873297],[44.7701411,41.7873537],[44.7701433,41.7873778],[44.7701453,41.7874018],[44.7701473,41.7874257],[44.7701492,41.7874498],[44.770151,41.7874738],[44.7701528,41.7874977],[44.7701544,41.7875217],[44.7701561,41.7875457],[44.7701577,41.7875695],[44.7701592,41.7875935],[44.7701607,41.7876172],[44.7701622,41.7876413],[44.7701634,41.7876646],[44.7701649,41.7876883],[44.7701662,41.7877118],[44.7701676,41.787735],[44.770169,41.7877583],[44.7701703,41.7877814],[44.7701717,41.7878041],[44.7701734,41.7878267],[44.7701747,41.7878493],[44.7701762,41.7878717],[44.7701776,41.7878938],[44.770179,41.7879156],[44.7701805,41.7879375],[44.770182,41.7879593],[44.7701833,41.7879809],[44.7701848,41.7880023],[44.7701863,41.7880235],[44.7701877,41.7880446],[44.7701892,41.7880656],[44.7701906,41.7880864],[44.7701921,41.788107],[44.7701934,41.7881275],[44.7701949,41.7881479],[44.7701963,41.7881681],[44.7701977,41.7881881],[44.7701992,41.788208],[44.7702006,41.7882278],[44.770202,41.7882474],[44.7702034,41.7882669],[44.7702048,41.7882862],[44.7702061,41.7883053],[44.7702074,41.7883244],[44.7702086,41.7883432],[44.7702098,41.788362],[44.7702111,41.7883806],[44.7702122,41.788399],[44.7702133,41.7884173],[44.7702145,41.7884355],[44.7702158,41.7884535],[44.770217,41.7884715],[44.7702193,41.7885069],[44.7702214,41.7885418],[44.7702236,41.7885762],[44.7702258,41.7886102],[44.7702281,41.7886439],[44.7702303,41.7886774],[44.7702323,41.7887108],[44.7702341,41.7887441],[44.7702359,41.7887776],[44.7702375,41.7888112],[44.7702392,41.7888448],[44.770241,41.7888787],[44.7702434,41.7889129],[44.7702463,41.7889477],[44.7702495,41.7889828],[44.7702531,41.7890186],[44.770255,41.7890368],[44.770257,41.7890551],[44.770259,41.7890736],[44.770261,41.7890923],[44.7702631,41.7891112],[44.770265,41.7891302],[44.7702669,41.7891493],[44.7702688,41.7891686],[44.7702708,41.7891879],[44.7702727,41.7892072],[44.7702745,41.7892266],[44.7702763,41.7892461],[44.7702782,41.7892655],[44.7702798,41.7892849],[44.7702814,41.7893043],[44.7702831,41.7893237],[44.7702847,41.7893431],[44.7702861,41.7893624],[44.7702877,41.7893816],[44.7702892,41.7894009],[44.7702907,41.78942],[44.7702922,41.7894392],[44.7702936,41.7894584],[44.7702951,41.7894774],[44.7702965,41.7894965],[44.7702978,41.7895156],[44.7702992,41.7895345],[44.7703004,41.7895535],[44.7703018,41.7895726],[44.7703031,41.7895916],[44.7703044,41.7896106],[44.7703057,41.7896296],[44.7703069,41.7896486],[44.7703082,41.7896676],[44.7703094,41.7896866],[44.7703107,41.7897056],[44.770312,41.7897246],[44.7703132,41.7897435],[44.7703145,41.7897625],[44.7703158,41.7897815],[44.770317,41.7898005],[44.7703182,41.7898196],[44.7703194,41.7898387],[44.7703206,41.7898577],[44.7703218,41.7898768],[44.770323,41.789896],[44.7703241,41.7899151],[44.7703252,41.7899344],[44.7703264,41.7899537],[44.7703276,41.789973],[44.7703288,41.7899924],[44.7703299,41.7900118],[44.7703312,41.7900313],[44.7703324,41.7900509],[44.7703336,41.7900704],[44.7703348,41.79009],[44.7703361,41.7901095],[44.7703374,41.790129],[44.7703385,41.7901485],[44.7703398,41.7901679],[44.7703411,41.7901873],[44.7703423,41.7902065],[44.7703436,41.7902255],[44.7703449,41.7902443],[44.7703462,41.790263],[44.7703474,41.7902816],[44.7703487,41.7902999],[44.7703501,41.7903182],[44.7703513,41.7903363],[44.7703538,41.7903719],[44.7703562,41.7904072],[44.7703587,41.7904419],[44.7703612,41.7904762],[44.7703635,41.79051],[44.7703657,41.7905434],[44.770368,41.7905762],[44.7703704,41.7906088],[44.7703729,41.7906413],[44.7703753,41.7906741],[44.7703781,41.790707],[44.7703807,41.7907403],[44.7703834,41.7907741],[44.7703861,41.7908081],[44.770389,41.7908426],[44.7703919,41.7908775],[44.7703949,41.7909129],[44.770398,41.7909485],[44.7703997,41.7909665],[44.7704013,41.7909847],[44.770403,41.7910029],[44.7704047,41.7910213],[44.7704065,41.7910396],[44.7704083,41.791058],[44.77041,41.7910763],[44.7704119,41.7910945],[44.7704137,41.7911126],[44.7704155,41.7911306],[44.7704193,41.7911663],[44.7704232,41.7912018],[44.7704272,41.7912374],[44.7704312,41.7912731],[44.7704352,41.7913092],[44.7704371,41.7913274],[44.770439,41.7913458],[44.7704409,41.7913642],[44.7704428,41.7913827],[44.7704447,41.7914013],[44.7704466,41.79142],[44.7704486,41.7914389],[44.7704505,41.7914578],[44.7704524,41.7914769],[44.7704544,41.7914961],[44.7704563,41.7915153],[44.7704581,41.7915347],[44.77046,41.7915542],[44.7704618,41.7915738],[44.7704635,41.7915935],[44.7704653,41.7916133],[44.7704669,41.7916332],[44.7704684,41.7916532],[44.7704701,41.7916733],[44.7704716,41.7916934],[44.7704732,41.7917137],[44.7704747,41.791734],[44.770476,41.7917544],[44.7704775,41.7917749],[44.7704789,41.7917954],[44.7704803,41.7918159],[44.7704817,41.7918365],[44.770483,41.7918571],[44.7704844,41.7918777],[44.7704858,41.7918984],[44.7704873,41.7919191],[44.7704887,41.7919398],[44.7704901,41.7919607],[44.7704917,41.7919815],[44.7704931,41.7920023],[44.7704947,41.7920232],[44.7704964,41.7920441],[44.7704979,41.792065],[44.7704996,41.7920859],[44.7705012,41.7921067],[44.770503,41.7921276],[44.7705048,41.7921484],[44.7705063,41.792169],[44.7705082,41.7921896],[44.7705101,41.7922103],[44.770512,41.7922308],[44.7705139,41.7922513],[44.7705158,41.7922718],[44.7705176,41.7922922],[44.7705196,41.7923127],[44.7705216,41.7923333],[44.7705235,41.7923537],[44.7705254,41.7923742],[44.7705275,41.7923947],[44.7705295,41.7924153],[44.7705314,41.7924358],[44.7705333,41.7924564],[44.7705355,41.792477],[44.7705375,41.7924976],[44.77054,41.7925183],[44.7705421,41.792539],[44.7705442,41.7925598],[44.7705462,41.7925805],[44.7705485,41.7926013],[44.7705504,41.7926221],[44.7705522,41.7926429],[44.7705542,41.7926637],[44.7705561,41.7926846],[44.770558,41.7927056],[44.7705601,41.7927265],[44.7705621,41.7927476],[44.7705639,41.7927686],[44.7705658,41.7927897],[44.7705676,41.7928107],[44.7705697,41.7928318],[44.7705716,41.7928528],[44.7705736,41.7928738],[44.7705755,41.7928948],[44.7705773,41.7929157],[44.7705793,41.7929367],[44.7705814,41.7929578],[44.7705835,41.7929787],[44.7705855,41.7929997],[44.7705876,41.7930207],[44.7705898,41.7930416],[44.7705919,41.7930627],[44.7705943,41.7930836],[44.7705967,41.7931046],[44.7705988,41.7931256],[44.7706013,41.7931466],[44.7706037,41.7931674],[44.770606,41.7931879],[44.7706084,41.7932084],[44.7706107,41.7932287],[44.7706131,41.7932488],[44.7706158,41.7932691],[44.7706181,41.793289],[44.7706206,41.7933089],[44.7706231,41.7933286],[44.7706256,41.7933479],[44.7706281,41.7933672],[44.7706309,41.7933864],[44.7706334,41.7934053],[44.770636,41.7934241],[44.7706385,41.7934428],[44.770641,41.7934613],[44.7706433,41.7934797],[44.7706459,41.7934979],[44.7706482,41.7935159],[44.7706504,41.7935339],[44.7706548,41.7935694],[44.7706589,41.7936046],[44.7706628,41.7936393],[44.7706662,41.7936736],[44.7706695,41.7937077],[44.7706727,41.7937413],[44.7706758,41.7937745],[44.7706788,41.7938074],[44.7706819,41.7938395],[44.7706852,41.7938713],[44.7706883,41.7939021],[44.7706915,41.7939324],[44.7706947,41.7939621],[44.7706979,41.7939909],[44.770701,41.7940182],[44.770704,41.7940436],[44.7707068,41.7940677],[44.7707095,41.7940902],[44.7707122,41.7941113],[44.770715,41.7941304],[44.7707192,41.794156],[44.7707242,41.7941788],[44.7707309,41.794199],[44.7707399,41.7942167],[44.7707559,41.794237],[44.7707771,41.7942538],[44.7708041,41.7942667],[44.7708278,41.7942737],[44.7708536,41.7942776],[44.7708787,41.7942777],[44.7709086,41.7942711],[44.7709303,41.794259],[44.7709457,41.7942451],[44.7709498,41.7942417]]]},"properties":{"kind":"track","session":"2026-10-07_20261007T102104Z"}}]}