{"type":"FeatureCollection","features":[{"type":"Feature","geometry":{"type":"MultiLineString","coordinates":[[[44.7142982,41.7214166],[44.7142982,41.7214166]]]},"properties":{"kind":"track_pending","session":"2026-10-07_20261007T114933Z"}},{"type":"Feature","geometry":{"type":"MultiLineString","coordinates":[[[44.7711936,41.7944431],[44.7711667,41.7944442],[44.7711408,41.7944456],[44.7711154,41.794446],[44.7710902,41.7944465],[44.771064,41.7944474],[44.7710359,41.7944481],[44.7710107,41.7944487],[44.770986,41.7944514],[44.7709584,41.794457],[44.7709317,41.794462],[44.7709063,41.7944667],[44.77088,41.7944724],[44.7708553,41.7944805],[44.7708347,41.7944917],[44.7708166,41.7945045],[44.7708013,41.7945215],[44.7707909,41.7945388],[44.7707829,41.7945565],[44.7707763,41.7945749],[44.7707705,41.7945946],[44.7707657,41.7946148],[44.7707617,41.7946334],[44.7707574,41.7946557],[44.7707528,41.7946812],[44.7707495,41.7946999],[44.770746,41.79472],[44.7707429,41.7947413],[44.7707405,41.7947642],[44.7707386,41.7947879],[44.7707371,41.7948131],[44.7707361,41.7948394],[44.7707354,41.7948668],[44.7707349,41.7948955],[44.7707345,41.7949253],[44.7707344,41.7949562],[44.7707346,41.7949884],[44.7707351,41.7950226],[44.7707358,41.7950584],[44.7707361,41.7950769],[44.7707364,41.7950959],[44.7707367,41.7951152],[44.770737,41.795135],[44.7707373,41.7951552],[44.7707375,41.7951758],[44.7707376,41.7951967],[44.7707378,41.7952179],[44.7707379,41.7952393],[44.770738,41.7952608],[44.7707381,41.7952825],[44.7707382,41.795304],[44.7707382,41.7953255],[44.7707383,41.7953469],[44.7707384,41.795368],[44.7707385,41.795389],[44.7707386,41.79541],[44.7707387,41.7954308],[44.7707389,41.7954516],[44.7707393,41.7954722],[44.7707397,41.7954929],[44.7707401,41.7955132],[44.7707405,41.7955335],[44.770741,41.7955536],[44.7707414,41.7955735],[44.7707417,41.7955932],[44.7707421,41.7956126],[44.7707424,41.7956315],[44.7707426,41.7956502],[44.770743,41.7956684],[44.7707433,41.795704],[44.7707434,41.7957382],[44.7707434,41.7957713],[44.7707434,41.795803],[44.7707433,41.7958336],[44.770743,41.7958633],[44.770743,41.7958922],[44.7707427,41.7959208],[44.7707425,41.7959503],[44.7707427,41.7959815],[44.7707429,41.7960143],[44.7707428,41.7960487],[44.7707428,41.7960845],[44.7707425,41.796103],[44.7707422,41.7961219],[44.7707417,41.7961412],[44.7707411,41.7961609],[44.7707406,41.796181],[44.7707399,41.7962013],[44.7707393,41.7962218],[44.7707385,41.7962427],[44.7707378,41.7962638],[44.7707367,41.7962852],[44.770736,41.7963067],[44.7707354,41.7963285],[44.7707347,41.7963504],[44.7707343,41.7963725],[44.770734,41.7963947],[44.7707337,41.796417],[44.7707335,41.7964395],[44.7707333,41.7964621],[44.7707331,41.7964847],[44.7707331,41.7965075],[44.7707331,41.7965302],[44.7707333,41.796553],[44.7707335,41.7965758],[44.7707337,41.7965987],[44.770734,41.7966217],[44.7707344,41.7966446],[44.7707347,41.7966676],[44.7707352,41.7966906],[44.7707356,41.7967136],[44.7707361,41.7967366],[44.7707368,41.7967595],[44.7707374,41.7967823],[44.7707381,41.7968049],[44.7707389,41.7968273],[44.7707397,41.7968497],[44.7707407,41.7968721],[44.7707417,41.7968946],[44.7707426,41.7969171],[44.7707437,41.7969397],[44.7707446,41.7969624],[44.7707456,41.7969852],[44.7707466,41.797008],[44.7707476,41.7970309],[44.7707484,41.7970539],[44.7707494,41.797077],[44.7707502,41.7971003],[44.770751,41.7971237],[44.7707519,41.797147],[44.7707527,41.7971706],[44.7707536,41.7971943],[44.7707543,41.797218],[44.7707552,41.7972418],[44.7707562,41.7972656],[44.770757,41.7972893],[44.7707579,41.7973129],[44.7707588,41.7973363],[44.7707597,41.7973597],[44.7707607,41.797383],[44.7707617,41.7974062],[44.7707627,41.7974294],[44.7707638,41.7974526],[44.7707649,41.7974758],[44.7707659,41.797499],[44.7707671,41.7975223],[44.7707682,41.7975456],[44.7707694,41.7975689],[44.7707706,41.7975921],[44.7707718,41.7976153],[44.770773,41.7976385],[44.7707743,41.7976618],[44.7707755,41.7976851],[44.7707768,41.7977085],[44.770778,41.7977319],[44.7707791,41.7977554],[44.7707803,41.7977789],[44.7707815,41.7978024],[44.7707826,41.7978259],[44.7707837,41.797849],[44.7707847,41.7978722],[44.770786,41.7978952],[44.770787,41.7979181],[44.7707882,41.7979408],[44.7707896,41.7979632],[44.7707908,41.7979856],[44.770792,41.7980079],[44.7707935,41.79803],[44.7707951,41.7980518],[44.7707971,41.7980726],[44.7707989,41.7980931],[44.7708005,41.7981131],[44.7708018,41.7981324],[44.770803,41.7981511],[44.7708043,41.7981691],[44.7708067,41.7982036],[44.7708087,41.798236],[44.7708104,41.7982665],[44.7708117,41.7982949],[44.7708123,41.7983214],[44.7708119,41.7983464],[44.7708104,41.79837],[44.7708068,41.7983921],[44.7708012,41.7984126],[44.7707939,41.7984318],[44.7707838,41.7984497],[44.7707717,41.7984661],[44.7707574,41.7984807],[44.7707329,41.7984985],[44.7707063,41.7985125],[44.7706786,41.7985229],[44.7706495,41.7985306],[44.7706194,41.7985357],[44.7705887,41.7985382],[44.7705574,41.7985383],[44.7705257,41.7985357],[44.7704941,41.7985297],[44.7704645,41.7985198],[44.7704385,41.7985055],[44.7704188,41.7984856],[44.7704054,41.798461],[44.7703992,41.7984423],[44.7703943,41.7984221],[44.7703896,41.7984004],[44.7703855,41.7983769],[44.7703814,41.7983516],[44.7703779,41.7983245],[44.7703741,41.7982955],[44.77037,41.7982645],[44.7703658,41.7982312],[44.7703613,41.7981955],[44.7703589,41.7981766],[44.7703564,41.7981571],[44.7703539,41.7981369],[44.7703514,41.798116],[44.7703487,41.7980944],[44.7703459,41.7980723],[44.770343,41.7980495],[44.7703399,41.7980262],[44.7703368,41.7980022],[44.7703336,41.7979777],[44.7703299,41.7979529],[44.7703264,41.7979273],[44.7703228,41.7979014],[44.7703191,41.797875],[44.7703153,41.797848],[44.7703115,41.7978207],[44.7703072,41.7977931],[44.7703028,41.7977649],[44.7702988,41.7977364],[44.7702943,41.7977077],[44.7702898,41.7976786],[44.7702857,41.7976494],[44.7702814,41.7976199],[44.7702769,41.79759],[44.7702712,41.7975601],[44.7702667,41.79753],[44.7702624,41.7974998],[44.7702581,41.7974694],[44.7702538,41.7974391],[44.7702496,41.7974087],[44.7702456,41.7973784],[44.7702417,41.7973481],[44.7702379,41.7973178],[44.7702343,41.7972876],[44.7702306,41.7972576],[44.770227,41.7972277],[44.7702235,41.7971978],[44.77022,41.7971681],[44.7702167,41.7971385],[44.7702135,41.7971089],[44.7702104,41.7970795],[44.7702076,41.79705],[44.7702048,41.7970206],[44.770202,41.7969913],[44.7701992,41.796962],[44.7701963,41.7969329],[44.7701932,41.7969037],[44.7701903,41.7968747],[44.7701874,41.7968457],[44.7701843,41.7968167],[44.7701812,41.7967879],[44.7701781,41.7967592],[44.7701752,41.7967304],[44.7701723,41.7967017],[44.7701694,41.7966731],[44.7701664,41.7966446],[44.7701633,41.7966162],[44.7701604,41.7965878],[44.7701576,41.7965593],[44.7701547,41.796531],[44.7701518,41.7965027],[44.770149,41.7964745],[44.7701461,41.7964464],[44.7701433,41.7964182],[44.7701407,41.7963902],[44.7701377,41.7963621],[44.7701348,41.7963341],[44.770132,41.7963062],[44.7701294,41.7962784],[44.7701267,41.7962506],[44.770124,41.7962227],[44.7701213,41.7961949],[44.7701187,41.7961672],[44.770116,41.7961394],[44.7701134,41.7961116],[44.7701109,41.7960839],[44.7701082,41.7960561],[44.7701055,41.7960284],[44.7701031,41.7960006],[44.7701005,41.7959729],[44.7700978,41.7959453],[44.7700952,41.7959176],[44.7700925,41.7958901],[44.7700898,41.7958626],[44.7700871,41.7958352],[44.7700842,41.7958079],[44.7700812,41.7957806],[44.7700782,41.7957535],[44.7700754,41.7957266],[44.7700725,41.7956998],[44.7700696,41.7956731],[44.7700666,41.7956466],[44.7700637,41.7956203],[44.7700608,41.7955942],[44.770058,41.7955682],[44.7700554,41.7955426],[44.7700524,41.7955174],[44.7700498,41.7954918],[44.7700479,41.7954662],[44.7700443,41.7954406],[44.7700406,41.7954155],[44.770037,41.7953905],[44.770033,41.7953651],[44.7700293,41.7953405],[44.7700251,41.7953172],[44.7700217,41.7952929],[44.7700182,41.7952688],[44.7700145,41.7952447],[44.7700108,41.7952209],[44.7700072,41.7951972],[44.7700033,41.7951738],[44.7699994,41.7951504],[44.7699955,41.7951272],[44.7699917,41.7951042],[44.7699879,41.7950813],[44.769984,41.7950586],[44.7699801,41.795036],[44.7699763,41.7950137],[44.7699725,41.7949914],[44.7699687,41.7949693],[44.7699649,41.7949474],[44.7699613,41.7949256],[44.7699578,41.7949039],[44.7699542,41.7948824],[44.7699508,41.794861],[44.7699474,41.7948399],[44.7699439,41.7948188],[44.7699406,41.7947979],[44.7699373,41.7947771],[44.769934,41.7947565],[44.7699308,41.794736],[44.7699276,41.7947157],[44.7699245,41.7946955],[44.7699214,41.7946755],[44.7699182,41.7946557],[44.7699152,41.7946359],[44.7699122,41.7946162],[44.7699092,41.7945968],[44.7699062,41.7945774],[44.7699033,41.7945582],[44.7699006,41.794539],[44.7698975,41.79452],[44.7698946,41.794501],[44.7698919,41.7944823],[44.7698889,41.7944637],[44.7698861,41.7944449],[44.7698832,41.7944265],[44.7698804,41.7944081],[44.7698776,41.7943897],[44.7698751,41.7943713],[44.7698723,41.794353],[44.7698696,41.7943347],[44.7698666,41.7943163],[44.7698641,41.794298],[44.7698614,41.7942797],[44.7698589,41.7942614],[44.7698563,41.7942429],[44.7698538,41.7942245],[44.7698515,41.794206],[44.7698492,41.7941874],[44.7698467,41.7941688],[44.7698445,41.7941502],[44.7698422,41.7941315],[44.7698401,41.7941128],[44.7698381,41.794094],[44.7698359,41.7940754],[44.769834,41.7940566],[44.7698321,41.7940379],[44.7698303,41.7940192],[44.7698284,41.7940005],[44.7698267,41.7939817],[44.7698249,41.7939629],[44.7698233,41.7939442],[44.7698218,41.7939254],[44.7698205,41.7939066],[44.7698189,41.7938879],[44.7698174,41.793869],[44.7698161,41.7938502],[44.7698148,41.7938314],[44.7698134,41.7938126],[44.7698123,41.7937936],[44.7698112,41.793775],[44.7698099,41.7937562],[44.7698089,41.7937374],[44.7698079,41.7937186],[44.7698068,41.7936998],[44.7698054,41.793681],[44.7698042,41.7936623],[44.7698027,41.7936434],[44.7698012,41.7936246],[44.7697998,41.7936057],[44.7697982,41.7935868],[44.7697965,41.7935679],[44.7697948,41.793549],[44.7697931,41.7935299],[44.7697914,41.7935109],[44.7697896,41.7934918],[44.7697878,41.7934727],[44.769786,41.7934537],[44.7697842,41.7934344],[44.7697823,41.7934153],[44.7697803,41.793396],[44.7697783,41.7933767],[44.7697766,41.7933573],[44.7697746,41.793338],[44.7697727,41.7933185],[44.7697709,41.7932991],[44.7697692,41.7932797],[44.7697676,41.7932601],[44.7697661,41.7932405],[44.7697644,41.7932209],[44.7697631,41.7932013],[44.7697618,41.7931815],[44.7697607,41.7931618],[44.7697593,41.793142],[44.769758,41.7931221],[44.7697564,41.7931024],[44.7697548,41.7930825],[44.7697531,41.7930626],[44.7697515,41.7930428],[44.7697498,41.7930229],[44.769748,41.7930029],[44.7697462,41.792983],[44.7697443,41.792963],[44.7697424,41.7929431],[44.7697406,41.7929232],[44.7697388,41.7929032],[44.7697372,41.7928834],[44.7697356,41.7928634],[44.7697341,41.7928435],[44.7697326,41.7928237],[44.7697312,41.7928037],[44.7697298,41.7927839],[44.7697284,41.7927639],[44.769727,41.7927441],[44.7697256,41.7927243],[44.7697242,41.7927045],[44.7697229,41.7926847],[44.7697215,41.7926649],[44.7697199,41.7926451],[44.7697183,41.7926253],[44.7697167,41.7926055],[44.7697149,41.7925857],[44.7697131,41.7925659],[44.7697113,41.7925461],[44.7697095,41.7925263],[44.7697079,41.7925065],[44.7697061,41.7924868],[44.7697043,41.792467],[44.7697024,41.7924472],[44.7697007,41.7924274],[44.769699,41.7924076],[44.7696973,41.7923879],[44.7696955,41.7923682],[44.7696934,41.7923484],[44.7696917,41.7923286],[44.7696899,41.7923089],[44.769688,41.7922892],[44.7696861,41.7922694],[44.7696845,41.7922498],[44.7696825,41.7922302],[44.7696808,41.7922105],[44.7696791,41.792191],[44.7696773,41.7921712],[44.7696755,41.7921517],[44.7696737,41.7921321],[44.7696718,41.7921126],[44.76967,41.7920932],[44.7696684,41.7920738],[44.7696664,41.7920544],[44.7696647,41.792035],[44.7696631,41.7920157],[44.7696613,41.7919964],[44.7696596,41.7919772],[44.7696581,41.791958],[44.7696565,41.7919388],[44.7696548,41.7919197],[44.7696533,41.7919006],[44.7696516,41.7918815],[44.7696503,41.7918626],[44.7696484,41.7918436],[44.7696469,41.7918247],[44.7696453,41.7918056],[44.7696434,41.7917865],[44.7696418,41.7917676],[44.7696399,41.7917484],[44.7696384,41.7917293],[44.7696367,41.7917099],[44.7696348,41.7916906],[44.7696331,41.7916712],[44.7696314,41.7916517],[44.7696297,41.791632],[44.7696281,41.7916122],[44.7696263,41.7915924],[44.7696246,41.7915726],[44.7696227,41.7915526],[44.7696209,41.7915325],[44.7696191,41.7915122],[44.7696174,41.791492],[44.7696156,41.7914716],[44.7696139,41.7914511],[44.769612,41.7914306],[44.7696102,41.79141],[44.7696082,41.7913894],[44.7696063,41.7913686],[44.7696047,41.7913478],[44.7696029,41.7913269],[44.769601,41.7913061],[44.7695992,41.7912851],[44.7695975,41.791264],[44.7695957,41.7912428],[44.7695939,41.7912216],[44.7695921,41.7912003],[44.7695903,41.791179],[44.7695887,41.7911575],[44.7695869,41.791136],[44.7695851,41.7911145],[44.7695834,41.7910928],[44.7695817,41.791071],[44.7695799,41.7910493],[44.7695782,41.7910274],[44.7695764,41.7910055],[44.7695747,41.7909836],[44.769573,41.7909616],[44.769571,41.7909397],[44.7695692,41.7909177],[44.7695673,41.7908956],[44.7695654,41.7908736],[44.7695636,41.7908514],[44.7695616,41.7908291],[44.7695597,41.790807],[44.7695579,41.790785],[44.769556,41.7907628],[44.7695543,41.7907407],[44.7695524,41.7907186],[44.7695507,41.7906965],[44.7695488,41.7906743],[44.769547,41.7906524],[44.7695453,41.7906304],[44.7695436,41.7906085],[44.7695419,41.7905866],[44.7695402,41.7905648],[44.7695386,41.7905431],[44.7695368,41.7905214],[44.7695352,41.7904997],[44.7695335,41.7904781],[44.7695318,41.7904566],[44.76953,41.7904352],[44.7695283,41.7904138],[44.7695265,41.7903924],[44.7695249,41.790371],[44.7695233,41.7903497],[44.7695216,41.7903284],[44.76952,41.7903071],[44.7695183,41.7902857],[44.7695167,41.7902643],[44.7695152,41.7902428],[44.7695136,41.7902214],[44.7695121,41.7902],[44.7695107,41.7901784],[44.7695092,41.7901569],[44.7695078,41.7901353],[44.7695063,41.7901138],[44.769505,41.7900923],[44.7695036,41.7900709],[44.7695023,41.7900496],[44.769501,41.7900284],[44.7694997,41.7900073],[44.7694984,41.7899865],[44.7694972,41.7899658],[44.7694959,41.7899451],[44.7694948,41.7899246],[44.7694936,41.7899042],[44.7694925,41.7898839],[44.7694908,41.7898639],[44.7694894,41.7898442],[44.7694881,41.7898244],[44.7694867,41.7898047],[44.7694854,41.7897852],[44.769484,41.7897659],[44.7694827,41.7897467],[44.7694813,41.7897277],[44.7694801,41.7897088],[44.7694789,41.78969],[44.7694774,41.7896713],[44.7694761,41.7896528],[44.7694747,41.7896346],[44.7694734,41.7896165],[44.7694722,41.7895984],[44.7694696,41.7895627],[44.7694668,41.7895269],[44.7694643,41.789491],[44.7694629,41.789473],[44.7694606,41.7894371],[44.7694594,41.789419],[44.7694582,41.7894009],[44.7694573,41.7893827],[44.7694561,41.7893644],[44.7694551,41.789346],[44.7694541,41.7893275],[44.7694531,41.7893089],[44.7694521,41.7892904],[44.7694512,41.7892721],[44.7694502,41.7892538],[44.7694484,41.789218],[44.7694466,41.7891829],[44.7694446,41.7891484],[44.7694427,41.7891144],[44.7694407,41.7890811],[44.7694387,41.7890487],[44.7694368,41.7890174],[44.7694345,41.7889873],[44.7694324,41.7889572],[44.7694303,41.7889258],[44.7694281,41.7888926],[44.7694257,41.7888575],[44.7694244,41.7888394],[44.769423,41.7888208],[44.7694216,41.7888018],[44.7694203,41.7887823],[44.7694189,41.7887624],[44.7694173,41.7887423],[44.7694158,41.7887217],[44.7694145,41.7887009],[44.7694132,41.78868],[44.7694119,41.7886593],[44.7694107,41.7886388],[44.7694094,41.7886184],[44.7694083,41.788598],[44.7694072,41.7885773],[44.7694062,41.7885563],[44.7694053,41.7885349],[44.7694045,41.7885131],[44.7694041,41.788491],[44.7694036,41.7884685],[44.769403,41.7884457],[44.7694023,41.7884227],[44.7694011,41.7883993],[44.7693994,41.7883757],[44.7693975,41.7883519],[44.7693953,41.7883278],[44.7693924,41.7883035],[44.7693894,41.788279],[44.7693861,41.7882544],[44.7693827,41.7882295],[44.7693792,41.7882045],[44.7693757,41.7881794],[44.7693719,41.7881542],[44.7693683,41.7881289],[44.7693644,41.7881035],[44.7693605,41.7880779],[44.7693566,41.7880523],[44.7693527,41.7880266],[44.769349,41.7880008],[44.7693453,41.7879748],[44.7693416,41.7879488],[44.7693382,41.7879226],[44.7693348,41.7878964],[44.7693316,41.7878701],[44.7693285,41.7878438],[44.7693254,41.7878175],[44.7693225,41.787791],[44.7693197,41.7877647],[44.7693169,41.7877383],[44.7693143,41.7877119],[44.7693118,41.7876858],[44.7693094,41.7876595],[44.7693069,41.7876333],[44.7693045,41.7876071],[44.7693025,41.7875807],[44.7693003,41.787555],[44.7692982,41.7875291],[44.769296,41.7875034],[44.7692939,41.7874778],[44.7692918,41.7874524],[44.7692898,41.7874269],[44.7692876,41.7874017],[44.7692854,41.7873765],[44.7692832,41.7873512],[44.7692811,41.7873264],[44.7692789,41.7873015],[44.7692767,41.7872768],[44.7692744,41.7872521],[44.7692723,41.7872277],[44.76927,41.7872033],[44.7692678,41.7871791],[44.7692655,41.7871549],[44.7692631,41.7871309],[44.7692608,41.7871069],[44.7692584,41.7870831],[44.7692561,41.7870593],[44.7692538,41.7870357],[44.7692514,41.7870122],[44.769249,41.7869888],[44.7692467,41.7869654],[44.7692443,41.7869422],[44.769242,41.786919],[44.7692396,41.786896],[44.7692372,41.786873],[44.769235,41.7868499],[44.7692327,41.786827],[44.7692302,41.7868041],[44.7692278,41.7867812],[44.7692256,41.7867583],[44.7692232,41.7867354],[44.7692208,41.7867125],[44.7692185,41.7866896],[44.7692161,41.7866666],[44.7692137,41.7866436],[44.7692113,41.7866206],[44.7692089,41.7865976],[44.7692065,41.7865745],[44.7692041,41.7865514],[44.7692017,41.7865283],[44.7691992,41.7865051],[44.7691968,41.7864819],[44.7691943,41.7864587],[44.7691917,41.7864354],[44.7691891,41.7864122],[44.7691865,41.786389],[44.7691839,41.7863658],[44.7691812,41.786343],[44.7691786,41.7863203],[44.769176,41.7862979],[44.7691736,41.7862755],[44.769171,41.7862534],[44.7691685,41.7862316],[44.7691661,41.7862101],[44.7691637,41.7861892],[44.7691614,41.786169],[44.7691591,41.7861494],[44.7691571,41.7861305],[44.7691551,41.7861121],[44.7691532,41.7860938],[44.7691515,41.7860758],[44.7691484,41.7860402],[44.7691459,41.7860041],[44.7691445,41.7859853],[44.7691431,41.7859661],[44.7691415,41.7859466],[44.7691399,41.7859268],[44.7691382,41.7859068],[44.7691364,41.7858868],[44.7691346,41.7858666],[44.7691326,41.7858465],[44.7691307,41.7858265],[44.7691288,41.7858066],[44.7691267,41.785787],[44.7691248,41.7857675],[44.7691228,41.7857482],[44.7691209,41.7857291],[44.7691191,41.7857102],[44.7691173,41.7856915],[44.7691155,41.7856729],[44.7691138,41.7856545],[44.7691122,41.7856363],[44.7691107,41.7856183],[44.7691079,41.7855827],[44.7691051,41.7855478],[44.7691021,41.7855136],[44.7690989,41.7854799],[44.7690956,41.7854468],[44.7690923,41.7854137],[44.7690887,41.7853804],[44.7690848,41.7853467],[44.7690808,41.7853124],[44.7690765,41.7852777],[44.7690721,41.7852423],[44.7690675,41.7852067],[44.7690653,41.7851887],[44.769063,41.7851707],[44.7690606,41.7851526],[44.7690585,41.7851346],[44.7690562,41.7851165],[44.7690539,41.7850983],[44.7690516,41.78508],[44.7690494,41.7850617],[44.7690471,41.7850433],[44.7690449,41.7850249],[44.7690427,41.7850064],[44.7690404,41.7849878],[44.7690381,41.7849691],[44.7690359,41.7849504],[44.7690335,41.7849316],[44.7690312,41.7849128],[44.769029,41.7848939],[44.7690267,41.7848749],[44.7690244,41.784856],[44.7690221,41.7848369],[44.7690197,41.7848178],[44.7690175,41.7847988],[44.7690153,41.7847797],[44.769013,41.7847605],[44.7690107,41.7847414],[44.7690084,41.7847223],[44.7690061,41.784703],[44.7690038,41.7846839],[44.7690015,41.7846646],[44.7689993,41.7846454],[44.7689971,41.7846261],[44.7689948,41.7846069],[44.7689926,41.7845875],[44.7689904,41.7845682],[44.768988,41.7845489],[44.768986,41.7845294],[44.7689837,41.7845101],[44.7689817,41.7844907],[44.7689798,41.7844715],[44.7689778,41.7844523],[44.7689758,41.7844332],[44.7689738,41.7844141],[44.768972,41.7843951],[44.7689703,41.7843762],[44.7689684,41.7843573],[44.7689667,41.7843386],[44.7689649,41.78432],[44.7689629,41.7843016],[44.7689613,41.7842834],[44.7689594,41.7842654],[44.7689559,41.7842298],[44.7689525,41.784195],[44.7689491,41.7841609],[44.768946,41.7841275],[44.7689428,41.7840948],[44.7689398,41.7840626],[44.7689367,41.7840309],[44.768934,41.7839997],[44.768931,41.7839688],[44.7689282,41.7839384],[44.7689255,41.7839087],[44.7689226,41.7838795],[44.7689198,41.783851],[44.7689171,41.783823],[44.7689146,41.7837963],[44.7689124,41.7837716],[44.7689105,41.7837493],[44.7689088,41.7837292],[44.7689073,41.7837105],[44.7689051,41.7836848],[44.7689033,41.7836629],[44.7689017,41.7836449],[44.7689003,41.7836221],[44.7688996,41.7835973],[44.7688984,41.7835733],[44.7688971,41.783555],[44.7688948,41.7835284],[44.7688929,41.7835026],[44.768891,41.7834754],[44.7688891,41.7834536],[44.7688867,41.7834286],[44.7688837,41.7834008],[44.7688803,41.7833704],[44.7688761,41.783338],[44.7688718,41.7833036],[44.7688667,41.7832678],[44.768864,41.7832495],[44.7688612,41.7832309],[44.7688583,41.783212],[44.7688557,41.7831929],[44.7688533,41.7831737],[44.768851,41.7831543],[44.7688489,41.7831348],[44.768847,41.7831152],[44.7688452,41.7830957],[44.7688435,41.7830761],[44.7688419,41.7830566],[44.7688403,41.7830374],[44.7688389,41.7830181],[44.7688375,41.7829989],[44.7688361,41.7829801],[44.7688346,41.7829612],[44.7688331,41.7829424],[44.7688315,41.7829237],[44.7688304,41.7829051],[44.7688288,41.7828867],[44.7688273,41.7828683],[44.7688261,41.7828499],[44.7688246,41.7828317],[44.7688232,41.7828136],[44.7688219,41.7827955],[44.7688192,41.7827597],[44.7688166,41.7827241],[44.7688141,41.7826885],[44.7688127,41.7826705],[44.7688103,41.7826348],[44.7688078,41.7825988],[44.7688064,41.7825808],[44.7688052,41.7825628],[44.768804,41.7825447],[44.7688028,41.7825266],[44.7688015,41.7825086],[44.7688003,41.7824906],[44.7687991,41.7824726],[44.7687967,41.7824368],[44.7687945,41.7824012],[44.7687923,41.7823658],[44.7687901,41.7823307],[44.7687878,41.782296],[44.768786,41.7822618],[44.7687841,41.7822277],[44.7687824,41.7821937],[44.7687808,41.7821596],[44.7687793,41.7821251],[44.768778,41.7820901],[44.7687767,41.7820546],[44.7687757,41.7820186],[44.7687752,41.7820003],[44.7687747,41.7819819],[44.7687744,41.7819634],[44.7687741,41.7819447],[44.7687738,41.7819258],[44.7687734,41.7819069],[44.7687729,41.7818877],[44.7687726,41.7818684],[44.768772,41.7818489],[44.7687714,41.7818294],[44.7687706,41.7818098],[44.7687696,41.7817899],[44.7687684,41.78177],[44.7687671,41.7817498],[44.7687656,41.7817293],[44.7687641,41.7817086],[44.7687625,41.7816881],[44.7687608,41.7816677],[44.7687589,41.7816474],[44.768757,41.7816269],[44.7687551,41.7816062],[44.768753,41.7815856],[44.768751,41.7815646],[44.7687486,41.7815445],[44.7687464,41.7815236],[44.7687443,41.7815025],[44.7687421,41.7814813],[44.76874,41.7814602],[44.7687377,41.7814389],[44.7687355,41.7814176],[44.7687333,41.7813963],[44.7687312,41.781375],[44.7687289,41.7813537],[44.7687266,41.7813324],[44.7687243,41.7813113],[44.7687222,41.7812902],[44.76872,41.7812691],[44.7687178,41.781248],[44.7687158,41.7812269],[44.7687138,41.7812058],[44.768712,41.7811848],[44.76871,41.7811638],[44.7687082,41.7811426],[44.7687064,41.7811215],[44.7687046,41.7811004],[44.768703,41.7810792],[44.7687014,41.7810581],[44.7686998,41.7810369],[44.7686983,41.7810157],[44.7686968,41.7809945],[44.7686954,41.7809733],[44.7686939,41.780952],[44.7686925,41.7809307],[44.768691,41.7809094],[44.7686894,41.7808881],[44.7686879,41.7808668],[44.7686863,41.7808455],[44.7686846,41.7808242],[44.7686831,41.780803],[44.7686815,41.7807818],[44.7686798,41.7807606],[44.7686782,41.7807395],[44.7686766,41.7807185],[44.768675,41.7806975],[44.7686734,41.7806764],[44.7686718,41.7806556],[44.7686703,41.7806349],[44.7686686,41.7806143],[44.7686668,41.7805938],[44.768665,41.7805733],[44.7686631,41.7805527],[44.7686613,41.7805323],[44.7686595,41.7805117],[44.7686575,41.7804911],[44.7686556,41.7804704],[44.7686536,41.7804496],[44.7686515,41.7804287],[44.7686496,41.7804078],[44.7686474,41.7803866],[44.7686454,41.7803655],[44.7686433,41.7803443],[44.768641,41.7803231],[44.7686388,41.780302],[44.7686366,41.7802809],[44.7686344,41.7802596],[44.7686324,41.7802385],[44.7686304,41.7802172],[44.7686284,41.7801961],[44.7686263,41.7801749],[44.7686242,41.7801536],[44.7686219,41.7801324],[44.7686199,41.7801111],[44.7686177,41.7800897],[44.7686155,41.7800684],[44.7686133,41.7800471],[44.7686112,41.7800258],[44.7686092,41.7800045],[44.768607,41.7799832],[44.7686049,41.779962],[44.7686027,41.7799408],[44.7686007,41.7799195],[44.7685988,41.7798985],[44.7685968,41.7798774],[44.7685949,41.7798563],[44.7685934,41.7798354],[44.7685917,41.7798145],[44.76859,41.7797938],[44.7685882,41.7797732],[44.7685866,41.7797525],[44.768585,41.779732],[44.7685833,41.7797115],[44.7685816,41.7796909],[44.76858,41.7796704],[44.7685784,41.77965],[44.7685766,41.7796294],[44.7685748,41.779609],[44.7685729,41.7795885],[44.768571,41.779568],[44.7685691,41.7795474],[44.7685672,41.7795269],[44.7685652,41.7795064],[44.7685632,41.7794858],[44.7685612,41.7794654],[44.7685591,41.7794449],[44.7685571,41.7794245],[44.7685549,41.7794041],[44.7685528,41.7793838],[44.7685507,41.7793636],[44.7685486,41.7793433],[44.7685465,41.7793231],[44.7685444,41.7793029],[44.7685422,41.7792828],[44.7685402,41.7792628],[44.7685382,41.7792427],[44.7685363,41.7792227],[44.7685344,41.7792028],[44.7685326,41.779183],[44.7685308,41.7791632],[44.7685291,41.7791436],[44.7685275,41.7791241],[44.7685258,41.7791049],[44.7685243,41.7790857],[44.7685225,41.7790666],[44.7685207,41.7790478],[44.768519,41.7790291],[44.7685174,41.7790106],[44.7685157,41.7789922],[44.768514,41.7789741],[44.7685123,41.7789561],[44.7685089,41.7789206],[44.7685055,41.7788857],[44.7685021,41.7788516],[44.7684988,41.7788185],[44.7684955,41.7787867],[44.7684925,41.7787562],[44.7684896,41.778727],[44.7684868,41.7786992],[44.7684843,41.7786727],[44.768482,41.7786474],[44.7684797,41.7786231],[44.7684776,41.7785993],[44.7684757,41.7785763],[44.768474,41.7785538],[44.7684722,41.7785317],[44.7684706,41.7785103],[44.768469,41.7784893],[44.7684678,41.7784687],[44.7684665,41.7784483],[44.768465,41.7784281],[44.7684635,41.7784078],[44.768462,41.7783876],[44.7684604,41.7783677],[44.7684588,41.7783481],[44.7684573,41.778329],[44.7684557,41.7783103],[44.7684541,41.7782919],[44.7684524,41.7782736],[44.7684507,41.7782551],[44.7684489,41.778236],[44.7684469,41.7782162],[44.768445,41.778196],[44.7684431,41.7781754],[44.7684411,41.7781545],[44.7684391,41.7781334],[44.7684371,41.7781123],[44.7684352,41.778091],[44.7684332,41.77807],[44.7684313,41.7780489],[44.7684294,41.7780277],[44.7684275,41.7780066],[44.7684255,41.7779854],[44.7684236,41.7779644],[44.7684217,41.7779439],[44.7684199,41.7779239],[44.7684181,41.7779043],[44.7684164,41.7778852],[44.7684147,41.7778664],[44.7684131,41.7778482],[44.7684106,41.7778215],[44.7684083,41.7777954],[44.7684059,41.777769],[44.7684043,41.7777507],[44.7684027,41.7777319],[44.7684011,41.7777125],[44.7683994,41.7776928],[44.7683975,41.7776727],[44.7683958,41.7776521],[44.768394,41.7776313],[44.7683922,41.7776107],[44.7683905,41.7775903],[44.768389,41.7775699],[44.7683873,41.7775492],[44.7683856,41.777528],[44.7683836,41.7775063],[44.7683815,41.7774841],[44.7683793,41.7774614],[44.768377,41.7774383],[44.7683746,41.777415],[44.7683722,41.7773919],[44.76837,41.7773695],[44.7683679,41.7773474],[44.768366,41.7773259],[44.7683641,41.7773049],[44.7683623,41.7772843],[44.7683607,41.7772641],[44.7683592,41.7772444],[44.7683577,41.7772249],[44.7683562,41.7772056],[44.7683547,41.7771862],[44.7683534,41.7771665],[44.768352,41.7771459],[44.7683507,41.7771246],[44.7683495,41.7771022],[44.768348,41.7770789],[44.7683468,41.7770549],[44.7683456,41.7770299],[44.7683442,41.7770042],[44.7683426,41.7769776],[44.7683408,41.7769503],[44.7683394,41.7769227],[44.7683379,41.7768947],[44.7683366,41.7768667],[44.7683351,41.7768386],[44.7683337,41.7768106],[44.7683325,41.7767825],[44.768331,41.7767544],[44.7683298,41.7767263],[44.7683287,41.7766986],[44.7683276,41.7766714],[44.7683266,41.7766448],[44.7683256,41.7766192],[44.7683247,41.7765952],[44.7683239,41.7765725],[44.7683233,41.7765502],[44.7683229,41.7765283],[44.7683225,41.7765065],[44.7683222,41.7764848],[44.768322,41.7764631],[44.7683218,41.7764414],[44.7683212,41.7764196],[44.7683207,41.7763978],[44.7683198,41.7763761],[44.7683189,41.7763544],[44.7683179,41.7763325],[44.7683168,41.7763103],[44.7683157,41.7762874],[44.7683147,41.7762637],[44.7683138,41.7762395],[44.768313,41.7762147],[44.7683123,41.7761892],[44.7683115,41.7761632],[44.7683109,41.7761366],[44.7683103,41.7761095],[44.7683095,41.7760821],[44.7683091,41.7760552],[44.7683086,41.7760287],[44.7683082,41.7760028],[44.7683077,41.7759773],[44.7683073,41.7759523],[44.7683069,41.7759277],[44.7683066,41.7759036],[44.7683062,41.7758799],[44.7683059,41.7758567],[44.7683057,41.775834],[44.7683054,41.7758116],[44.7683051,41.7757897],[44.768305,41.7757682],[44.7683048,41.7757469],[44.7683047,41.7757257],[44.7683045,41.7757041],[44.7683045,41.7756818],[44.7683043,41.7756588],[44.7683042,41.7756352],[44.7683042,41.7756112],[44.7683044,41.7755875],[44.7683046,41.7755642],[44.7683048,41.7755412],[44.768305,41.7755186],[44.7683053,41.7754963],[44.7683057,41.7754743],[44.7683064,41.7754525],[44.768307,41.7754309],[44.7683077,41.7754094],[44.7683085,41.7753881],[44.7683093,41.7753672],[44.7683103,41.7753465],[44.7683112,41.7753263],[44.7683123,41.7753064],[44.7683133,41.7752869],[44.7683144,41.7752677],[44.7683154,41.7752493],[44.7683171,41.775223],[44.7683185,41.7751984],[44.76832,41.7751748],[44.7683213,41.7751516],[44.7683225,41.7751289],[44.7683237,41.7751059],[44.7683249,41.7750818],[44.7683259,41.7750571],[44.7683269,41.7750314],[44.7683278,41.7750051],[44.7683285,41.774979],[44.768329,41.7749533],[44.7683294,41.7749279],[44.7683297,41.7749028],[44.76833,41.7748783],[44.7683302,41.7748545],[44.7683304,41.774831],[44.7683305,41.7748072],[44.7683307,41.7747831],[44.7683307,41.7747586],[44.768331,41.7747338],[44.7683308,41.7747096],[44.7683311,41.7746858],[44.7683307,41.7746651],[44.7683307,41.7746447],[44.7683308,41.7746262],[44.7683306,41.7746073],[44.7683306,41.7745858],[44.7683305,41.7745646],[44.7683306,41.7745406],[44.768331,41.7745224],[44.7683316,41.774499],[44.7683321,41.7744778],[44.7683327,41.7744571],[44.7683334,41.774437],[44.7683343,41.7744155],[44.768335,41.7743967],[44.7683358,41.7743772],[44.7683368,41.7743557],[44.7683374,41.774337],[44.7683385,41.7743156],[44.7683393,41.7742959],[44.7683401,41.7742761],[44.7683412,41.7742548],[44.7683418,41.7742353],[44.7683428,41.7742156],[44.7683438,41.7741968],[44.7683446,41.7741773],[44.7683458,41.7741529],[44.7683471,41.7741315],[44.7683483,41.7741095],[44.7683498,41.774088],[44.768351,41.7740667],[44.7683524,41.774044],[44.768354,41.7740192],[44.7683558,41.7739931],[44.768359,41.7739674],[44.7683606,41.7739406],[44.7683609,41.773914],[44.7683608,41.773888],[44.7683611,41.7738621],[44.768361,41.7738353],[44.7683606,41.7738087],[44.7683599,41.7737824],[44.7683593,41.7737567],[44.7683588,41.7737335],[44.7683589,41.7737125],[44.7683592,41.7736936],[44.7683594,41.7736742],[44.76836,41.7736556],[44.7683605,41.7736361],[44.768361,41.7736173],[44.7683617,41.7735969],[44.7683624,41.7735754],[44.768363,41.7735555],[44.7683637,41.773537],[44.7683646,41.7735168],[44.7683659,41.7734964],[44.7683679,41.7734767],[44.7683696,41.7734575],[44.7683715,41.7734389],[44.7683738,41.7734198],[44.7683773,41.7733998],[44.7683823,41.7733772],[44.7683859,41.7733547],[44.7683885,41.7733338],[44.7683913,41.7733092],[44.7683927,41.7732905],[44.7683939,41.7732701],[44.768394,41.7732477],[44.768393,41.7732239],[44.7683912,41.7731986],[44.7683891,41.773172],[44.7683869,41.7731443],[44.7683851,41.7731155],[44.768384,41.7730863],[44.7683834,41.7730568],[44.7683831,41.7730273],[44.7683828,41.7729975],[44.7683828,41.7729678],[44.7683829,41.7729385],[44.7683828,41.7729096],[44.7683827,41.7728812],[44.7683829,41.7728532],[44.7683827,41.7728257],[44.7683828,41.7727984],[44.7683828,41.7727717],[44.7683831,41.7727452],[44.768383,41.7727192],[44.768383,41.772695],[44.7683833,41.772673],[44.7683835,41.7726532],[44.7683842,41.7726271],[44.7683845,41.7726041],[44.7683853,41.7725808],[44.7683848,41.772557],[44.7683852,41.7725326],[44.7683853,41.7725072],[44.7683853,41.7724805],[44.7683853,41.7724619],[44.7683851,41.7724424],[44.7683851,41.772422],[44.7683851,41.7724004],[44.7683852,41.7723777],[44.7683852,41.7723538],[44.7683853,41.7723288],[44.7683853,41.7723026],[44.7683854,41.7722755],[44.7683855,41.7722473],[44.7683856,41.7722183],[44.7683857,41.7721888],[44.7683861,41.7721589],[44.7683863,41.7721286],[44.7683866,41.7720979],[44.768387,41.772067],[44.7683872,41.7720357],[44.7683874,41.7720041],[44.7683874,41.7719722],[44.7683875,41.77194],[44.7683877,41.7719077],[44.768388,41.771875],[44.768388,41.771842],[44.7683879,41.7718085],[44.7683883,41.7717745],[44.768388,41.7717406],[44.7683879,41.771706],[44.7683885,41.7716711],[44.7683878,41.7716358],[44.7683874,41.7716002],[44.768387,41.7715645],[44.7683871,41.7715463],[44.7683867,41.7715283],[44.7683864,41.7715103],[44.768386,41.7714923],[44.7683858,41.7714742],[44.7683854,41.7714562],[44.7683853,41.7714382],[44.7683851,41.7714201],[44.7683847,41.7713844],[44.7683844,41.7713488],[44.7683842,41.7713134],[44.7683839,41.7712783],[44.7683836,41.7712435],[44.7683835,41.7712092],[44.7683833,41.7711753],[44.7683833,41.7711419],[44.7683832,41.7711089],[44.7683831,41.7710766],[44.768383,41.7710449],[44.7683832,41.7710139],[44.7683833,41.7709838],[44.7683833,41.7709545],[44.7683831,41.7709259],[44.7683831,41.7708976],[44.7683829,41.7708699],[44.7683829,41.7708426],[44.7683828,41.7708157],[44.7683828,41.7707893],[44.7683827,41.7707632],[44.7683826,41.7707376],[44.7683826,41.7707125],[44.7683826,41.7706877],[44.7683828,41.7706633],[44.7683832,41.7706393],[44.7683835,41.770616],[44.7683838,41.7705936],[44.7683842,41.770572],[44.7683848,41.7705514],[44.7683854,41.770532],[44.7683857,41.7705139],[44.7683864,41.770489],[44.7683875,41.7704662],[44.7683884,41.7704455],[44.7683892,41.7704257],[44.7683901,41.7704063],[44.7683908,41.7703871],[44.7683915,41.770368],[44.7683922,41.7703488],[44.7683931,41.7703293],[44.7683941,41.7703093],[44.7683951,41.7702884],[44.7683961,41.7702672],[44.7683975,41.7702451],[44.7683991,41.7702228],[44.7684004,41.7702003],[44.768402,41.7701779],[44.7684031,41.7701553],[44.7684047,41.7701332],[44.7684067,41.7701115],[44.7684085,41.7700906],[44.76841,41.7700706],[44.7684113,41.7700523],[44.768413,41.7700307],[44.7684147,41.7700108],[44.7684163,41.769991],[44.7684182,41.769971],[44.7684204,41.7699487],[44.7684223,41.7699295],[44.7684245,41.7699082],[44.7684266,41.7698842],[44.7684292,41.7698582],[44.7684314,41.7698311],[44.768433,41.7698129],[44.7684344,41.7697944],[44.7684359,41.7697755],[44.7684374,41.7697567],[44.7684387,41.7697382],[44.76844,41.76972],[44.7684411,41.769702],[44.7684427,41.7696758],[44.768444,41.7696504],[44.7684455,41.7696256],[44.7684471,41.7696008],[44.7684486,41.7695754],[44.7684504,41.769549],[44.7684515,41.7695308],[44.7684526,41.769512],[44.7684538,41.7694925],[44.7684551,41.7694723],[44.7684565,41.7694517],[44.768458,41.7694314],[44.7684591,41.7694113],[44.7684604,41.7693916],[44.7684615,41.7693723],[44.7684626,41.7693533],[44.768464,41.7693273],[44.768465,41.769305],[44.7684657,41.7692866],[44.7684661,41.7692662],[44.7684668,41.7692453],[44.7684673,41.769225],[44.7684678,41.7692034],[44.7684681,41.769184],[44.7684686,41.7691625],[44.7684693,41.7691388],[44.7684697,41.7691199],[44.7684702,41.7691008],[44.7684708,41.769082],[44.7684714,41.7690637],[44.768472,41.7690456],[44.7684727,41.769027],[44.7684734,41.7690068],[44.7684743,41.768985],[44.7684752,41.7689631],[44.7684759,41.7689415],[44.7684768,41.7689198],[44.7684774,41.7688981],[44.7684777,41.7688757],[44.7684777,41.7688518],[44.7684777,41.7688258],[44.7684778,41.7688072],[44.7684779,41.7687877],[44.768478,41.7687673],[44.7684781,41.7687462],[44.7684783,41.7687246],[44.7684784,41.7687028],[44.7684784,41.7686814],[44.7684785,41.7686603],[44.7684791,41.7686391],[44.7684796,41.7686176],[44.7684799,41.7685956],[44.7684807,41.7685726],[44.7684814,41.7685487],[44.7684822,41.7685238],[44.7684829,41.7684981],[44.7684839,41.7684716],[44.768485,41.7684444],[44.768486,41.7684167],[44.7684871,41.7683883],[44.7684882,41.7683598],[44.7684894,41.7683314],[44.7684904,41.7683034],[44.7684914,41.7682755],[44.7684925,41.7682474],[44.7684936,41.7682188],[44.7684948,41.7681896],[44.7684962,41.7681598],[44.7684977,41.7681295],[44.7684994,41.7680993],[44.7685007,41.7680694],[44.7685022,41.7680399],[44.7685038,41.7680108],[44.7685054,41.7679818],[44.7685067,41.7679532],[44.7685082,41.7679247],[44.7685097,41.7678958],[44.7685111,41.7678663],[44.768512,41.7678362],[44.7685131,41.7678061],[44.7685141,41.7677752],[44.7685151,41.7677447],[44.7685164,41.7677144],[44.7685175,41.7676838],[44.7685185,41.7676532],[44.7685195,41.7676234],[44.7685205,41.767596],[44.7685212,41.7675711],[44.7685213,41.7675479],[44.7685215,41.7675261],[44.7685217,41.7675055],[44.7685221,41.7674862],[44.7685224,41.7674606],[44.7685226,41.7674385],[44.7685228,41.7674164],[44.7685231,41.7673923],[44.7685233,41.7673647],[44.7685235,41.7673443],[44.7685236,41.767322],[44.7685236,41.7672978],[44.7685235,41.7672718],[44.7685233,41.7672438],[44.7685231,41.7672145],[44.768523,41.7671832],[44.7685231,41.7671503],[44.7685236,41.7671164],[44.7685244,41.7670811],[44.7685256,41.7670451],[44.7685263,41.767027],[44.7685272,41.7670087],[44.7685279,41.7669903],[44.7685287,41.766972],[44.7685293,41.7669538],[44.76853,41.7669356],[44.7685307,41.7669174],[44.7685316,41.7668992],[44.7685324,41.7668812],[44.7685342,41.7668457],[44.7685352,41.7668109],[44.7685358,41.7667768],[44.7685368,41.7667434],[44.7685375,41.7667106],[44.7685381,41.7666786],[44.768539,41.7666474],[44.7685401,41.7666168],[44.768541,41.7665865],[44.7685418,41.7665562],[44.7685425,41.7665255],[44.7685435,41.7664944],[44.7685442,41.7664629],[44.7685451,41.7664309],[44.7685452,41.7663991],[44.7685463,41.7663677],[44.768547,41.7663369],[44.768548,41.7663063],[44.7685489,41.7662759],[44.76855,41.7662454],[44.7685512,41.766215],[44.7685525,41.7661845],[44.7685535,41.7661541],[44.7685538,41.7661231],[44.7685537,41.7660917],[44.7685533,41.7660602],[44.768553,41.7660288],[44.7685526,41.7659983],[44.7685521,41.7659679],[44.7685516,41.7659377],[44.7685512,41.7659072],[44.7685508,41.7658768],[44.7685503,41.7658466],[44.7685498,41.7658166],[44.7685494,41.7657871],[44.7685491,41.7657581],[44.7685486,41.7657298],[44.7685481,41.7657021],[44.7685477,41.765675],[44.7685474,41.7656485],[44.768547,41.7656225],[44.7685465,41.765597],[44.7685461,41.7655719],[44.7685456,41.7655465],[44.7685451,41.7655203],[44.7685446,41.7654935],[44.7685443,41.7654662],[44.7685438,41.7654381],[44.7685431,41.7654095],[44.7685426,41.7653805],[44.768542,41.765351],[44.7685415,41.7653223],[44.7685409,41.7652937],[44.7685406,41.7652657],[44.7685398,41.7652378],[44.7685391,41.7652102],[44.7685386,41.765183],[44.768538,41.7651559],[44.7685376,41.7651286],[44.7685372,41.7651013],[44.7685368,41.7650744],[44.7685365,41.765048],[44.7685362,41.7650222],[44.7685358,41.764997],[44.7685356,41.7649723],[44.7685352,41.7649481],[44.7685348,41.7649247],[44.7685342,41.7649018],[44.7685337,41.7648788],[44.768533,41.7648556],[44.7685321,41.764832],[44.7685312,41.7648075],[44.7685303,41.7647824],[44.7685293,41.7647563],[44.7685284,41.7647293],[44.7685273,41.7647013],[44.7685262,41.7646723],[44.7685253,41.7646424],[44.7685244,41.7646118],[44.7685234,41.7645808],[44.7685226,41.7645496],[44.768522,41.7645185],[44.7685214,41.7644872],[44.7685206,41.7644553],[44.7685201,41.7644227],[44.7685195,41.7643894],[44.7685187,41.7643555],[44.7685185,41.7643214],[44.7685182,41.7642877],[44.7685184,41.7642546],[44.7685187,41.7642222],[44.7685182,41.7641905],[44.7685182,41.7641597],[44.7685182,41.7641293],[44.768518,41.7640994],[44.7685177,41.7640702],[44.7685174,41.7640414],[44.7685168,41.7640132],[44.7685166,41.7639851],[44.7685167,41.7639574],[44.7685168,41.7639292],[44.7685168,41.7639008],[44.7685164,41.7638721],[44.7685158,41.7638427],[44.7685157,41.7638133],[44.7685159,41.7637831],[44.7685159,41.7637528],[44.7685158,41.763723],[44.7685155,41.7636939],[44.7685152,41.7636656],[44.7685152,41.7636379],[44.768515,41.7636109],[44.768515,41.7635845],[44.7685149,41.7635586],[44.7685148,41.7635333],[44.7685147,41.7635081],[44.7685152,41.7634829],[44.7685155,41.7634576],[44.768516,41.7634328],[44.7685167,41.7634083],[44.7685173,41.7633835],[44.7685178,41.7633579],[44.7685177,41.7633312],[44.7685169,41.7633033],[44.7685157,41.7632743],[44.768514,41.7632439],[44.7685124,41.7632124],[44.7685109,41.7631797],[44.7685092,41.763146],[44.7685074,41.7631114],[44.7685058,41.763076],[44.7685052,41.7630579],[44.7685046,41.7630398],[44.7685035,41.7630216],[44.7685028,41.7630032],[44.7685023,41.7629848],[44.7685017,41.7629664],[44.7685009,41.7629479],[44.7685002,41.7629295],[44.7684996,41.7629114],[44.768499,41.7628932],[44.7684982,41.7628576],[44.7684971,41.7628226],[44.7684961,41.7627883],[44.768495,41.7627545],[44.7684941,41.762721],[44.768493,41.7626874],[44.7684916,41.7626539],[44.7684903,41.7626202],[44.7684889,41.762586],[44.7684875,41.7625515],[44.7684863,41.7625165],[44.768485,41.7624809],[44.7684842,41.7624629],[44.7684835,41.7624448],[44.768483,41.7624264],[44.7684826,41.7624081],[44.7684819,41.7623894],[44.7684813,41.7623708],[44.7684808,41.7623521],[44.76848,41.7623332],[44.7684796,41.7623144],[44.768479,41.7622956],[44.7684784,41.7622767],[44.7684779,41.762258],[44.7684774,41.7622393],[44.7684767,41.7622207],[44.7684759,41.7622023],[44.7684748,41.762184],[44.7684736,41.7621659],[44.7684715,41.7621307],[44.7684692,41.7620963],[44.7684673,41.7620626],[44.7684652,41.7620294],[44.7684632,41.7619965],[44.7684612,41.7619641],[44.7684595,41.7619322],[44.7684577,41.7619009],[44.7684562,41.7618703],[44.7684546,41.7618404],[44.7684531,41.761811],[44.7684517,41.7617823],[44.7684502,41.7617542],[44.7684486,41.7617267],[44.7684469,41.7616999],[44.7684451,41.7616738],[44.7684434,41.7616483],[44.7684418,41.7616232],[44.7684404,41.7615986],[44.768439,41.7615747],[44.7684382,41.7615512],[44.7684378,41.7615286],[44.7684384,41.7615083],[44.7684396,41.7614901],[44.7684404,41.7614666],[44.7684395,41.7614466],[44.7684366,41.7614262],[44.7684315,41.761403],[44.7684257,41.7613766],[44.768422,41.7613569],[44.7684183,41.7613359],[44.7684147,41.7613131],[44.7684115,41.761289],[44.7684093,41.7612638],[44.768408,41.7612388],[44.7684068,41.761214],[44.7684053,41.7611894],[44.7684035,41.7611651],[44.7684016,41.7611408],[44.7684002,41.7611162],[44.7683989,41.7610915],[44.7683973,41.7610663],[44.7683958,41.7610409],[44.7683943,41.761015],[44.7683925,41.7609884],[44.7683905,41.7609609],[44.7683885,41.7609325],[44.7683864,41.7609033],[44.7683841,41.7608732],[44.7683819,41.7608425],[44.7683794,41.7608117],[44.7683769,41.7607808],[44.7683744,41.7607499],[44.7683718,41.7607191],[44.7683692,41.7606883],[44.7683666,41.7606576],[44.7683641,41.7606272],[44.7683616,41.7605969],[44.7683594,41.7605668],[44.7683573,41.7605371],[44.7683555,41.7605075],[44.7683538,41.7604783],[44.768352,41.7604494],[44.7683506,41.7604208],[44.7683489,41.7603924],[44.7683476,41.7603642],[44.7683461,41.7603364],[44.7683449,41.7603088],[44.7683438,41.7602817],[44.7683427,41.7602556],[44.7683417,41.7602306],[44.7683409,41.7602067],[44.7683399,41.760184],[44.7683392,41.7601618],[44.7683385,41.76014],[44.7683379,41.7601189],[44.7683373,41.7600985],[44.768337,41.7600788],[44.7683362,41.76006],[44.768336,41.7600416],[44.7683357,41.7600236],[44.7683352,41.7599969],[44.7683345,41.7599704],[44.7683339,41.7599443],[44.7683338,41.7599202],[44.7683336,41.7598991],[44.7683338,41.7598794],[44.768334,41.7598594],[44.7683343,41.7598394],[44.7683349,41.7598193],[44.7683352,41.7597991],[44.7683357,41.7597785],[44.7683358,41.759758],[44.768336,41.7597374],[44.7683361,41.7597166],[44.768336,41.7596953],[44.7683357,41.7596734],[44.768336,41.7596521],[44.768336,41.7596326],[44.7683359,41.7596137],[44.7683363,41.7595957],[44.7683365,41.7595775],[44.7683368,41.7595585],[44.7683372,41.7595403],[44.7683376,41.7595191],[44.7683381,41.7595011],[44.7683388,41.7594804],[44.7683396,41.759462],[44.7683402,41.7594408],[44.7683411,41.7594185],[44.7683422,41.7593963],[44.768343,41.7593754],[44.7683438,41.7593571],[44.7683445,41.7593346],[44.7683452,41.7593127],[44.7683457,41.7592901],[44.7683464,41.7592671],[44.7683478,41.7592436],[44.7683488,41.7592199],[44.7683501,41.759196],[44.7683508,41.759178],[44.7683517,41.7591598],[44.7683527,41.7591416],[44.7683537,41.7591206],[44.7683545,41.7591014],[44.7683554,41.75908],[44.7683563,41.7590552],[44.7683574,41.75903],[44.7683582,41.7590098],[44.7683587,41.7589869],[44.7683594,41.7589618],[44.7683602,41.7589345],[44.768361,41.7589055],[44.7683622,41.7588751],[44.768364,41.7588437],[44.7683663,41.7588125],[44.7683693,41.7587812],[44.7683728,41.7587496],[44.7683765,41.7587174],[44.7683803,41.7586855],[44.7683844,41.7586535],[44.7683881,41.7586214],[44.7683917,41.7585888],[44.7683956,41.7585553],[44.7683994,41.7585211],[44.7684035,41.7584864],[44.7684078,41.7584507],[44.7684102,41.7584326],[44.7684125,41.7584142],[44.768415,41.7583959],[44.7684175,41.7583774],[44.7684199,41.7583588],[44.7684224,41.7583401],[44.768425,41.7583215],[44.7684275,41.7583027],[44.7684301,41.758284],[44.7684325,41.7582653],[44.7684352,41.7582465],[44.7684378,41.7582277],[44.7684405,41.7582087],[44.7684431,41.7581898],[44.7684459,41.7581709],[44.7684487,41.7581521],[44.7684516,41.7581331],[44.7684545,41.7581141],[44.7684573,41.7580953],[44.7684603,41.7580764],[44.7684633,41.7580575],[44.7684663,41.7580387],[44.7684692,41.7580198],[44.7684722,41.758001],[44.7684751,41.7579821],[44.7684781,41.7579632],[44.7684811,41.7579443],[44.7684841,41.7579253],[44.7684871,41.7579063],[44.7684901,41.7578872],[44.7684931,41.7578681],[44.768496,41.7578489],[44.768499,41.7578297],[44.768502,41.7578105],[44.768505,41.7577912],[44.7685081,41.7577718],[44.768511,41.7577525],[44.768514,41.7577332],[44.7685171,41.7577138],[44.76852,41.7576944],[44.7685231,41.7576749],[44.7685259,41.7576556],[44.7685288,41.7576362],[44.7685316,41.7576168],[44.7685344,41.7575975],[44.7685373,41.7575781],[44.7685401,41.7575586],[44.7685429,41.7575392],[44.7685456,41.7575199],[44.7685482,41.7575005],[44.7685507,41.7574811],[44.7685533,41.7574617],[44.7685561,41.7574423],[44.7685587,41.7574229],[44.7685615,41.7574035],[44.7685643,41.7573841],[44.7685671,41.7573646],[44.7685698,41.7573452],[44.7685725,41.7573257],[44.7685753,41.7573061],[44.768578,41.7572866],[44.7685808,41.7572672],[44.7685837,41.7572476],[44.7685863,41.757228],[44.7685891,41.7572084],[44.7685919,41.7571888],[44.7685947,41.7571692],[44.7685976,41.7571496],[44.7686004,41.7571299],[44.7686033,41.7571103],[44.7686063,41.7570905],[44.7686095,41.7570708],[44.7686127,41.7570511],[44.768616,41.7570315],[44.7686192,41.7570118],[44.7686225,41.7569919],[44.7686258,41.7569721],[44.768629,41.7569523],[44.7686325,41.7569325],[44.7686358,41.7569128],[44.7686392,41.7568929],[44.7686426,41.7568731],[44.7686462,41.7568533],[44.7686495,41.7568335],[44.768653,41.7568136],[44.7686563,41.7567938],[44.7686596,41.756774],[44.7686628,41.7567541],[44.7686659,41.7567343],[44.768669,41.7567144],[44.7686719,41.7566945],[44.7686747,41.7566746],[44.7686776,41.7566546],[44.7686804,41.7566347],[44.768683,41.7566147],[44.7686857,41.7565947],[44.7686884,41.7565747],[44.7686912,41.7565546],[44.7686937,41.7565346],[44.7686963,41.7565145],[44.768699,41.7564943],[44.7687016,41.7564742],[44.7687041,41.756454],[44.7687066,41.7564339],[44.7687093,41.7564136],[44.7687119,41.7563935],[44.7687147,41.7563732],[44.7687178,41.756353],[44.768721,41.7563326],[44.7687235,41.7563123],[44.7687261,41.756292],[44.7687289,41.7562717],[44.7687316,41.7562514],[44.7687339,41.7562312],[44.7687366,41.7562111],[44.7687392,41.7561909],[44.7687417,41.7561709],[44.7687445,41.7561509],[44.7687476,41.756131],[44.7687505,41.7561109],[44.7687538,41.7560913],[44.7687566,41.7560716],[44.7687597,41.7560519],[44.7687629,41.7560321],[44.7687663,41.7560125],[44.7687696,41.755993],[44.7687732,41.7559733],[44.7687767,41.7559536],[44.76878,41.755934],[44.7687835,41.7559143],[44.7687873,41.7558947],[44.768791,41.7558751],[44.7687949,41.7558554],[44.7687991,41.7558357],[44.768803,41.7558161],[44.7688068,41.7557965],[44.7688108,41.755777],[44.7688147,41.7557573],[44.7688187,41.7557378],[44.768823,41.7557184],[44.7688273,41.7556989],[44.7688313,41.7556795],[44.7688353,41.7556602],[44.7688393,41.755641],[44.7688432,41.7556221],[44.7688472,41.7556031],[44.7688518,41.7555842],[44.7688557,41.7555654],[44.7688601,41.7555468],[44.7688646,41.7555281],[44.7688701,41.7555093],[44.7688748,41.75549],[44.768883,41.7554546],[44.7688876,41.7554368],[44.768895,41.7554021],[44.7689033,41.7553675],[44.7689109,41.7553335],[44.7689185,41.7553],[44.7689262,41.755267],[44.7689336,41.7552345],[44.7689409,41.7552029],[44.7689483,41.7551713],[44.7689557,41.7551403],[44.7689633,41.7551097],[44.7689708,41.7550795],[44.7689784,41.7550496],[44.7689862,41.7550202],[44.7689936,41.7549912],[44.7690007,41.7549628],[44.769008,41.7549351],[44.7690153,41.7549081],[44.7690214,41.7548814],[44.7690275,41.7548555],[44.7690334,41.7548299],[44.769039,41.754805],[44.7690447,41.7547807],[44.7690502,41.7547569],[44.7690555,41.754734],[44.7690606,41.7547125],[44.7690652,41.7546924],[44.7690696,41.7546737],[44.7690756,41.7546484],[44.7690813,41.7546255],[44.769087,41.754603],[44.7690924,41.7545811],[44.7690975,41.7545598],[44.7691028,41.754539],[44.769108,41.7545186],[44.769113,41.7544987],[44.7691182,41.7544789],[44.7691233,41.7544594],[44.7691284,41.7544397],[44.7691332,41.7544196],[44.7691385,41.7543983],[44.7691437,41.7543759],[44.7691492,41.7543523],[44.769155,41.7543275],[44.769161,41.7543016],[44.7691653,41.7542837],[44.7691698,41.7542653],[44.7691742,41.7542465],[44.7691789,41.7542273],[44.7691836,41.7542073],[44.7691886,41.7541869],[44.7691937,41.7541659],[44.7691988,41.7541443],[44.7692041,41.7541222],[44.7692098,41.7540996],[44.7692154,41.7540763],[44.7692215,41.7540524],[44.7692274,41.7540281],[44.7692338,41.7540029],[44.7692402,41.7539772],[44.7692465,41.7539508],[44.7692533,41.7539236],[44.7692602,41.7538957],[44.7692672,41.753867],[44.7692741,41.7538375],[44.7692812,41.7538073],[44.7692885,41.7537763],[44.7692957,41.7537452],[44.7693031,41.7537137],[44.7693103,41.7536821],[44.7693178,41.7536505],[44.769325,41.7536188],[44.7693322,41.7535875],[44.7693395,41.7535563],[44.7693469,41.7535254],[44.7693545,41.7534946],[44.7693617,41.7534641],[44.7693692,41.7534337],[44.7693766,41.7534034],[44.7693843,41.7533732],[44.7693915,41.7533429],[44.769399,41.7533124],[44.7694063,41.7532816],[44.7694137,41.7532504],[44.7694211,41.7532188],[44.7694286,41.7531866],[44.7694362,41.7531535],[44.7694443,41.7531198],[44.7694526,41.7530853],[44.7694612,41.7530504],[44.7694699,41.7530149],[44.7694743,41.7529972],[44.7694789,41.7529794],[44.7694878,41.7529443],[44.769497,41.7529096],[44.7695062,41.752875],[44.7695153,41.7528403],[44.7695249,41.7528051],[44.7695293,41.7527874],[44.7695342,41.7527695],[44.769539,41.7527515],[44.769543,41.7527336],[44.7695472,41.7527153],[44.7695514,41.7526971],[44.7695554,41.7526787],[44.7695595,41.7526603],[44.7695637,41.7526416],[44.7695676,41.7526231],[44.7695718,41.7526044],[44.7695761,41.7525857],[44.7695803,41.752567],[44.7695843,41.7525482],[44.7695885,41.7525295],[44.7695925,41.7525108],[44.7695968,41.7524921],[44.769601,41.7524735],[44.7696051,41.7524548],[44.769609,41.7524363],[44.7696131,41.7524177],[44.7696171,41.7523991],[44.769621,41.7523805],[44.769625,41.7523619],[44.769629,41.7523433],[44.7696331,41.7523248],[44.7696369,41.7523064],[44.769641,41.7522882],[44.7696449,41.75227],[44.7696491,41.7522519],[44.7696528,41.7522339],[44.7696568,41.752216],[44.7696609,41.752198],[44.7696646,41.7521802],[44.7696684,41.7521624],[44.769672,41.7521445],[44.7696763,41.7521268],[44.7696803,41.752109],[44.7696842,41.7520911],[44.769688,41.7520731],[44.7696922,41.7520552],[44.7696961,41.7520371],[44.7697004,41.7520189],[44.7697042,41.7520008],[44.7697086,41.7519823],[44.7697123,41.751964],[44.7697167,41.7519455],[44.769721,41.7519271],[44.7697255,41.7519085],[44.7697301,41.75189],[44.7697347,41.7518715],[44.7697393,41.7518529],[44.7697438,41.7518343],[44.7697483,41.7518158],[44.7697529,41.7517972],[44.7697574,41.7517786],[44.769762,41.75176],[44.7697665,41.7517414],[44.769771,41.7517228],[44.7697753,41.7517042],[44.7697797,41.7516856],[44.769784,41.7516669],[44.7697886,41.7516483],[44.7697928,41.7516296],[44.769797,41.7516108],[44.7698014,41.7515921],[44.7698056,41.7515734],[44.76981,41.7515545],[44.7698147,41.7515356],[44.7698189,41.7515169],[44.7698233,41.7514982],[44.7698271,41.7514796],[44.7698311,41.7514612],[44.7698352,41.7514428],[44.7698391,41.7514245],[44.7698431,41.7514064],[44.769847,41.7513883],[44.7698509,41.7513703],[44.7698549,41.7513524],[44.769859,41.7513346],[44.7698671,41.7512996],[44.7698753,41.751265],[44.7698836,41.7512307],[44.7698916,41.7511971],[44.7698994,41.7511636],[44.7699071,41.7511309],[44.7699141,41.7510985],[44.7699213,41.7510665],[44.7699282,41.751035],[44.7699353,41.7510039],[44.7699422,41.7509731],[44.769949,41.7509427],[44.7699559,41.7509127],[44.7699624,41.7508831],[44.7699688,41.7508539],[44.7699753,41.7508252],[44.7699815,41.7507969],[44.7699879,41.7507687],[44.7699938,41.7507413],[44.7699994,41.7507141],[44.7700051,41.7506872],[44.7700107,41.7506614],[44.770016,41.7506371],[44.7700212,41.7506141],[44.770026,41.7505921],[44.7700309,41.7505706],[44.7700355,41.7505494],[44.7700403,41.7505283],[44.7700449,41.7505074],[44.7700496,41.7504869],[44.7700546,41.7504665],[44.7700591,41.7504462],[44.770064,41.7504264],[44.7700688,41.7504066],[44.7700736,41.750387],[44.7700781,41.7503677],[44.7700829,41.7503487],[44.7700886,41.7503235],[44.7700934,41.7503031],[44.7700976,41.7502852],[44.770102,41.7502662],[44.7701062,41.750248],[44.7701106,41.7502282],[44.7701147,41.7502104],[44.770119,41.7501912],[44.7701242,41.7501689],[44.7701291,41.750148],[44.7701346,41.750124],[44.7701391,41.7501043],[44.770144,41.7500836],[44.7701488,41.7500625],[44.7701535,41.7500414],[44.7701583,41.7500197],[44.7701631,41.7499973],[44.7701683,41.749974],[44.7701734,41.7499497],[44.7701786,41.7499243],[44.7701842,41.7498981],[44.7701877,41.7498799],[44.7701914,41.7498614],[44.7701951,41.7498425],[44.7701991,41.7498232],[44.7702031,41.7498034],[44.7702067,41.7497831],[44.7702109,41.7497626],[44.7702147,41.7497415],[44.7702182,41.7497204],[44.7702222,41.749699],[44.7702258,41.7496775],[44.7702296,41.7496559],[44.7702327,41.7496347],[44.7702359,41.7496137],[44.770239,41.749593],[44.7702419,41.7495723],[44.7702447,41.749552],[44.7702476,41.7495318],[44.7702499,41.749512],[44.7702524,41.7494922],[44.7702549,41.7494728],[44.7702568,41.7494537],[44.770259,41.7494348],[44.770261,41.7494161],[44.7702629,41.7493978],[44.7702648,41.7493794],[44.7702661,41.7493614],[44.7702682,41.7493357],[44.7702702,41.7493126],[44.7702717,41.7492918],[44.7702727,41.7492723],[44.7702739,41.7492536],[44.7702752,41.7492347],[44.7702763,41.7492152],[44.7702775,41.7491946],[44.7702787,41.7491722],[44.7702801,41.7491479],[44.7702812,41.7491213],[44.7702821,41.7491024],[44.7702826,41.7490828],[44.7702832,41.7490621],[44.7702838,41.7490408],[44.7702841,41.7490184],[44.7702844,41.7489957],[44.770285,41.7489718],[44.7702853,41.7489474],[44.7702857,41.7489222],[44.7702857,41.7488962],[44.7702855,41.7488698],[44.7702856,41.7488429],[44.7702854,41.748816],[44.7702851,41.7487886],[44.7702845,41.7487614],[44.7702837,41.7487345],[44.7702835,41.7487078],[44.7702828,41.7486814],[44.770282,41.7486555],[44.7702811,41.7486298],[44.7702803,41.7486044],[44.7702794,41.7485792],[44.7702783,41.7485542],[44.7702772,41.7485291],[44.7702759,41.7485038],[44.7702745,41.7484784],[44.7702728,41.748453],[44.7702712,41.7484275],[44.7702695,41.7484016],[44.7702673,41.7483755],[44.770265,41.748349],[44.7702624,41.748322],[44.7702598,41.7482946],[44.7702568,41.7482664],[44.7702536,41.7482376],[44.7702501,41.7482084],[44.7702464,41.7481787],[44.7702424,41.7481484],[44.7702382,41.7481176],[44.7702337,41.7480863],[44.770229,41.748055],[44.7702242,41.7480232],[44.7702194,41.7479915],[44.7702144,41.7479596],[44.7702093,41.7479275],[44.7702041,41.7478953],[44.7701988,41.7478629],[44.7701935,41.7478306],[44.7701882,41.747798],[44.7701827,41.7477654],[44.7701774,41.7477328],[44.7701718,41.7477002],[44.770166,41.7476673],[44.7701601,41.7476348],[44.7701541,41.7476022],[44.7701479,41.7475698],[44.7701417,41.7475373],[44.7701354,41.7475047],[44.7701287,41.7474721],[44.7701218,41.7474393],[44.7701146,41.7474062],[44.7701071,41.7473728],[44.7700996,41.7473396],[44.7700919,41.7473063],[44.770084,41.7472734],[44.7700759,41.7472409],[44.7700676,41.7472085],[44.7700597,41.7471763],[44.7700515,41.7471441],[44.7700434,41.7471121],[44.7700352,41.7470799],[44.7700267,41.7470474],[44.770018,41.7470144],[44.770009,41.7469811],[44.7699994,41.7469471],[44.7699896,41.7469127],[44.7699798,41.746878],[44.7699694,41.7468431],[44.7699643,41.7468255],[44.7699589,41.7468078],[44.7699536,41.7467901],[44.7699482,41.7467722],[44.7699428,41.7467543],[44.7699372,41.7467363],[44.7699316,41.7467182],[44.7699259,41.7467],[44.7699202,41.7466819],[44.7699144,41.7466636],[44.7699085,41.7466453],[44.7699025,41.7466269],[44.7698965,41.7466084],[44.7698902,41.74659],[44.7698839,41.7465716],[44.7698779,41.7465531],[44.7698718,41.7465345],[44.7698656,41.746516],[44.7698594,41.7464975],[44.7698531,41.7464792],[44.7698468,41.7464608],[44.7698405,41.7464425],[44.7698342,41.7464243],[44.769828,41.7464061],[44.7698216,41.746388],[44.7698154,41.74637],[44.7698092,41.7463519],[44.7698029,41.7463341],[44.7697966,41.7463162],[44.7697903,41.7462985],[44.7697842,41.7462807],[44.769778,41.746263],[44.7697718,41.7462455],[44.7697656,41.746228],[44.7697593,41.7462106],[44.7697531,41.7461932],[44.7697409,41.7461584],[44.7697348,41.7461409],[44.7697286,41.7461234],[44.7697223,41.746106],[44.7697161,41.7460884],[44.7697098,41.7460708],[44.7697034,41.746053],[44.769697,41.7460352],[44.7696907,41.7460174],[44.7696842,41.7459995],[44.7696778,41.7459818],[44.7696715,41.745964],[44.7696652,41.7459463],[44.7696589,41.7459286],[44.7696527,41.745911],[44.7696465,41.7458934],[44.7696344,41.7458586],[44.7696225,41.7458243],[44.7696108,41.7457904],[44.7695993,41.7457571],[44.7695881,41.7457241],[44.7695772,41.7456915],[44.7695661,41.7456592],[44.7695554,41.7456272],[44.7695448,41.7455953],[44.7695342,41.7455637],[44.7695237,41.7455321],[44.7695132,41.7455006],[44.7695026,41.7454692],[44.7694922,41.7454379],[44.7694816,41.7454069],[44.7694712,41.7453762],[44.769461,41.745346],[44.7694508,41.7453164],[44.7694408,41.7452873],[44.7694309,41.7452587],[44.7694211,41.7452308],[44.7694115,41.7452035],[44.7694021,41.7451767],[44.7693927,41.7451504],[44.7693833,41.7451246],[44.7693743,41.7450993],[44.7693655,41.7450743],[44.7693569,41.7450498],[44.7693485,41.7450257],[44.7693402,41.745002],[44.7693323,41.7449784],[44.7693242,41.7449552],[44.7693161,41.7449318],[44.7693081,41.7449081],[44.7692998,41.744884],[44.7692914,41.7448595],[44.769283,41.7448343],[44.7692747,41.7448085],[44.7692661,41.7447819],[44.7692578,41.7447547],[44.7692492,41.7447268],[44.769241,41.744698],[44.7692325,41.7446685],[44.7692242,41.7446381],[44.7692158,41.7446069],[44.7692073,41.7445748],[44.7691988,41.7445421],[44.7691908,41.7445084],[44.7691828,41.7444743],[44.7691752,41.7444397],[44.769168,41.7444044],[44.7691611,41.7443691],[44.7691548,41.7443336],[44.7691518,41.7443157],[44.7691461,41.7442801],[44.7691409,41.7442444],[44.7691385,41.7442265],[44.7691362,41.7442085],[44.7691338,41.7441906],[44.7691299,41.7441546],[44.769128,41.7441366],[44.7691263,41.7441185],[44.7691248,41.7441004],[44.7691234,41.7440823],[44.7691221,41.7440641],[44.769121,41.744046],[44.7691201,41.7440278],[44.7691194,41.7440096],[44.7691189,41.7439913],[44.7691183,41.7439731],[44.7691178,41.7439548],[44.7691173,41.7439365],[44.7691172,41.7439183],[44.7691171,41.7438999],[44.7691172,41.7438816],[44.7691172,41.7438632],[44.7691175,41.7438448],[44.7691178,41.7438265],[44.7691185,41.7438081],[44.7691192,41.7437897],[44.7691197,41.7437713],[44.7691203,41.7437529],[44.7691209,41.7437345],[44.7691216,41.743716],[44.7691224,41.7436976],[44.7691233,41.7436792],[44.7691243,41.7436607],[44.7691255,41.7436421],[44.7691267,41.7436233],[44.7691276,41.7436045],[44.769129,41.7435855],[44.7691299,41.7435666],[44.7691314,41.7435474],[44.7691327,41.7435283],[44.7691339,41.743509],[44.7691354,41.7434898],[44.7691369,41.7434705],[44.7691382,41.7434512],[44.7691397,41.743432],[44.7691413,41.7434128],[44.769143,41.7433937],[44.7691446,41.7433747],[44.7691463,41.7433559],[44.7691478,41.7433369],[44.7691493,41.7433183],[44.7691509,41.7432998],[44.7691526,41.7432813],[44.7691545,41.7432629],[44.7691561,41.7432446],[44.7691578,41.7432264],[44.7691612,41.7431903],[44.7691646,41.7431546],[44.7691681,41.7431189],[44.7691716,41.7430837],[44.769175,41.7430486],[44.7691786,41.7430136],[44.7691819,41.742979],[44.7691854,41.7429445],[44.7691889,41.7429105],[44.7691923,41.742877],[44.7691958,41.7428438],[44.7691993,41.742811],[44.769203,41.7427784],[44.7692065,41.7427465],[44.7692103,41.7427147],[44.7692139,41.7426833],[44.7692178,41.7426523],[44.7692219,41.7426216],[44.769226,41.7425913],[44.7692304,41.7425613],[44.7692347,41.7425318],[44.769239,41.7425029],[44.7692436,41.7424744],[44.7692482,41.7424465],[44.7692531,41.742419],[44.7692582,41.7423921],[44.7692635,41.7423656],[44.7692692,41.7423398],[44.7692753,41.7423144],[44.7692813,41.7422895],[44.7692873,41.7422651],[44.7692936,41.7422412],[44.7692998,41.7422178],[44.769306,41.7421947],[44.7693122,41.7421721],[44.7693185,41.7421497],[44.7693248,41.7421272],[44.7693313,41.7421044],[44.769338,41.7420811],[44.7693449,41.7420572],[44.7693521,41.7420328],[44.7693594,41.7420079],[44.7693669,41.7419827],[44.7693747,41.7419565],[44.769383,41.7419294],[44.7693912,41.7419015],[44.7693999,41.7418731],[44.7694089,41.7418438],[44.7694183,41.741814],[44.7694281,41.7417836],[44.7694383,41.7417526],[44.7694487,41.7417212],[44.7694593,41.7416895],[44.7694699,41.741658],[44.7694803,41.7416269],[44.7694908,41.741596],[44.7695011,41.7415653],[44.7695114,41.7415346],[44.7695216,41.7415036],[44.7695317,41.7414722],[44.7695416,41.7414399],[44.7695516,41.7414071],[44.7695612,41.7413737],[44.7695705,41.7413397],[44.7695792,41.7413055],[44.7695874,41.7412708],[44.7695953,41.7412361],[44.7696025,41.7412019],[44.7696087,41.7411681],[44.7696141,41.7411345],[44.7696183,41.7411015],[44.7696221,41.7410688],[44.7696244,41.7410365],[44.7696259,41.7410047],[44.7696268,41.7409733],[44.7696277,41.7409422],[44.7696282,41.740911],[44.7696288,41.7408799],[44.7696294,41.7408487],[44.7696299,41.7408171],[44.7696303,41.7407852],[44.7696305,41.7407527],[44.7696307,41.7407198],[44.7696306,41.7406862],[44.7696303,41.7406521],[44.7696297,41.7406173],[44.7696287,41.7405815],[44.7696282,41.7405634],[44.7696277,41.7405452],[44.7696271,41.7405268],[44.7696265,41.7405083],[44.7696259,41.7404897],[44.7696251,41.7404712],[44.7696245,41.7404525],[44.7696237,41.7404338],[44.7696231,41.740415],[44.7696224,41.740396],[44.7696218,41.7403771],[44.7696213,41.7403584],[44.7696207,41.7403395],[44.76962,41.7403208],[44.7696195,41.7403022],[44.769619,41.7402836],[44.7696185,41.7402649],[44.769618,41.7402464],[44.7696175,41.7402278],[44.769617,41.7402093],[44.7696166,41.7401906],[44.7696162,41.7401719],[44.7696158,41.7401532],[44.7696154,41.7401345],[44.7696151,41.7401157],[44.7696148,41.7400969],[44.7696146,41.7400781],[44.7696144,41.7400592],[44.7696142,41.7400404],[44.7696141,41.7400215],[44.7696139,41.7400026],[44.7696139,41.7399837],[44.7696139,41.7399648],[44.769614,41.7399459],[44.7696141,41.739927],[44.7696142,41.739908],[44.7696144,41.7398891],[44.7696146,41.7398701],[44.7696149,41.7398513],[44.7696153,41.7398324],[44.7696158,41.7398136],[44.7696166,41.7397948],[44.7696174,41.7397758],[44.7696185,41.7397569],[44.7696197,41.739738],[44.7696209,41.7397191],[44.7696223,41.7397002],[44.7696238,41.7396813],[44.7696256,41.7396624],[44.7696271,41.7396436],[44.7696289,41.7396246],[44.7696307,41.7396058],[44.7696323,41.7395869],[44.769634,41.739568],[44.7696357,41.7395491],[44.7696374,41.7395302],[44.7696389,41.7395114],[44.7696407,41.7394926],[44.7696424,41.7394738],[44.7696441,41.7394551],[44.7696458,41.7394365],[44.7696473,41.7394179],[44.7696489,41.7393993],[44.7696504,41.7393808],[44.7696518,41.7393624],[44.7696532,41.7393441],[44.7696545,41.739326],[44.7696559,41.739308],[44.7696587,41.7392722],[44.7696614,41.739237],[44.7696643,41.7392022],[44.769667,41.739168],[44.7696695,41.7391342],[44.7696721,41.7391009],[44.7696742,41.739068],[44.7696768,41.7390355],[44.7696793,41.7390033],[44.7696816,41.7389719],[44.769684,41.7389409],[44.7696866,41.7389101],[44.7696888,41.7388799],[44.7696914,41.7388503],[44.7696938,41.7388211],[44.7696958,41.7387922],[44.7696976,41.7387634],[44.7696993,41.7387344],[44.769701,41.7387055],[44.7697027,41.7386766],[44.769704,41.7386478],[44.7697053,41.7386191],[44.7697065,41.7385905],[44.7697072,41.7385621],[44.7697077,41.7385339],[44.7697085,41.7385059],[44.7697091,41.7384782],[44.7697097,41.7384507],[44.7697101,41.7384236],[44.7697106,41.7383968],[44.7697112,41.7383704],[44.7697121,41.7383443],[44.7697126,41.7383184],[44.7697126,41.7382932],[44.7697125,41.7382685],[44.7697124,41.7382445],[44.769712,41.7382211],[44.7697118,41.7381985],[44.7697115,41.7381764],[44.7697113,41.7381548],[44.7697109,41.7381335],[44.7697105,41.7381124],[44.7697101,41.7380915],[44.7697099,41.7380706],[44.76971,41.7380497],[44.7697103,41.7380285],[44.7697108,41.738007],[44.7697117,41.7379851],[44.7697129,41.7379626],[44.7697147,41.7379398],[44.7697171,41.7379166],[44.7697197,41.7378933],[44.7697228,41.7378701],[44.7697264,41.737847],[44.7697305,41.7378244],[44.769735,41.7378022],[44.7697396,41.7377805],[44.7697446,41.7377593],[44.7697499,41.7377389],[44.7697548,41.7377194],[44.7697596,41.7377012],[44.7697679,41.7376758],[44.7697763,41.7376512],[44.7697853,41.7376271],[44.7697947,41.7376033],[44.769805,41.737579],[44.7698155,41.7375539],[44.7698228,41.7375366],[44.7698304,41.7375188],[44.7698382,41.7375004],[44.7698464,41.7374815],[44.7698549,41.7374617],[44.7698632,41.7374413],[44.7698721,41.7374201],[44.7698812,41.7373986],[44.7698904,41.7373765],[44.7699,41.7373545],[44.7699095,41.7373325],[44.7699186,41.7373104],[44.7699277,41.7372892],[44.7699372,41.7372686],[44.7699464,41.7372484],[44.7699553,41.7372283],[44.7699638,41.7372079],[44.7699722,41.7371874],[44.7699808,41.7371667],[44.7699894,41.7371457],[44.7699975,41.7371245],[44.7700054,41.7371031],[44.7700136,41.7370815],[44.7700215,41.7370595],[44.7700291,41.7370371],[44.7700363,41.7370146],[44.7700439,41.7369921],[44.770051,41.7369692],[44.770058,41.7369461],[44.7700653,41.7369229],[44.7700721,41.7368997],[44.7700789,41.7368763],[44.7700858,41.7368529],[44.7700928,41.7368293],[44.7700993,41.7368056],[44.7701056,41.7367824],[44.7701112,41.73676],[44.7701171,41.7367385],[44.7701217,41.7367176],[44.7701273,41.7366974],[44.7701321,41.7366774],[44.7701361,41.7366581],[44.7701398,41.7366385],[44.7701442,41.7366189],[44.7701482,41.7365989],[44.7701521,41.7365785],[44.7701563,41.7365583],[44.7701599,41.7365378],[44.7701632,41.7365169],[44.7701658,41.7364956],[44.770169,41.736474],[44.7701708,41.7364522],[44.7701723,41.7364296],[44.7701739,41.7364069],[44.7701748,41.7363838],[44.7701756,41.73636],[44.7701755,41.736336],[44.7701746,41.7363116],[44.7701732,41.7362875],[44.7701708,41.736264],[44.770169,41.7362387],[44.7701658,41.7362139],[44.770162,41.7361895],[44.7701576,41.736165],[44.7701528,41.7361406],[44.7701468,41.7361164],[44.7701407,41.7360927],[44.7701338,41.7360692],[44.7701265,41.7360455],[44.7701191,41.7360231],[44.7701116,41.7360012],[44.770104,41.7359799],[44.7700962,41.7359592],[44.7700876,41.735939],[44.7700788,41.7359189],[44.7700702,41.7358988],[44.7700609,41.735879],[44.7700512,41.7358591],[44.7700405,41.7358392],[44.7700292,41.7358193],[44.7700177,41.7357994],[44.7700055,41.7357794],[44.7699932,41.7357594],[44.7699806,41.7357394],[44.7699676,41.7357195],[44.7699545,41.7356995],[44.7699408,41.7356797],[44.7699272,41.7356598],[44.7699138,41.7356398],[44.7699003,41.7356199],[44.7698868,41.7356001],[44.769873,41.7355804],[44.7698595,41.7355609],[44.7698464,41.7355415],[44.7698332,41.7355223],[44.76982,41.7355034],[44.7698068,41.7354846],[44.769794,41.7354661],[44.7697818,41.7354474],[44.7697691,41.7354288],[44.769756,41.7354101],[44.7697436,41.7353909],[44.7697317,41.7353715],[44.7697198,41.7353519],[44.7697084,41.7353321],[44.7696978,41.7353119],[44.769688,41.7352915],[44.7696793,41.7352709],[44.7696712,41.7352503],[44.7696643,41.7352296],[44.7696586,41.7352087],[44.7696537,41.7351877],[44.7696495,41.7351665],[44.7696469,41.7351453],[44.7696453,41.7351238],[44.7696444,41.7351022],[44.7696437,41.7350805],[44.7696438,41.7350585],[44.7696441,41.7350366],[44.7696451,41.7350146],[44.7696465,41.7349923],[44.7696475,41.73497],[44.7696497,41.7349485],[44.7696506,41.7349278],[44.7696537,41.7349073],[44.7696555,41.7348874],[44.7696577,41.7348676],[44.76966,41.7348481],[44.7696621,41.7348287],[44.7696641,41.7348093],[44.7696659,41.7347898],[44.7696672,41.7347702],[44.7696678,41.7347503],[44.7696678,41.7347306],[44.7696672,41.7347106],[44.7696663,41.7346908],[44.7696651,41.7346715],[44.7696626,41.7346527],[44.7696602,41.7346341],[44.7696572,41.7346157],[44.7696537,41.7345972],[44.7696497,41.7345787],[44.7696451,41.7345597],[44.7696402,41.7345406],[44.7696346,41.7345213],[44.7696286,41.7345018],[44.7696219,41.7344824],[44.7696147,41.7344631],[44.7696066,41.7344437],[44.7695981,41.7344243],[44.7695889,41.7344051],[44.769579,41.7343859],[44.7695684,41.7343666],[44.7695574,41.7343474],[44.7695461,41.7343281],[44.7695341,41.7343087],[44.7695223,41.7342889],[44.7695099,41.7342692],[44.7694974,41.7342493],[44.7694844,41.7342294],[44.7694717,41.7342096],[44.7694592,41.7341901],[44.7694467,41.7341707],[44.7694343,41.7341517],[44.7694218,41.7341327],[44.7694093,41.7341135],[44.7693968,41.734094],[44.7693843,41.7340746],[44.7693713,41.734055],[44.7693585,41.734035],[44.7693457,41.7340148],[44.7693326,41.7339945],[44.7693195,41.7339738],[44.7693061,41.7339531],[44.7692928,41.7339322],[44.7692796,41.7339116],[44.7692667,41.7338912],[44.7692534,41.7338712],[44.7692399,41.7338516],[44.7692274,41.7338316],[44.7692145,41.7338128],[44.7692027,41.7337947],[44.7691913,41.7337774],[44.7691802,41.7337609],[44.769166,41.7337362],[44.7691543,41.7337113],[44.7691443,41.7336863],[44.7691349,41.7336611],[44.769124,41.7336358],[44.7691157,41.7336185],[44.7691066,41.733601],[44.7690961,41.7335833],[44.769085,41.7335648],[44.7690731,41.7335458],[44.7690601,41.733526],[44.7690466,41.7335057],[44.7690321,41.7334857],[44.7690172,41.7334661],[44.7690015,41.7334474],[44.7689851,41.7334295],[44.7689687,41.7334119],[44.7689522,41.733395],[44.7689364,41.7333779],[44.7689217,41.733361],[44.7689078,41.7333441],[44.7688949,41.7333282],[44.768878,41.7333055],[44.7688629,41.733285],[44.7688493,41.733267],[44.7688352,41.733247],[44.7688225,41.7332286],[44.768811,41.7332124],[44.7688005,41.7331962],[44.7687878,41.7331792],[44.7687765,41.733163],[44.7687651,41.7331469],[44.7687523,41.7331287],[44.7687375,41.7331081],[44.7687256,41.733091],[44.7687121,41.7330704],[44.7686972,41.7330471],[44.7686826,41.733023],[44.7686681,41.732999],[44.7686538,41.7329743],[44.768644,41.7329574],[44.7686339,41.7329402],[44.7686234,41.7329229],[44.7686124,41.7329054],[44.7686014,41.7328876],[44.7685905,41.7328696],[44.7685791,41.7328515],[44.7685675,41.7328332],[44.7685556,41.7328145],[44.768543,41.7327955],[44.7685304,41.7327755],[44.7685172,41.7327551],[44.7685036,41.732734],[44.7684901,41.7327124],[44.7684763,41.7326914],[44.7684635,41.7326707],[44.7684508,41.7326508],[44.7684382,41.7326313],[44.7684259,41.7326123],[44.768414,41.7325938],[44.7684021,41.7325758],[44.7683907,41.7325581],[44.7683793,41.7325409],[44.7683679,41.732524],[44.768357,41.7325072],[44.7683457,41.7324905],[44.7683347,41.7324738],[44.7683231,41.732457],[44.768312,41.7324401],[44.7683008,41.7324232],[44.7682898,41.732406],[44.7682783,41.7323884],[44.7682665,41.7323704],[44.7682546,41.732352],[44.7682424,41.7323332],[44.7682295,41.7323141],[44.7682171,41.7322944],[44.768204,41.7322748],[44.7681911,41.732255],[44.7681777,41.7322355],[44.768165,41.7322158],[44.7681516,41.7321962],[44.7681385,41.7321769],[44.768126,41.732158],[44.7681139,41.7321393],[44.7681017,41.7321211],[44.7680894,41.7321033],[44.7680777,41.7320859],[44.7680662,41.7320686],[44.7680554,41.7320518],[44.7680396,41.732028],[44.7680256,41.7320066],[44.7680133,41.731988],[44.7680021,41.7319707],[44.767991,41.7319541],[44.7679771,41.731933],[44.7679637,41.7319133],[44.7679511,41.7318944],[44.7679382,41.731876],[44.7679247,41.7318587],[44.7679104,41.7318426],[44.7678956,41.731828],[44.7678759,41.7318134],[44.767855,41.7318029],[44.7678274,41.7317942],[44.7678041,41.7317892],[44.7677747,41.731785],[44.7677398,41.7317814],[44.7677141,41.7317794],[44.7676872,41.7317772],[44.7676594,41.731775],[44.7676316,41.7317729],[44.7676041,41.7317708],[44.7675774,41.7317689],[44.7675521,41.7317669],[44.7675277,41.7317649],[44.7674938,41.7317604],[44.7674626,41.7317538],[44.7674347,41.7317441],[44.7674107,41.7317318],[44.7673902,41.7317156],[44.767374,41.7316956],[44.7673644,41.7316719],[44.7673595,41.731645],[44.767359,41.7316255],[44.7673596,41.7316048],[44.7673611,41.7315831],[44.7673638,41.7315604],[44.7673673,41.731537],[44.7673714,41.7315132],[44.7673759,41.7314892],[44.7673806,41.7314649],[44.7673855,41.7314405],[44.7673905,41.731416],[44.7673953,41.7313919],[44.7674003,41.7313681],[44.767405,41.7313454],[44.7674096,41.7313243],[44.7674135,41.7313049],[44.7674186,41.7312792],[44.7674224,41.7312582],[44.7674259,41.7312385],[44.7674292,41.7312199],[44.7674333,41.7312001],[44.7674375,41.7311796],[44.7674414,41.7311599],[44.7674454,41.7311369],[44.76745,41.7311116],[44.7674543,41.7310851],[44.7674572,41.7310671],[44.76746,41.7310489],[44.7674633,41.7310302],[44.7674667,41.7310111],[44.76747,41.7309912],[44.7674731,41.7309713],[44.7674763,41.7309511],[44.7674795,41.7309309],[44.7674831,41.7309104],[44.7674863,41.7308903],[44.767489,41.7308709],[44.7674922,41.7308527],[44.7674964,41.7308274],[44.7675,41.7308048],[44.7675041,41.730786],[44.7675102,41.7307643],[44.767517,41.7307428],[44.7675218,41.7307211],[44.7675254,41.7306977],[44.7675274,41.7306788],[44.7675301,41.730658],[44.7675329,41.7306359],[44.7675356,41.730614],[44.7675384,41.7305923],[44.7675416,41.7305705],[44.7675446,41.7305491],[44.7675475,41.7305283],[44.7675505,41.7305074],[44.7675547,41.7304857],[44.7675619,41.730461],[44.7675683,41.7304429],[44.7675763,41.7304232],[44.7675851,41.7304022],[44.7675944,41.7303793],[44.7676039,41.7303543],[44.7676141,41.7303275],[44.7676253,41.7302992],[44.7676354,41.7302686],[44.7676434,41.7302363],[44.7676489,41.7302016],[44.7676554,41.730168],[44.7676628,41.7301333],[44.7676685,41.7300994],[44.7676735,41.7300645],[44.7676802,41.7300296],[44.7676868,41.7299942],[44.76769,41.729976],[44.7676933,41.7299579],[44.7676964,41.7299396],[44.7676986,41.7299215],[44.7677017,41.7299032],[44.7677045,41.7298851],[44.7677037,41.7298636],[44.7677065,41.7298457],[44.7677121,41.7298105],[44.767717,41.7297755],[44.7677218,41.729741],[44.7677258,41.729707],[44.7677291,41.7296734],[44.7677324,41.7296395],[44.7677356,41.7296056],[44.7677382,41.7295719],[44.7677412,41.7295375],[44.7677443,41.729503],[44.7677475,41.7294685],[44.7677507,41.7294347],[44.7677543,41.7293998],[44.7677592,41.7293651],[44.7677621,41.7293297],[44.7677672,41.7292948],[44.7677727,41.7292604],[44.7677771,41.7292264],[44.7677821,41.7291929],[44.7677862,41.7291749],[44.7677922,41.7291411],[44.7677979,41.7291065],[44.7678005,41.7290726],[44.767805,41.7290388],[44.7678102,41.7290053],[44.7678162,41.7289715],[44.7678229,41.7289385],[44.7678274,41.7289053],[44.7678329,41.7288728],[44.7678386,41.7288412],[44.7678445,41.7288102],[44.76785,41.7287795],[44.767855,41.728751],[44.7678592,41.7287242],[44.7678639,41.7286994],[44.7678681,41.7286766],[44.7678712,41.7286557],[44.7678744,41.7286366],[44.7678785,41.7286118],[44.7678824,41.7285919],[44.7678873,41.7285731],[44.7678906,41.7285547],[44.7678938,41.7285361],[44.7678975,41.7285182],[44.7679004,41.7284998],[44.7679037,41.7284819],[44.7679076,41.7284617],[44.7679115,41.7284424],[44.7679142,41.7284232],[44.7679182,41.7284021],[44.7679244,41.728381],[44.7679305,41.7283576],[44.7679342,41.7283372],[44.7679394,41.7283162],[44.7679437,41.7282947],[44.7679482,41.7282728],[44.7679523,41.7282509],[44.7679565,41.7282295],[44.7679601,41.7282092],[44.767963,41.7281893],[44.7679671,41.7281658],[44.7679709,41.7281428],[44.7679742,41.72812],[44.7679792,41.7280978],[44.7679834,41.7280752],[44.767988,41.7280513],[44.767991,41.7280309],[44.7679941,41.7280103],[44.7679977,41.7279899],[44.7680022,41.7279697],[44.7680068,41.7279498],[44.7680093,41.7279282],[44.7680105,41.727904],[44.7680089,41.7278815],[44.7680031,41.7278583],[44.7679923,41.7278343],[44.7679761,41.7278106],[44.7679622,41.7277954],[44.7679455,41.7277811],[44.7679268,41.7277676],[44.767906,41.7277551],[44.7678829,41.7277433],[44.7678576,41.7277326],[44.7678302,41.727723],[44.7678012,41.7277144],[44.7677707,41.7277065],[44.767739,41.7276992],[44.7677072,41.7276923],[44.7676758,41.7276857],[44.7676445,41.727679],[44.7676123,41.7276719],[44.7675789,41.7276643],[44.7675452,41.7276565],[44.7675125,41.7276488],[44.7674806,41.7276414],[44.7674491,41.7276341],[44.7674175,41.727627],[44.767385,41.7276198],[44.7673513,41.7276127],[44.7673163,41.7276053],[44.7672801,41.7275978],[44.7672428,41.7275901],[44.7672042,41.7275825],[44.7671644,41.7275748],[44.7671234,41.7275672],[44.7670811,41.7275595],[44.7670378,41.7275518],[44.7669935,41.7275442],[44.7669483,41.7275369],[44.7669023,41.7275297],[44.7668554,41.7275228],[44.7668082,41.7275161],[44.7667844,41.7275128],[44.7667373,41.7275063],[44.7666907,41.7275],[44.7666449,41.7274934],[44.7665994,41.7274872],[44.766554,41.727481],[44.766509,41.7274751],[44.766464,41.7274695],[44.7664198,41.727464],[44.7663765,41.7274585],[44.7663335,41.7274534],[44.7662912,41.7274488],[44.7662499,41.7274441],[44.7662098,41.7274397],[44.7661707,41.7274358],[44.7661331,41.727432],[44.7660965,41.7274283],[44.7660606,41.7274246],[44.7660242,41.7274208],[44.7659873,41.7274168],[44.7659498,41.7274126],[44.765912,41.7274085],[44.7658738,41.7274044],[44.7658355,41.7274003],[44.7657968,41.7273961],[44.7657581,41.7273918],[44.7657194,41.7273875],[44.7656807,41.7273834],[44.7656419,41.7273795],[44.7656027,41.7273754],[44.7655637,41.7273714],[44.7655246,41.7273678],[44.7654853,41.727364],[44.7654462,41.7273603],[44.7654072,41.7273566],[44.7653683,41.7273529],[44.7653297,41.7273493],[44.765292,41.7273458],[44.7652549,41.7273423],[44.7652184,41.727339],[44.7651823,41.7273357],[44.7651464,41.7273326],[44.7651107,41.7273293],[44.7650753,41.7273262],[44.7650403,41.7273232],[44.7650064,41.7273204],[44.764973,41.7273176],[44.76494,41.7273147],[44.7649068,41.727312],[44.7648735,41.7273093],[44.7648407,41.7273068],[44.7648088,41.7273042],[44.764778,41.7273018],[44.7647483,41.7272993],[44.7647194,41.7272968],[44.7646915,41.7272945],[44.7646644,41.7272921],[44.7646382,41.7272894],[44.7646129,41.7272869],[44.7645885,41.7272843],[44.764553,41.7272802],[44.7645182,41.7272764],[44.7644843,41.7272724],[44.7644507,41.7272688],[44.7644177,41.7272653],[44.764385,41.7272619],[44.7643525,41.7272589],[44.7643198,41.7272557],[44.7642864,41.7272526],[44.7642521,41.7272494],[44.7642167,41.7272461],[44.7641924,41.7272436],[44.7641673,41.7272413],[44.7641411,41.7272385],[44.7641138,41.7272356],[44.7640856,41.7272329],[44.7640562,41.7272295],[44.7640258,41.7272263],[44.7639944,41.7272228],[44.763962,41.7272192],[44.7639285,41.7272154],[44.7638942,41.7272117],[44.763859,41.7272077],[44.7638233,41.7272034],[44.763787,41.7271995],[44.7637499,41.7271957],[44.7637125,41.7271918],[44.7636743,41.7271881],[44.7636358,41.7271841],[44.7635969,41.72718],[44.7635579,41.7271759],[44.7635189,41.727172],[44.7634794,41.7271678],[44.7634399,41.7271637],[44.7634008,41.7271593],[44.7633619,41.727156],[44.7633214,41.7271519],[44.7632816,41.727148],[44.7632412,41.7271442],[44.7632011,41.7271404],[44.7631613,41.7271368],[44.7631217,41.7271333],[44.7630829,41.7271297],[44.7630448,41.7271266],[44.7630074,41.7271234],[44.7629708,41.7271201],[44.7629343,41.727117],[44.7628987,41.7271138],[44.7628628,41.7271104],[44.7628272,41.727107],[44.7627915,41.7271037],[44.7627559,41.7271002],[44.7627199,41.7270969],[44.7626836,41.7270934],[44.7626471,41.72709],[44.7626105,41.7270866],[44.7625737,41.7270833],[44.762537,41.7270799],[44.7625004,41.7270765],[44.7624642,41.727073],[44.7624283,41.7270697],[44.7623925,41.7270664],[44.7623568,41.7270632],[44.7623212,41.7270598],[44.7622856,41.7270564],[44.7622501,41.7270531],[44.7622145,41.7270496],[44.7621789,41.7270461],[44.7621428,41.7270424],[44.7621062,41.7270388],[44.7620689,41.7270352],[44.7620308,41.7270313],[44.7619915,41.7270274],[44.7619511,41.7270236],[44.7619097,41.7270196],[44.7618673,41.7270154],[44.7618241,41.7270111],[44.7617802,41.7270066],[44.7617356,41.7270021],[44.7616906,41.7269974],[44.7616454,41.7269927],[44.7615996,41.726988],[44.7615538,41.7269832],[44.7615074,41.7269782],[44.7614615,41.7269732],[44.7614149,41.7269683],[44.7613687,41.7269636],[44.7613231,41.7269587],[44.7612771,41.7269543],[44.7612321,41.7269491],[44.7611875,41.7269448],[44.7611437,41.72694],[44.7611011,41.7269352],[44.7610594,41.7269308],[44.7610187,41.7269268],[44.7609784,41.7269228],[44.7609386,41.726919],[44.7608993,41.726915],[44.7608604,41.7269114],[44.7608221,41.7269077],[44.7607846,41.7269041],[44.760748,41.7269006],[44.7607122,41.7268971],[44.7606768,41.7268938],[44.7606418,41.7268903],[44.7606063,41.726887],[44.7605707,41.7268837],[44.7605345,41.7268802],[44.7604979,41.726877],[44.7604616,41.7268737],[44.7604252,41.7268707],[44.7603896,41.7268679],[44.760355,41.7268654],[44.760321,41.7268628],[44.7602879,41.7268604],[44.7602554,41.7268581],[44.760223,41.726856],[44.7601905,41.7268538],[44.7601581,41.7268515],[44.7601264,41.7268494],[44.7600946,41.7268474],[44.7600621,41.7268452],[44.7600289,41.7268432],[44.7599951,41.7268411],[44.7599602,41.7268389],[44.7599244,41.7268367],[44.7598874,41.7268342],[44.7598493,41.7268316],[44.75981,41.7268292],[44.7597693,41.7268264],[44.7597273,41.7268232],[44.7596847,41.7268197],[44.7596409,41.7268161],[44.7595959,41.7268122],[44.7595497,41.726808],[44.7595024,41.7268035],[44.7594784,41.726801],[44.7594542,41.7267985],[44.7594298,41.726796],[44.7594053,41.7267934],[44.7593804,41.7267906],[44.7593553,41.7267879],[44.7593302,41.7267852],[44.759305,41.7267822],[44.7592794,41.7267792],[44.7592539,41.7267761],[44.7592281,41.7267731],[44.7592022,41.72677],[44.7591761,41.7267668],[44.75915,41.7267636],[44.7591237,41.7267603],[44.7590974,41.7267569],[44.7590709,41.7267536],[44.7590442,41.7267502],[44.7590177,41.7267468],[44.758991,41.7267432],[44.7589642,41.7267397],[44.7589375,41.7267364],[44.7589107,41.726733],[44.7588842,41.7267294],[44.7588577,41.726726],[44.7588311,41.7267227],[44.7588049,41.7267195],[44.7587789,41.7267164],[44.758753,41.7267133],[44.7587274,41.7267102],[44.758702,41.7267072],[44.7586767,41.7267043],[44.7586517,41.7267014],[44.758627,41.7266985],[44.7586025,41.7266955],[44.7585783,41.7266928],[44.758554,41.7266903],[44.7585302,41.7266874],[44.7584832,41.7266824],[44.7584372,41.7266773],[44.758392,41.7266728],[44.7583477,41.7266684],[44.7583042,41.7266638],[44.7582615,41.7266596],[44.7582195,41.7266554],[44.7581786,41.7266515],[44.7581385,41.7266476],[44.7580993,41.7266438],[44.758061,41.72664],[44.7580235,41.7266362],[44.7579868,41.7266328],[44.757951,41.7266293],[44.7579159,41.7266259],[44.7578817,41.7266226],[44.7578483,41.7266193],[44.7578156,41.7266163],[44.7577837,41.7266133],[44.7577525,41.7266104],[44.7577222,41.7266075],[44.7576925,41.7266046],[44.7576635,41.7266018],[44.7576353,41.726599],[44.7576079,41.7265965],[44.7575819,41.726594],[44.7575573,41.7265916],[44.7575229,41.7265884],[44.7574915,41.7265856],[44.7574625,41.7265825],[44.7574363,41.7265801],[44.757406,41.7265771],[44.7573775,41.7265742],[44.7573517,41.7265717],[44.7573258,41.7265695],[44.7573016,41.7265677],[44.7572745,41.7265669],[44.7572447,41.726568],[44.7572135,41.7265691],[44.7571868,41.7265701],[44.7571573,41.7265708],[44.7571271,41.7265697],[44.7570987,41.7265656],[44.7570731,41.7265555],[44.7570537,41.7265435],[44.7570319,41.7265355],[44.7570054,41.7265301],[44.7570297,41.7265302],[44.7570038,41.7265306],[44.7569776,41.7265303],[44.756947,41.7265301],[44.7569148,41.7265286],[44.7568861,41.7265269],[44.7568541,41.7265245],[44.7568198,41.7265215],[44.7567843,41.7265183],[44.7567601,41.726516],[44.7567355,41.7265136],[44.7567104,41.7265111],[44.7566848,41.7265087],[44.7566587,41.7265064],[44.7566323,41.7265044],[44.7566051,41.7265023],[44.7565773,41.7265003],[44.7565482,41.7264984],[44.7565182,41.7264967],[44.7564871,41.7264949],[44.756455,41.7264932],[44.7564221,41.7264914],[44.7563885,41.7264894],[44.7563543,41.7264876],[44.7563199,41.7264856],[44.7562852,41.7264831],[44.7562506,41.7264797],[44.7562159,41.7264759],[44.7561809,41.7264716],[44.7561458,41.7264671],[44.7561106,41.7264623],[44.7560751,41.7264575],[44.7560397,41.7264526],[44.7560049,41.7264479],[44.755971,41.7264434],[44.7559378,41.7264392],[44.7559053,41.7264353],[44.7558735,41.7264314],[44.7558425,41.7264278],[44.7558121,41.7264245],[44.7557826,41.7264214],[44.7557536,41.7264184],[44.7557254,41.7264154],[44.7556977,41.7264127],[44.7556707,41.72641],[44.7556444,41.7264074],[44.7556187,41.7264047],[44.7555937,41.7264021],[44.7555695,41.7263998],[44.7555341,41.7263956],[44.7554988,41.7263913],[44.7554647,41.7263867],[44.7554366,41.7263835],[44.755412,41.7263805],[44.7553859,41.7263773],[44.7553617,41.7263749],[44.7553377,41.7263725],[44.755309,41.7263696],[44.7552767,41.7263665],[44.7552414,41.7263632],[44.7552172,41.7263609],[44.7551925,41.7263586],[44.7551677,41.7263563],[44.7551425,41.7263542],[44.755117,41.7263521],[44.7550912,41.7263499],[44.7550649,41.7263476],[44.7550384,41.7263452],[44.7550117,41.7263427],[44.7549848,41.72634],[44.7549577,41.7263374],[44.7549305,41.7263347],[44.7549034,41.7263319],[44.7548763,41.7263291],[44.7548492,41.7263263],[44.754822,41.7263236],[44.7547947,41.7263209],[44.7547672,41.7263183],[44.7547391,41.7263159],[44.7547107,41.7263136],[44.7546815,41.7263113],[44.7546516,41.7263092],[44.754621,41.7263072],[44.7545894,41.7263052],[44.7545571,41.726303],[44.7545239,41.7263003],[44.7544898,41.7262968],[44.7544549,41.7262926],[44.7544192,41.726288],[44.7543826,41.7262831],[44.754345,41.7262781],[44.7543066,41.7262732],[44.7542673,41.7262687],[44.754227,41.7262642],[44.7541859,41.7262599],[44.754144,41.7262556],[44.7541012,41.7262515],[44.7540577,41.7262475],[44.7540133,41.7262437],[44.7539684,41.7262398],[44.7539229,41.726236],[44.7538773,41.7262321],[44.7538314,41.7262282],[44.7537857,41.7262242],[44.7537402,41.7262203],[44.7536952,41.7262163],[44.7536505,41.726212],[44.753606,41.7262077],[44.7535619,41.7262034],[44.7535177,41.7261989],[44.7534736,41.7261947],[44.7534298,41.7261904],[44.7533858,41.7261859],[44.753342,41.7261815],[44.7532986,41.7261772],[44.7532552,41.7261728],[44.7532122,41.7261684],[44.7531696,41.7261642],[44.7531275,41.7261599],[44.7530857,41.7261558],[44.7530443,41.7261515],[44.7530034,41.7261474],[44.7529626,41.7261432],[44.7529221,41.726139],[44.7528817,41.7261349],[44.7528415,41.726131],[44.7528014,41.726127],[44.7527614,41.726123],[44.7527221,41.7261194],[44.7526837,41.7261154],[44.7526463,41.7261117],[44.7526099,41.7261081],[44.7525746,41.7261047],[44.7525401,41.7261012],[44.7525067,41.7260979],[44.7524741,41.7260949],[44.7524424,41.7260917],[44.7524113,41.7260884],[44.7523806,41.7260853],[44.7523503,41.7260819],[44.7523199,41.7260782],[44.7522894,41.7260747],[44.7522588,41.7260711],[44.752228,41.7260672],[44.7521971,41.7260631],[44.7521658,41.7260594],[44.7521351,41.7260556],[44.7521049,41.7260523],[44.7520758,41.7260493],[44.7520478,41.7260467],[44.7520207,41.7260441],[44.7519945,41.7260417],[44.7519693,41.7260394],[44.751945,41.7260373],[44.7519105,41.7260345],[44.7518795,41.7260323],[44.7518517,41.7260303],[44.7518277,41.7260282],[44.7518024,41.7260261],[44.7517768,41.7260235],[44.7517471,41.7260206],[44.7517149,41.7260174],[44.7516842,41.7260144],[44.7516482,41.7260107],[44.7516215,41.7260081],[44.751593,41.7260053],[44.751563,41.7260026],[44.7515319,41.7259996],[44.7515003,41.7259967],[44.7514682,41.7259939],[44.7514363,41.7259911],[44.7514046,41.7259886],[44.7513737,41.7259858],[44.7513431,41.7259831],[44.7513132,41.7259804],[44.7512839,41.7259777],[44.7512555,41.7259747],[44.7512283,41.7259718],[44.751202,41.7259686],[44.7511767,41.7259655],[44.7511524,41.7259625],[44.7511179,41.7259584],[44.7510854,41.7259545],[44.7510549,41.7259509],[44.7510262,41.7259476],[44.7509983,41.7259446],[44.7509699,41.7259421],[44.7509412,41.7259405],[44.7509126,41.725942],[44.7508823,41.7259448],[44.7508491,41.7259472],[44.7508126,41.7259479],[44.7507867,41.7259473],[44.7507593,41.7259456],[44.7507292,41.7259433],[44.7506956,41.7259403],[44.7506584,41.7259368],[44.7506188,41.725933],[44.7505775,41.7259286],[44.7505353,41.7259238],[44.7504925,41.7259188],[44.7504499,41.7259133],[44.7504072,41.7259078],[44.7503645,41.7259019],[44.7503218,41.725896],[44.750279,41.7258899],[44.750236,41.7258839],[44.7501929,41.7258779],[44.7501498,41.725872],[44.7501065,41.7258662],[44.7500631,41.7258606],[44.7500195,41.7258553],[44.7499758,41.7258502],[44.7499326,41.7258453],[44.7498907,41.7258407],[44.7498501,41.7258364],[44.7498108,41.7258325],[44.7497721,41.7258288],[44.7497344,41.7258251],[44.7496968,41.7258212],[44.7496587,41.7258171],[44.7496207,41.7258128],[44.7495824,41.7258081],[44.7495438,41.7258034],[44.749505,41.7257987],[44.749467,41.725794],[44.7494293,41.7257893],[44.7493921,41.7257848],[44.7493551,41.7257804],[44.7493185,41.7257764],[44.7492821,41.7257727],[44.7492459,41.7257691],[44.7492098,41.7257656],[44.7491738,41.7257622],[44.7491383,41.7257589],[44.7491037,41.7257558],[44.7490703,41.7257527],[44.749038,41.7257497],[44.7490067,41.7257469],[44.7489766,41.7257443],[44.7489474,41.7257416],[44.7489192,41.7257392],[44.7488919,41.7257367],[44.7488656,41.7257344],[44.7488402,41.725732],[44.7488157,41.7257298],[44.7487804,41.7257266],[44.7487463,41.7257235],[44.7487131,41.7257203],[44.7486807,41.7257173],[44.7486478,41.7257143],[44.7486139,41.7257113],[44.7485789,41.7257082],[44.7485428,41.725705],[44.7485181,41.7257029],[44.7484933,41.7257008],[44.748468,41.7256985],[44.7484424,41.7256964],[44.7484165,41.7256942],[44.7483906,41.7256921],[44.7483658,41.72569],[44.7483315,41.7256869],[44.7483036,41.7256841],[44.7482738,41.7256817],[44.7482489,41.7256792],[44.748224,41.725677],[44.748196,41.725674],[44.7481663,41.7256711],[44.748135,41.725668],[44.748108,41.7256651],[44.7480779,41.7256622],[44.748045,41.7256595],[44.7480095,41.7256565],[44.7479844,41.7256542],[44.7479583,41.7256519],[44.7479316,41.7256496],[44.7479041,41.7256473],[44.7478763,41.7256449],[44.7478482,41.7256423],[44.74782,41.7256398],[44.7477919,41.7256372],[44.7477639,41.7256348],[44.7477363,41.7256321],[44.7477087,41.7256295],[44.7476813,41.725627],[44.747654,41.7256243],[44.7476268,41.7256218],[44.7475997,41.7256192],[44.7475725,41.7256168],[44.7475454,41.7256144],[44.7475179,41.7256122],[44.747491,41.7256106],[44.747465,41.7256093],[44.7474399,41.7256084],[44.7474155,41.7256081],[44.7473912,41.7256079],[44.7473668,41.7256079],[44.7473421,41.7256078],[44.7473172,41.7256076],[44.7472916,41.7256072],[44.7472652,41.7256064],[44.7472381,41.7256051],[44.7472107,41.7256035],[44.7471828,41.7256015],[44.7471543,41.7255989],[44.7471249,41.7255957],[44.7470946,41.725592],[44.7470631,41.7255876],[44.7470304,41.7255828],[44.746996,41.725578],[44.7469604,41.7255732],[44.7469234,41.7255686],[44.7468849,41.7255639],[44.7468453,41.7255594],[44.7468045,41.7255548],[44.7467629,41.7255502],[44.746721,41.7255455],[44.7466787,41.7255403],[44.7466368,41.7255347],[44.7465959,41.7255283],[44.7465563,41.7255216],[44.7465175,41.7255146],[44.7464795,41.7255079],[44.7464424,41.7255013],[44.7464055,41.7254954],[44.7463686,41.7254899],[44.7463318,41.725485],[44.7462951,41.7254804],[44.7462578,41.7254762],[44.7462204,41.7254722],[44.7461834,41.7254682],[44.7461465,41.7254644],[44.7461095,41.7254605],[44.7460721,41.7254565],[44.7460342,41.7254527],[44.7459958,41.7254489],[44.7459567,41.725445],[44.7459168,41.725441],[44.7458761,41.7254369],[44.7458345,41.7254325],[44.7457922,41.7254283],[44.7457494,41.7254239],[44.7457068,41.7254194],[44.7456652,41.7254151],[44.7456242,41.7254106],[44.7455822,41.7254056],[44.7455399,41.7254002],[44.7454987,41.725394],[44.7454586,41.7253872],[44.7454196,41.7253797],[44.7453829,41.7253712],[44.7453492,41.7253622],[44.7453193,41.7253526],[44.7452922,41.7253421],[44.7452688,41.7253312],[44.7452493,41.7253204],[44.7452266,41.7253045],[44.745211,41.7252907],[44.7451967,41.7252754],[44.7451873,41.7252569],[44.7451849,41.725235],[44.7451856,41.7252145],[44.7451889,41.7251882],[44.7451923,41.7251677],[44.7451961,41.7251448],[44.7451995,41.7251198],[44.7452052,41.7250932],[44.7452105,41.7250652],[44.7452163,41.7250347],[44.745222,41.7250026],[44.7452277,41.7249706],[44.7452349,41.7249392],[44.7452397,41.7249073],[44.7452447,41.7248756],[44.745251,41.724844],[44.7452573,41.7248128],[44.7452626,41.7247833],[44.7452675,41.7247559],[44.7452726,41.7247296],[44.7452763,41.724704],[44.7452806,41.7246795],[44.7452853,41.7246545],[44.7452899,41.724631],[44.7452941,41.7246083],[44.7452983,41.7245867],[44.7453025,41.7245657],[44.7453066,41.7245441],[44.7453106,41.7245243],[44.7453147,41.7245055],[44.7453182,41.7244874],[44.7453232,41.7244623],[44.7453281,41.72444],[44.7453322,41.7244209],[44.7453358,41.724402],[44.7453397,41.7243841],[44.7453435,41.7243648],[44.7453475,41.7243456],[44.7453511,41.7243277],[44.7453547,41.7243088],[44.7453587,41.7242886],[44.7453392,41.7243869],[44.745343,41.7243677],[44.7453468,41.7243491],[44.7453511,41.7243277],[44.7453547,41.7243088],[44.7453587,41.7242886],[44.7453622,41.7242706],[44.7453655,41.7242526],[44.745369,41.7242345],[44.7453727,41.7242149],[44.7453769,41.7241915],[44.7453812,41.7241667],[44.7453847,41.7241469],[44.7453883,41.7241244],[44.7453925,41.7240999],[44.7453967,41.7240736],[44.7454017,41.7240457],[44.7454066,41.7240159],[44.7454123,41.7239854],[44.7454173,41.7239529],[44.7454215,41.7239187],[44.7454254,41.7238835],[44.7454269,41.7238651],[44.7454282,41.7238464],[44.7454294,41.7238273],[44.7454306,41.7238081],[44.7454315,41.7237889],[44.7454324,41.7237697],[44.7454332,41.7237505],[44.7454338,41.7237314],[44.7454344,41.7237124],[44.745435,41.7236934],[44.7454355,41.7236744],[44.7454361,41.7236554],[44.7454364,41.7236364],[44.7454359,41.723617],[44.7454362,41.7235981],[44.7454363,41.7235793],[44.7454362,41.7235605],[44.745436,41.7235418],[44.7454358,41.7235232],[44.7454356,41.7235045],[44.7454354,41.7234859],[44.7454352,41.7234672],[44.7454351,41.7234486],[44.7454349,41.7234301],[44.7454348,41.7234114],[44.7454347,41.7233929],[44.7454343,41.7233744],[44.7454343,41.723356],[44.745434,41.7233377],[44.7454337,41.7233193],[44.7454336,41.7233007],[44.7454335,41.7232823],[44.7454333,41.723264],[44.7454332,41.7232457],[44.7454332,41.7232274],[44.745433,41.7232091],[44.7454326,41.7231909],[44.7454329,41.7231727],[44.7454327,41.7231547],[44.7454325,41.7231366],[44.7454327,41.7231006],[44.7454336,41.7230653],[44.7454347,41.7230313],[44.7454363,41.7229992],[44.7454382,41.7229689],[44.7454399,41.7229405],[44.7454423,41.7229141],[44.7454439,41.7228895],[44.7454461,41.7228669],[44.745448,41.7228459],[44.7454498,41.7228264],[44.7454516,41.7228083],[44.7454545,41.7227819],[44.7454574,41.7227564],[44.7454615,41.7227303],[44.7454656,41.7227037],[44.7454696,41.7226771],[44.7454742,41.7226502],[44.7454776,41.7226314],[44.7454806,41.7226127],[44.7454845,41.7225932],[44.7454875,41.7225728],[44.7454925,41.7225515],[44.7454966,41.7225291],[44.7455004,41.7225057],[44.7455048,41.7224815],[44.7455082,41.7224562],[44.7455122,41.7224303],[44.7455164,41.7224036],[44.7455201,41.7223774],[44.7455243,41.7223497],[44.7455293,41.7223214],[44.745533,41.7222926],[44.7455374,41.7222637],[44.7455425,41.7222348],[44.7455475,41.7222059],[44.7455524,41.7221761],[44.7455562,41.7221477],[44.7455605,41.7221191],[44.7455659,41.7220905],[44.7455713,41.7220619],[44.7455761,41.7220342],[44.7455801,41.7220058],[44.7455845,41.721978],[44.745589,41.7219498],[44.7455936,41.721923],[44.7455984,41.7218967],[44.7456032,41.7218711],[44.7456078,41.7218471],[44.7456105,41.7218253],[44.7456136,41.7218052],[44.7456163,41.7217862],[44.7456201,41.7217616],[44.7456234,41.7217401],[44.7456262,41.721722],[44.7456289,41.7217022],[44.7456323,41.7216825],[44.7456314,41.7216643],[44.7456353,41.7216465],[44.7456381,41.721625],[44.7456418,41.7216023],[44.7456447,41.7215816],[44.7456482,41.7215606],[44.7456509,41.7215405],[44.7456542,41.7215205],[44.7456574,41.7215011],[44.7456608,41.7214805],[44.7456639,41.7214598],[44.745667,41.7214384],[44.7456695,41.7214168],[44.7456725,41.7213984],[44.7456755,41.7213774],[44.745678,41.721359],[44.7456804,41.7213401],[44.7456837,41.7213184],[44.7456869,41.7212962],[44.7456891,41.7212768],[44.745692,41.7212559],[44.7456943,41.7212332],[44.7456967,41.7212105],[44.7456986,41.7211899],[44.7457,41.7211709],[44.7457017,41.7211516],[44.7457037,41.7211288],[44.7457053,41.7211089],[44.7457073,41.7210869],[44.7457091,41.721064],[44.7457112,41.7210403],[44.7457131,41.7210159],[44.7457148,41.7209904],[44.7457165,41.7209645],[44.7457181,41.7209387],[44.7457196,41.7209147],[44.7457207,41.7208939],[44.7457219,41.7208711],[44.7457226,41.7208511],[44.7457236,41.7208323],[44.7457245,41.7208128],[44.7457255,41.720794],[44.7457265,41.7207742],[44.7457276,41.7207557],[44.7457286,41.720737],[44.7457293,41.7207188],[44.7457302,41.7206993],[44.7457316,41.7206807],[44.7457321,41.7206625],[44.745733,41.7206442],[44.7457337,41.720626],[44.7457342,41.7206034],[44.7457336,41.7205847],[44.7457317,41.7205659],[44.7457263,41.7205458],[44.7457216,41.7205278],[44.745717,41.7205081],[44.7457126,41.7204877],[44.7457091,41.7204684],[44.7457066,41.7204502],[44.7457046,41.7204319],[44.7457031,41.7204123],[44.7457013,41.7203931],[44.7457001,41.7203737],[44.7456985,41.7203538],[44.7456977,41.7203356],[44.7456957,41.7203167],[44.7456937,41.7202984],[44.7456919,41.7202804],[44.7456896,41.7202622],[44.7456876,41.7202441],[44.7456859,41.7202258],[44.745684,41.7202066],[44.7456821,41.7201881],[44.74568,41.7201672],[44.7456785,41.7201485],[44.7456764,41.7201275],[44.7456748,41.7201084],[44.7456724,41.7200844],[44.7456709,41.720066],[44.7456697,41.720047],[44.7456688,41.7200284],[44.7456673,41.7200103],[44.7456654,41.719984],[44.7456628,41.7199597],[44.7456613,41.7199383],[44.7456592,41.7199189],[44.7456566,41.7198963],[44.7456538,41.7198773],[44.7456458,41.7198602],[44.745629,41.7198442],[44.7456043,41.7198371],[44.745577,41.7198362],[44.7455431,41.7198393],[44.745517,41.7198413],[44.745489,41.719844],[44.7454594,41.7198462],[44.7454305,41.7198485],[44.7454024,41.7198512],[44.7453757,41.7198536],[44.7453517,41.7198558],[44.7453195,41.7198592],[44.7452933,41.7198618],[44.7452671,41.7198646],[44.7452403,41.7198677],[44.7452149,41.7198707],[44.7451892,41.7198733],[44.7451632,41.7198755],[44.7451342,41.7198773],[44.745107,41.7198789],[44.745077,41.7198819],[44.7450524,41.7198838],[44.7450279,41.7198859],[44.7449967,41.7198895],[44.7449656,41.7198924],[44.7449412,41.7198945],[44.744915,41.7198976],[44.7448902,41.7199008],[44.7448652,41.719903],[44.7448389,41.7199054],[44.7448135,41.7199079],[44.744788,41.7199111],[44.7447623,41.7199133],[44.7447358,41.7199156],[44.7447096,41.7199183],[44.7446842,41.7199213],[44.744658,41.7199233],[44.7446316,41.7199248],[44.7446072,41.7199274],[44.7445809,41.7199296],[44.7445565,41.7199321],[44.7445317,41.7199339],[44.7445034,41.7199367],[44.7444772,41.7199387],[44.7444507,41.7199412],[44.744424,41.7199432],[44.7443961,41.7199455],[44.7443715,41.7199472],[44.7443451,41.7199484],[44.7443189,41.7199498],[44.7442935,41.7199509],[44.7442682,41.719952],[44.7442436,41.7199523],[44.7442181,41.7199531],[44.7441936,41.7199524],[44.7441687,41.7199529],[44.744142,41.7199525],[44.7441139,41.7199512],[44.7440867,41.7199496],[44.7440606,41.7199483],[44.7440365,41.7199464],[44.7440124,41.7199446],[44.743986,41.719942],[44.7439603,41.7199395],[44.7439338,41.7199365],[44.7439083,41.719933],[44.7438846,41.7199293],[44.74386,41.7199252],[44.7438364,41.7199209],[44.7438102,41.7199158],[44.7437834,41.71991],[44.7437569,41.7199043],[44.7437315,41.7198986],[44.7437072,41.7198929],[44.7436766,41.7198854],[44.7436507,41.7198793],[44.7436236,41.7198727],[44.7435964,41.719866],[44.7435702,41.7198595],[44.7435457,41.7198534],[44.743516,41.7198458],[44.7434897,41.7198391],[44.7434664,41.719833],[44.7434411,41.7198263],[44.7434143,41.7198193],[44.7433894,41.7198127],[44.7433666,41.7198066],[44.7433413,41.7198001],[44.7433152,41.7197931],[44.7432906,41.7197867],[44.7432637,41.7197798],[44.7432371,41.719773],[44.7432133,41.719767],[44.7431857,41.7197599],[44.7431576,41.7197526],[44.7431312,41.719746],[44.7431014,41.7197384],[44.7430717,41.7197306],[44.743045,41.7197237],[44.7430207,41.7197174],[44.7429957,41.7197112],[44.7429715,41.719705],[44.7429471,41.7196987],[44.7429229,41.7196925],[44.7428985,41.7196863],[44.7428724,41.7196797],[44.7428437,41.7196726],[44.7428142,41.7196652],[44.7427907,41.7196592],[44.7427677,41.7196534],[44.7427377,41.719646],[44.7427082,41.7196386],[44.7426804,41.7196317],[44.7426534,41.7196248],[44.7426251,41.7196179],[44.7425953,41.7196105],[44.7425723,41.7196049],[44.7425484,41.7195991],[44.7425235,41.7195933],[44.7424976,41.7195872],[44.7424701,41.7195808],[44.7424393,41.7195738],[44.7424049,41.719566],[44.7423796,41.7195607],[44.7423529,41.7195549],[44.7423245,41.7195488],[44.7422946,41.7195424],[44.7422632,41.7195359],[44.7422304,41.7195293],[44.7421963,41.7195225],[44.7421609,41.7195155],[44.7421244,41.7195083],[44.742087,41.7195009],[44.7420485,41.7194932],[44.7420093,41.7194854],[44.7419691,41.7194774],[44.7419282,41.7194695],[44.7418861,41.7194613],[44.7418436,41.7194531],[44.7418002,41.7194448],[44.7417562,41.7194363],[44.7417113,41.7194277],[44.7416655,41.7194189],[44.7416192,41.7194103],[44.7415957,41.7194058],[44.741572,41.7194013],[44.7415483,41.719397],[44.7415244,41.7193924],[44.7415004,41.719388],[44.7414762,41.7193836],[44.7414522,41.7193791],[44.741428,41.7193745],[44.7414041,41.71937],[44.7413799,41.7193655],[44.741356,41.7193611],[44.7413326,41.7193566],[44.7412866,41.7193477],[44.7412418,41.7193391],[44.7411979,41.7193305],[44.7411546,41.7193219],[44.7411118,41.7193137],[44.7410695,41.7193062],[44.7410287,41.7192983],[44.7409892,41.7192909],[44.7409517,41.7192839],[44.7409175,41.7192774],[44.7408866,41.7192716],[44.7408591,41.7192665],[44.7408345,41.7192621],[44.7408038,41.7192563],[44.7407804,41.7192518],[44.7407545,41.7192469],[44.7407301,41.7192423],[44.740704,41.7192373],[44.7406806,41.7192329],[44.7406566,41.7192283],[44.7406298,41.7192231],[44.7406011,41.7192176],[44.7405757,41.7192128],[44.7405496,41.7192076],[44.7405225,41.7192024],[44.7404931,41.7191968],[44.7404695,41.7191923],[44.7404451,41.7191875],[44.7404204,41.7191827],[44.7403955,41.7191779],[44.7403702,41.7191731],[44.7403439,41.7191678],[44.7403164,41.7191618],[44.7402866,41.7191561],[44.7402554,41.7191496],[44.7402229,41.7191427],[44.7401896,41.7191363],[44.7401565,41.7191296],[44.7401236,41.7191226],[44.7400906,41.7191161],[44.7400578,41.7191094],[44.7400251,41.7191029],[44.7399926,41.7190963],[44.7399604,41.7190894],[44.7399275,41.7190826],[44.7398944,41.7190752],[44.7398594,41.7190678],[44.7398345,41.7190623],[44.7398085,41.7190572],[44.7397813,41.7190516],[44.739753,41.7190455],[44.7397232,41.7190395],[44.7396933,41.7190331],[44.7396625,41.7190268],[44.7396318,41.7190203],[44.7396011,41.7190137],[44.7395707,41.719008],[44.7395423,41.7190019],[44.7395155,41.7189954],[44.7394892,41.7189904],[44.7394649,41.7189844],[44.7394409,41.7189792],[44.7394176,41.7189745],[44.7393945,41.7189693],[44.7393601,41.7189621],[44.7393369,41.7189571],[44.739302,41.7189494],[44.7392782,41.7189443],[44.7392543,41.7189394],[44.7392297,41.7189342],[44.7392049,41.7189289],[44.7391798,41.7189234],[44.7391541,41.7189184],[44.7391281,41.7189132],[44.7391019,41.7189081],[44.7390758,41.7189028],[44.7390497,41.7188976],[44.7390236,41.7188923],[44.7389974,41.718887],[44.7389708,41.7188815],[44.7389437,41.718876],[44.7389161,41.7188703],[44.7388878,41.7188645],[44.7388584,41.7188585],[44.7388277,41.7188521],[44.7387955,41.7188456],[44.7387622,41.7188387],[44.7387278,41.7188315],[44.7386922,41.7188242],[44.7386554,41.7188167],[44.7386178,41.718809],[44.7385797,41.718801],[44.7385413,41.7187931],[44.7385027,41.7187851],[44.7384641,41.718777],[44.7384257,41.718769],[44.7383876,41.7187611],[44.7383503,41.7187533],[44.7383136,41.7187455],[44.7382778,41.7187378],[44.7382427,41.7187303],[44.7382083,41.7187229],[44.7381743,41.7187155],[44.7381407,41.7187081],[44.7381074,41.7187009],[44.7380741,41.7186937],[44.7380407,41.7186866],[44.7380073,41.7186796],[44.7379738,41.7186726],[44.7379403,41.7186657],[44.7379067,41.7186588],[44.7378736,41.718652],[44.7378412,41.7186454],[44.7378099,41.7186388],[44.7377794,41.7186325],[44.7377502,41.7186263],[44.7377224,41.7186204],[44.7376958,41.7186148],[44.7376707,41.7186092],[44.7376466,41.7186041],[44.7376131,41.7185968],[44.7375819,41.7185899],[44.7375512,41.7185833],[44.7375195,41.7185767],[44.7374862,41.7185699],[44.7374524,41.7185629],[44.7374191,41.7185561],[44.7373872,41.7185497],[44.7373571,41.7185437],[44.7373295,41.7185381],[44.7373038,41.718533],[44.737278,41.7185279],[44.7372511,41.7185224],[44.7372226,41.7185162],[44.737192,41.7185094],[44.7371591,41.7185018],[44.7371361,41.7184964],[44.7371123,41.7184907],[44.7370877,41.7184846],[44.7370627,41.7184782],[44.7370378,41.7184718],[44.7370141,41.7184656],[44.7369801,41.7184567],[44.7369572,41.7184507],[44.7369337,41.7184444],[44.7369094,41.718438],[44.7368845,41.7184313],[44.7368588,41.7184245],[44.7368324,41.7184176],[44.7368052,41.7184106],[44.7367773,41.7184035],[44.7367488,41.7183963],[44.7367196,41.718389],[44.73669,41.7183818],[44.7366598,41.7183745],[44.7366286,41.7183673],[44.7365963,41.7183603],[44.7365629,41.7183535],[44.7365283,41.7183468],[44.7364923,41.7183403],[44.7364551,41.7183338],[44.7364168,41.7183274],[44.7363773,41.7183212],[44.7363367,41.718315],[44.7362951,41.7183088],[44.7362527,41.718303],[44.7362097,41.7182973],[44.7361658,41.7182918],[44.7361215,41.7182865],[44.7360766,41.7182817],[44.7360313,41.718277],[44.7359855,41.7182728],[44.7359393,41.7182688],[44.7358926,41.7182652],[44.7358456,41.7182618],[44.7357981,41.7182588],[44.7357503,41.7182558],[44.7357261,41.7182543],[44.7357019,41.7182528],[44.7356776,41.7182512],[44.7356532,41.7182495],[44.7356288,41.7182477],[44.7356042,41.718246],[44.7355795,41.718244],[44.7355547,41.718242],[44.7355299,41.7182399],[44.7355048,41.7182378],[44.7354795,41.7182355],[44.7354542,41.7182332],[44.7354287,41.7182309],[44.735403,41.7182284],[44.735377,41.718226],[44.7353509,41.7182235],[44.7353247,41.718221],[44.7352984,41.7182184],[44.7352718,41.7182159],[44.7352452,41.7182135],[44.7352183,41.7182109],[44.7351912,41.7182086],[44.7351641,41.7182061],[44.7351367,41.7182037],[44.7351091,41.7182014],[44.7350813,41.7181991],[44.7350534,41.7181967],[44.7350256,41.7181944],[44.7349972,41.718192],[44.7349689,41.7181897],[44.7349404,41.7181875],[44.7349118,41.7181851],[44.7348831,41.7181828],[44.7348543,41.7181804],[44.7348253,41.7181781],[44.7347962,41.7181756],[44.7347671,41.7181733],[44.7347378,41.7181709],[44.7347084,41.7181683],[44.7346789,41.7181658],[44.7346493,41.7181632],[44.7346195,41.7181606],[44.7345898,41.718158],[44.73456,41.7181554],[44.7345301,41.7181528],[44.7345001,41.7181502],[44.7344701,41.7181475],[44.73444,41.718145],[44.7344099,41.7181425],[44.7343798,41.71814],[44.7343497,41.7181376],[44.7343195,41.7181351],[44.7342893,41.7181326],[44.7342592,41.7181303],[44.7342291,41.7181279],[44.734199,41.7181255],[44.7341689,41.7181231],[44.734139,41.7181208],[44.734109,41.7181184],[44.734079,41.718116],[44.734049,41.7181136],[44.734019,41.7181113],[44.7339891,41.7181089],[44.7339594,41.7181067],[44.7339295,41.7181043],[44.7338996,41.7181021],[44.7338698,41.7180997],[44.73384,41.7180974],[44.7338103,41.7180951],[44.7337805,41.7180929],[44.7337509,41.7180906],[44.7337212,41.7180882],[44.7336917,41.718086],[44.7336621,41.7180837],[44.7336326,41.7180814],[44.7336032,41.7180791],[44.7335738,41.7180768],[44.7335446,41.7180744],[44.7335152,41.7180721],[44.7334861,41.7180697],[44.7334568,41.7180673],[44.7334278,41.718065],[44.7333988,41.7180626],[44.7333699,41.7180603],[44.733341,41.7180578],[44.7333123,41.7180554],[44.7332835,41.7180531],[44.7332549,41.7180508],[44.7332264,41.7180484],[44.733198,41.718046],[44.7331696,41.7180437],[44.7331414,41.7180413],[44.7331133,41.718039],[44.7330853,41.7180368],[44.7330575,41.7180346],[44.7330299,41.7180322],[44.7330023,41.7180299],[44.7329751,41.7180276],[44.7329479,41.7180253],[44.7329212,41.7180231],[44.7328951,41.718021],[44.7328697,41.7180188],[44.7328447,41.7180168],[44.7328203,41.7180146],[44.7327732,41.7180106],[44.732728,41.718007],[44.7326848,41.7180033],[44.7326427,41.7179998],[44.7326011,41.7179962],[44.7325595,41.7179927],[44.7325178,41.7179892],[44.7324758,41.7179857],[44.7324335,41.7179824],[44.7323909,41.7179789],[44.732348,41.7179755],[44.7323047,41.7179721],[44.7322615,41.7179687],[44.7322185,41.7179653],[44.7321756,41.717962],[44.7321332,41.7179585],[44.7320913,41.7179551],[44.7320498,41.7179517],[44.7320089,41.7179483],[44.7319689,41.717945],[44.7319308,41.7179418],[44.7318948,41.7179387],[44.7318613,41.7179357],[44.7318299,41.7179331],[44.7318007,41.7179306],[44.7317732,41.7179283],[44.7317474,41.717926],[44.7317224,41.7179238],[44.7316981,41.717922],[44.731663,41.7179188],[44.731628,41.7179157],[44.7315918,41.7179127],[44.7315667,41.7179106],[44.7315407,41.7179082],[44.7315137,41.7179058],[44.7314856,41.7179029],[44.7314563,41.7179003],[44.7314261,41.7178974],[44.7313949,41.7178944],[44.7313627,41.7178913],[44.7313294,41.7178879],[44.7312953,41.7178846],[44.73126,41.7178809],[44.7312238,41.7178772],[44.7311868,41.7178732],[44.7311488,41.7178688],[44.7311098,41.7178639],[44.73107,41.7178585],[44.7310294,41.7178525],[44.7309881,41.717846],[44.7309461,41.7178389],[44.7309035,41.7178312],[44.7308606,41.7178232],[44.7308172,41.717815],[44.7307735,41.7178065],[44.7307296,41.7177983],[44.7306853,41.7177903],[44.7306406,41.7177828],[44.7305957,41.717776],[44.7305506,41.7177695],[44.7305052,41.7177634],[44.7304598,41.7177573],[44.7304141,41.7177514],[44.7303682,41.7177456],[44.7303219,41.7177402],[44.7302755,41.717735],[44.7302287,41.7177302],[44.7301814,41.7177255],[44.7301337,41.7177212],[44.7301097,41.7177191],[44.7300855,41.717717],[44.7300614,41.717715],[44.7300372,41.7177129],[44.7300128,41.717711],[44.7299883,41.7177092],[44.7299638,41.7177074],[44.7299391,41.7177056],[44.7299144,41.7177039],[44.7298895,41.7177021],[44.7298646,41.7177003],[44.7298395,41.7176986],[44.7298145,41.7176969],[44.7297894,41.7176951],[44.7297642,41.7176933],[44.7297389,41.7176917],[44.7297137,41.71769],[44.7296883,41.7176884],[44.729663,41.7176869],[44.7296377,41.7176855],[44.7296123,41.7176842],[44.729587,41.7176828],[44.7295616,41.7176815],[44.7295362,41.7176802],[44.7295109,41.7176791],[44.7294855,41.717678],[44.7294601,41.7176769],[44.7294347,41.7176759],[44.7294093,41.7176749],[44.7293839,41.7176741],[44.7293586,41.7176732],[44.7293332,41.7176723],[44.7293078,41.7176715],[44.7292824,41.7176707],[44.7292571,41.7176699],[44.7292317,41.7176691],[44.7292062,41.7176683],[44.7291808,41.7176675],[44.7291554,41.7176667],[44.7291301,41.7176659],[44.7291047,41.7176652],[44.7290794,41.7176644],[44.7290541,41.7176637],[44.7290289,41.7176629],[44.7290038,41.7176622],[44.7289786,41.7176616],[44.7289537,41.7176608],[44.7289288,41.7176601],[44.7289039,41.7176594],[44.7288791,41.7176586],[44.7288545,41.7176579],[44.72883,41.7176572],[44.7288055,41.7176565],[44.7287813,41.7176557],[44.728757,41.717655],[44.7287329,41.7176542],[44.7287088,41.7176535],[44.7286609,41.717652],[44.7286136,41.7176505],[44.7285669,41.717649],[44.7285207,41.7176475],[44.7284753,41.717646],[44.7284309,41.7176445],[44.7283872,41.7176429],[44.7283445,41.7176413],[44.7283028,41.7176397],[44.728262,41.7176381],[44.7282219,41.7176366],[44.7281824,41.7176351],[44.7281435,41.7176335],[44.7281051,41.7176322],[44.728067,41.7176309],[44.7280295,41.7176296],[44.7279923,41.7176284],[44.7279557,41.7176272],[44.7279203,41.717626],[44.7278863,41.7176249],[44.7278536,41.7176239],[44.7278223,41.717623],[44.7277918,41.717622],[44.7277618,41.7176209],[44.7277321,41.71762],[44.727702,41.7176189],[44.7276714,41.7176179],[44.7276403,41.7176167],[44.7276086,41.7176159],[44.7275761,41.7176147],[44.727543,41.7176136],[44.7275088,41.7176126],[44.7274736,41.7176115],[44.7274369,41.7176104],[44.7273989,41.7176092],[44.7273595,41.7176081],[44.7273192,41.7176068],[44.7272779,41.7176056],[44.727236,41.7176042],[44.7271934,41.7176027],[44.7271502,41.7176013],[44.7271066,41.7175997],[44.7270631,41.7175981],[44.7270194,41.7175961],[44.7269757,41.7175943],[44.7269322,41.7175923],[44.7268887,41.7175903],[44.7268453,41.7175884],[44.726802,41.7175864],[44.7267587,41.7175845],[44.7267156,41.7175829],[44.7266726,41.7175814],[44.72663,41.71758],[44.7265875,41.7175784],[44.7265453,41.7175771],[44.7265034,41.7175756],[44.7264616,41.7175741],[44.7264201,41.7175726],[44.7263788,41.7175711],[44.7263377,41.7175697],[44.7262971,41.7175682],[44.7262566,41.7175666],[44.7262166,41.717565],[44.7261769,41.7175634],[44.7261377,41.7175619],[44.7260986,41.7175604],[44.7260599,41.7175586],[44.7260214,41.7175571],[44.7259832,41.7175556],[44.7259451,41.7175539],[44.7259071,41.7175524],[44.7258694,41.7175508],[44.7258318,41.7175493],[44.7257944,41.7175475],[44.7257568,41.7175458],[44.7257192,41.717544],[44.7256815,41.717542],[44.7256439,41.7175402],[44.7256062,41.7175382],[44.7255682,41.717536],[44.7255297,41.7175338],[44.7254907,41.7175316],[44.7254512,41.7175293],[44.7254113,41.7175268],[44.7253707,41.7175244],[44.7253297,41.717522],[44.7252882,41.7175196],[44.7252462,41.7175172],[44.7252037,41.7175149],[44.7251607,41.7175126],[44.7251174,41.7175104],[44.7250741,41.7175081],[44.7250316,41.717506],[44.7249905,41.717504],[44.7249504,41.7175022],[44.7249118,41.7175006],[44.7248742,41.717499],[44.7248378,41.7174976],[44.7248021,41.7174964],[44.724767,41.7174952],[44.7247322,41.7174942],[44.724697,41.7174932],[44.7246612,41.7174923],[44.7246246,41.7174915],[44.7245873,41.7174908],[44.7245493,41.7174902],[44.7245107,41.7174895],[44.7244728,41.7174887],[44.724436,41.717488],[44.7244,41.7174875],[44.724365,41.7174867],[44.724331,41.7174861],[44.7242978,41.7174855],[44.7242655,41.7174848],[44.7242341,41.7174843],[44.7242035,41.7174837],[44.7241741,41.7174831],[44.7241468,41.7174826],[44.7241216,41.7174821],[44.724088,41.7174814],[44.724059,41.7174807],[44.724028,41.71748],[44.7240013,41.7174795],[44.7239768,41.7174791],[44.7239524,41.7174784],[44.7239246,41.717478],[44.7238981,41.7174775],[44.7238718,41.7174767],[44.7238406,41.7174759],[44.7238044,41.7174752],[44.7237776,41.7174749],[44.7237488,41.7174746],[44.7237181,41.717474],[44.7236863,41.7174734],[44.7236536,41.7174732],[44.7236206,41.7174726],[44.7235883,41.7174722],[44.7235569,41.717472],[44.7235263,41.7174715],[44.7234962,41.7174708],[44.7234669,41.71747],[44.7234386,41.7174692],[44.7234124,41.7174683],[44.7233799,41.717467],[44.7233516,41.7174658],[44.723324,41.7174647],[44.7232956,41.7174641],[44.7232708,41.7174668],[44.7232436,41.7174777],[44.7232273,41.7174942],[44.7232189,41.7175178],[44.7232174,41.717537],[44.7232178,41.7175583],[44.7232194,41.7175818],[44.7232208,41.7176073],[44.7232228,41.7176346],[44.723225,41.7176635],[44.7232281,41.7176937],[44.7232321,41.7177253],[44.7232362,41.7177582],[44.7232405,41.7177917],[44.7232446,41.7178245],[44.7232494,41.7178541],[44.7232558,41.717882],[44.7232587,41.7179098],[44.7232611,41.7179379],[44.7232635,41.7179666],[44.7232648,41.7179942],[44.7232657,41.7180191],[44.7232683,41.7180402],[44.7232806,41.7180665],[44.7232864,41.7180865],[44.7232898,41.7181079],[44.7233088,41.7181216],[44.7233342,41.7181173],[44.7233663,41.7181192],[44.7233888,41.7181277],[44.7234218,41.7181417],[44.7234524,41.7181536],[44.7234859,41.7181668],[44.7234885,41.7181887],[44.7235587,41.718275],[44.7235086,41.7183083],[44.7234658,41.7183554],[44.723486,41.7183947],[44.7233222,41.7188949],[44.7233231,41.718923],[44.7233276,41.7189498],[44.7233367,41.7189689],[44.7233468,41.7189929],[44.7233517,41.7190132],[44.7233578,41.7190335],[44.7233639,41.7190535],[44.7233696,41.7190725],[44.7234033,41.7191012],[44.7234051,41.7191197],[44.7234066,41.7191379],[44.7234091,41.7191732],[44.7234107,41.7192073],[44.7234111,41.7192404],[44.7234105,41.7192737],[44.7234098,41.7193068],[44.7234078,41.71934],[44.7234049,41.7193733],[44.7234014,41.7194073],[44.723397,41.7194422],[44.7233919,41.7194777],[44.7233893,41.7194958],[44.7233866,41.7195138],[44.7233838,41.719532],[44.7233808,41.7195503],[44.7233778,41.7195687],[44.7233748,41.7195872],[44.7233715,41.7196058],[44.7233681,41.7196244],[44.7233646,41.7196431],[44.7233608,41.7196619],[44.7233571,41.7196805],[44.7233536,41.7196993],[44.7233499,41.7197183],[44.7233459,41.7197371],[44.7233424,41.7197559],[44.7233385,41.7197744],[44.7233349,41.7197929],[44.7233313,41.7198111],[44.7233278,41.7198289],[44.723321,41.7198641],[44.723315,41.7198976],[44.7233095,41.7199298],[44.7233035,41.7199601],[44.7232984,41.7199888],[44.7232938,41.7200161],[44.7232902,41.7200419],[44.7232859,41.720066],[44.7232819,41.7200879],[44.7232786,41.7201083],[44.7232749,41.7201263],[44.7232709,41.7201506],[44.7232674,41.7201723],[44.723263,41.7201903],[44.7232604,41.7202099],[44.7232565,41.7202277],[44.7232684,41.720245],[44.7232656,41.720264],[44.7232621,41.7202828],[44.7232575,41.7203062],[44.723253,41.720332],[44.7232493,41.7203498],[44.7232453,41.7203677],[44.723241,41.7203859],[44.7232375,41.7204037],[44.7232337,41.720422],[44.7232291,41.7204417],[44.7232249,41.7204624],[44.7232209,41.7204842],[44.7232153,41.7205083],[44.7232099,41.7205329],[44.7232051,41.7205584],[44.7232,41.7205846],[44.7231948,41.7206114],[44.7231892,41.7206382],[44.7231842,41.7206655],[44.7231787,41.7206931],[44.7231737,41.7207206],[44.7231687,41.7207476],[44.7231638,41.7207739],[44.723159,41.7207992],[44.7231545,41.7208236],[44.7231501,41.7208477],[44.7231456,41.7208715],[44.7231412,41.7208952],[44.723137,41.7209186],[44.7231328,41.7209415],[44.7231288,41.7209636],[44.7231249,41.7209848],[44.7230963,41.7210104],[44.7230926,41.7210306],[44.7230889,41.7210506],[44.7230851,41.7210704],[44.7230814,41.7210901],[44.7230777,41.7211094],[44.7230742,41.7211281],[44.7230708,41.721146],[44.7230661,41.7211714],[44.7230618,41.7211954],[44.7230578,41.7212191],[44.7230535,41.7212431],[44.7230491,41.7212675],[44.7230445,41.7212921],[44.7230399,41.7213161],[44.7230356,41.7213384],[44.7230316,41.7213594],[44.7230281,41.7213787],[44.7230247,41.7213969],[44.7230204,41.7214203],[44.723017,41.7214387],[44.7230132,41.7214594],[44.7230089,41.7214826],[44.7230038,41.7215083],[44.7230003,41.721527],[44.7229965,41.7215466],[44.7230033,41.7215691],[44.7229995,41.7215902],[44.7229952,41.7216112],[44.7229914,41.7216326],[44.7229873,41.7216538],[44.7229833,41.7216748],[44.7229792,41.7216956],[44.7229754,41.721716],[44.722972,41.7217361],[44.7229685,41.7217557],[44.7229651,41.721775],[44.7229619,41.7217937],[44.7229588,41.7218119],[44.7229544,41.7218383],[44.7229501,41.7218636],[44.722946,41.7218876],[44.7229425,41.7219104],[44.7229389,41.7219321],[44.7229358,41.7219528],[44.7229326,41.7219725],[44.7229294,41.7219948],[44.7229267,41.7220147],[44.7229236,41.7220326],[44.7229179,41.7220523],[44.7229121,41.7220736],[44.7229085,41.722092],[44.7229045,41.7221123],[44.7229003,41.7221342],[44.7228975,41.7221521],[44.7228946,41.7221705],[44.7228917,41.722189],[44.7228884,41.7222077],[44.7228855,41.7222265],[44.7228827,41.7222455],[44.7228798,41.7222646],[44.7228771,41.722284],[44.7228742,41.7223033],[44.722872,41.7223214],[44.7228682,41.7223442],[44.7228645,41.722367],[44.7228603,41.7223901],[44.7228571,41.7224087],[44.7228531,41.7224286],[44.7228484,41.7224502],[44.7228445,41.7224737],[44.7228397,41.7224995],[44.7228355,41.7225254],[44.7228327,41.7225435],[44.7228295,41.7225617],[44.7228248,41.7225873],[44.7228195,41.7226118],[44.7228129,41.7226355],[44.722806,41.7226593],[44.7228017,41.7226831],[44.7227989,41.7227077],[44.7227954,41.7227314],[44.7227926,41.7227535],[44.7227885,41.7227746],[44.7227845,41.7227966],[44.722781,41.7228156],[44.7227769,41.7228364],[44.7227715,41.722856],[44.7227662,41.7228764],[44.7227603,41.7229015],[44.7227567,41.7229207],[44.7227535,41.7229421],[44.7227513,41.7229652],[44.7227499,41.7229903],[44.7227486,41.7230168],[44.7227473,41.7230453],[44.7227463,41.7230746],[44.722745,41.7231028],[44.7227434,41.723131],[44.7227412,41.7231588],[44.7227381,41.7231866],[44.7227351,41.7232147],[44.722731,41.7232426],[44.7227271,41.7232708],[44.7227222,41.7232989],[44.7227169,41.7233268],[44.7227111,41.7233547],[44.7227051,41.7233814],[44.7226983,41.7234071],[44.7226911,41.7234322],[44.7226842,41.7234567],[44.7226768,41.7234814],[44.7226694,41.7235063],[44.7226625,41.7235318],[44.7226557,41.7235575],[44.7226499,41.7235842],[44.7226442,41.7236113],[44.7226378,41.7236387],[44.7226324,41.7236663],[44.722627,41.7236933],[44.7226214,41.7237191],[44.7226167,41.7237444],[44.722613,41.7237696],[44.7226097,41.7237945],[44.7226057,41.7238178],[44.7226019,41.7238405],[44.7225986,41.7238625],[44.7225956,41.7238837],[44.7225923,41.723904],[44.7225895,41.7239229],[44.7225855,41.7239473],[44.7225817,41.7239697],[44.7225778,41.7239877],[44.7225738,41.7240057],[44.7225705,41.7240255],[44.7225669,41.7240441],[44.7225629,41.7240654],[44.7225584,41.7240904],[44.722555,41.7241089],[44.7225513,41.7241288],[44.7225476,41.7241496],[44.722544,41.7241707],[44.7225404,41.7241912],[44.7225371,41.7242107],[44.7225341,41.7242296],[44.722531,41.7242475],[44.7225268,41.724271],[44.7225237,41.7242901],[44.7225198,41.7243129],[44.7225159,41.724335],[44.7225127,41.7243541],[44.722509,41.7243762],[44.7225045,41.7244015],[44.7225015,41.7244199],[44.722498,41.7244393],[44.7224946,41.7244597],[44.722491,41.7244801],[44.7224877,41.7244999],[44.7224845,41.7245189],[44.7224815,41.724537],[44.7224775,41.7245623],[44.7224742,41.7245836],[44.7224711,41.724603],[44.7224681,41.7246215],[44.7224648,41.724641],[44.7224611,41.7246633],[44.7224566,41.7246886],[44.7224535,41.7247069],[44.7224503,41.7247265],[44.7224468,41.7247473],[44.7224432,41.724769],[44.7224396,41.7247916],[44.7224357,41.7248149],[44.7224319,41.7248382],[44.7224282,41.7248606],[44.7224244,41.724882],[44.7224208,41.7249026],[44.7224176,41.7249213],[44.7224138,41.7249449],[44.7224107,41.7249635],[44.7224071,41.7249856],[44.7224034,41.7250079],[44.7224002,41.7250275],[44.7223961,41.725051],[44.722393,41.7250689],[44.7223897,41.7250885],[44.7223861,41.7251095],[44.7223814,41.7251327],[44.7223768,41.725157],[44.7223726,41.7251823],[44.7223671,41.7252091],[44.7223618,41.7252366],[44.7223567,41.7252645],[44.7223513,41.7252933],[44.7223452,41.7253228],[44.7223391,41.7253534],[44.7223339,41.7253838],[44.7223281,41.7254141],[44.7223227,41.7254454],[44.7223163,41.7254772],[44.7223104,41.7255079],[44.7223059,41.7255382],[44.7223004,41.7255693],[44.7222951,41.7255986],[44.7222908,41.7256271],[44.7222895,41.7256544],[44.7222877,41.7256799],[44.7222861,41.725703],[44.7222854,41.7257236],[44.7222846,41.7257418],[44.7222831,41.7257652],[44.7222822,41.7257837],[44.722282,41.7258049],[44.7222845,41.7258233],[44.7222918,41.7258414],[44.7223075,41.7258562],[44.7223291,41.7258669],[44.7223598,41.7258769],[44.7223854,41.7258832],[44.722415,41.7258894],[44.7224485,41.7258955],[44.7224858,41.7259014],[44.7225265,41.7259072],[44.72257,41.7259127],[44.722616,41.7259183],[44.7226398,41.7259212],[44.7226638,41.7259237],[44.7226878,41.7259265],[44.7227118,41.7259291],[44.7227358,41.7259315],[44.7227598,41.725934],[44.7227837,41.7259367],[44.7228076,41.7259393],[44.7228317,41.7259417],[44.7228557,41.7259441],[44.7228796,41.7259465],[44.7229035,41.7259491],[44.7229514,41.7259536],[44.7229991,41.7259576],[44.7230468,41.7259616],[44.7230943,41.7259649],[44.7231415,41.7259689],[44.7231886,41.7259726],[44.7232355,41.7259764],[44.7232822,41.7259803],[44.7233285,41.7259847],[44.7233749,41.7259891],[44.7234211,41.7259937],[44.7234672,41.7259986],[44.7235133,41.7260034],[44.7235594,41.7260084],[44.7236055,41.7260134],[44.7236514,41.7260181],[44.7236976,41.7260223],[44.723744,41.7260262],[44.7237905,41.7260297],[44.7238372,41.7260333],[44.7238838,41.7260366],[44.7239305,41.7260399],[44.7239772,41.7260432],[44.7240232,41.7260461],[44.7240681,41.7260485],[44.7241108,41.7260506],[44.7241516,41.7260526],[44.72419,41.7260543],[44.7242263,41.7260562],[44.7242601,41.7260584],[44.7242914,41.7260604],[44.7243198,41.7260626],[44.7243443,41.7260644],[44.7243741,41.7260669],[44.7244007,41.7260699],[44.7244251,41.7260723],[44.7244499,41.7260751],[44.7244772,41.7260783],[44.7245031,41.7260814],[44.7245342,41.7260851],[44.7245635,41.7260885],[44.7245978,41.7260924],[44.7246233,41.7260953],[44.724651,41.7260983],[44.7246805,41.7261013],[44.7247122,41.7261044],[44.7247455,41.7261083],[44.7247806,41.7261119],[44.7248174,41.7261157],[44.7248554,41.7261194],[44.7248937,41.7261232],[44.7249326,41.7261273],[44.7249715,41.7261312],[44.7250102,41.7261351],[44.7250493,41.7261394],[44.7250895,41.7261437],[44.725131,41.7261481],[44.7251734,41.7261528],[44.7252169,41.726158],[44.7252614,41.7261634],[44.7253065,41.7261696],[44.7253522,41.726176],[44.7253985,41.7261821],[44.7254455,41.7261884],[44.725492,41.726195],[44.7255382,41.7262015],[44.7255843,41.7262078],[44.72563,41.7262142],[44.7256756,41.7262203],[44.725721,41.7262259],[44.7257664,41.7262308],[44.725812,41.726235],[44.725858,41.7262397],[44.7259047,41.726244],[44.7259518,41.7262482],[44.7259993,41.7262521],[44.7260471,41.7262563],[44.7260952,41.7262605],[44.7261193,41.7262626],[44.7261435,41.726265],[44.7261677,41.7262671],[44.7261922,41.7262692],[44.7262166,41.7262714],[44.7262411,41.7262735],[44.7262653,41.7262759],[44.7262897,41.7262779],[44.726314,41.7262799],[44.7263382,41.726282],[44.7263625,41.7262839],[44.7263868,41.7262854],[44.7264112,41.7262866],[44.7264355,41.7262879],[44.7264596,41.7262896],[44.7264838,41.7262912],[44.7265079,41.7262932],[44.7265321,41.7262953],[44.7265561,41.7262981],[44.7265803,41.7263009],[44.7266044,41.7263038],[44.7266288,41.7263069],[44.7266532,41.7263102],[44.7266778,41.7263133],[44.7267024,41.7263166],[44.7267272,41.7263198],[44.7267517,41.7263231],[44.7267764,41.7263261],[44.7268011,41.7263292],[44.7268258,41.7263322],[44.7268507,41.7263351],[44.7268756,41.726338],[44.7269007,41.726341],[44.7269261,41.7263438],[44.7269517,41.7263467],[44.7269777,41.7263495],[44.7270038,41.7263524],[44.7270302,41.7263551],[44.7270567,41.7263579],[44.7270836,41.7263607],[44.7271107,41.7263634],[44.727138,41.7263662],[44.7271654,41.7263689],[44.7271929,41.7263717],[44.7272205,41.7263747],[44.7272484,41.7263777],[44.7272763,41.7263807],[44.7273043,41.7263836],[44.7273324,41.7263868],[44.7273607,41.7263898],[44.7273892,41.7263928],[44.7274177,41.7263959],[44.7274461,41.726399],[44.7274746,41.7264021],[44.727503,41.7264051],[44.7275309,41.7264081],[44.7275582,41.726411],[44.7275851,41.7264138],[44.7276112,41.7264166],[44.7276366,41.7264192],[44.7276613,41.7264217],[44.7276854,41.7264242],[44.7277323,41.7264289],[44.7277769,41.7264332],[44.7278193,41.7264374],[44.7278595,41.7264412],[44.7278972,41.7264449],[44.7279322,41.7264484],[44.7279645,41.7264517],[44.7279935,41.7264546],[44.7280195,41.7264573],[44.7280525,41.7264607],[44.7280779,41.7264631],[44.7281042,41.7264658],[44.7281305,41.7264684],[44.7281566,41.726471],[44.7281822,41.7264736],[44.7282097,41.7264763],[44.7282348,41.7264788],[44.7282623,41.7264814],[44.728292,41.726484],[44.7283241,41.7264867],[44.7283494,41.7264888],[44.7283757,41.7264907],[44.7284029,41.7264927],[44.7284289,41.7264945],[44.7284598,41.7264965],[44.7284891,41.7264984],[44.7285185,41.7265003],[44.7285493,41.7265022],[44.7285734,41.726504],[44.7285982,41.7265059],[44.7286237,41.726508],[44.7286499,41.7265104],[44.7286768,41.7265129],[44.7287043,41.7265154],[44.7287324,41.7265181],[44.7287586,41.7265207],[44.7287888,41.7265235],[44.7288157,41.7265261],[44.7288441,41.7265289],[44.7288738,41.726532],[44.7289045,41.7265352],[44.7289359,41.7265385],[44.7289665,41.7265419],[44.7289959,41.7265451],[44.7290256,41.7265482],[44.7290562,41.7265514],[44.7290873,41.7265548],[44.7291188,41.7265583],[44.7291427,41.7265608],[44.729174,41.7265641],[44.7292009,41.7265667],[44.72923,41.7265694],[44.72926,41.726572],[44.7292845,41.7265743],[44.7293093,41.7265767],[44.7293342,41.7265791],[44.7293621,41.7265818],[44.7293886,41.7265842],[44.7294178,41.7265865],[44.7294444,41.7265888],[44.7294753,41.7265917],[44.7295096,41.7265954],[44.7295345,41.726598],[44.7295612,41.7266011],[44.7295897,41.7266044],[44.7296201,41.7266076],[44.7296526,41.726611],[44.7296872,41.7266146],[44.7297238,41.7266184],[44.729762,41.7266227],[44.7298021,41.7266273],[44.729843,41.7266322],[44.7298834,41.7266374],[44.729923,41.7266428],[44.7299619,41.7266484],[44.7299999,41.7266542],[44.7300373,41.7266601],[44.730074,41.7266659],[44.7301103,41.7266713],[44.730146,41.7266762],[44.7301813,41.7266805],[44.730216,41.7266848],[44.7302504,41.7266881],[44.7302841,41.7266919],[44.7303169,41.7266969],[44.7303499,41.7266984],[44.7303817,41.7267022],[44.7304132,41.7267057],[44.7304446,41.7267085],[44.7304743,41.7267114],[44.730502,41.7267139],[44.7305273,41.7267163],[44.7305593,41.7267191],[44.7305852,41.7267211],[44.7306112,41.7267231],[44.7306415,41.7267254],[44.7306751,41.7267279],[44.7307086,41.7267306],[44.7307414,41.726733],[44.730771,41.7267352],[44.7308003,41.726738],[44.7308259,41.7267405],[44.7308539,41.7267432],[44.7308826,41.7267461],[44.7309111,41.7267488],[44.7309412,41.7267524],[44.730971,41.7267554],[44.7310002,41.7267588],[44.7310292,41.7267618],[44.7310556,41.7267641],[44.7310825,41.7267669],[44.7311086,41.7267692],[44.7311333,41.7267716],[44.7311594,41.7267739],[44.7311859,41.7267762],[44.7312125,41.7267784],[44.7312386,41.7267806],[44.731265,41.7267831],[44.7312897,41.7267857],[44.7313177,41.726788],[44.7313422,41.7267905],[44.7313676,41.7267926],[44.7313935,41.7267952],[44.7314198,41.7267982],[44.731444,41.7267996],[44.7314695,41.7268017],[44.7314987,41.7268042],[44.7315281,41.7268068],[44.7315635,41.7268088],[44.7315889,41.7268111],[44.7316155,41.7268129],[44.7316438,41.7268153],[44.7316734,41.726818],[44.7317036,41.7268202],[44.7317327,41.7268228],[44.7317596,41.7268258],[44.7317944,41.7268292],[44.731826,41.726832],[44.7318567,41.7268348],[44.7318867,41.7268373],[44.7319158,41.72684],[44.7319438,41.7268424],[44.7319682,41.7268447],[44.7319946,41.7268469],[44.7320191,41.7268493],[44.7320437,41.7268516],[44.7320731,41.7268544],[44.7321,41.7268572],[44.7321263,41.7268616],[44.7321487,41.7268698],[44.7321727,41.726885],[44.7321885,41.7269027],[44.7322002,41.7269252],[44.7322065,41.7269506],[44.7322072,41.726969],[44.7322058,41.7269879],[44.7322017,41.727008],[44.7321952,41.727029],[44.7321873,41.7270511],[44.7321771,41.7270739],[44.7321656,41.7270972],[44.7321541,41.7271206],[44.7321421,41.7271441],[44.7321303,41.7271679],[44.7321197,41.7271921],[44.7321095,41.7272166],[44.7321004,41.7272414],[44.7320912,41.7272662],[44.732082,41.7272912],[44.7320731,41.7273161],[44.7320637,41.7273417],[44.7320543,41.727368],[44.7320446,41.7273951],[44.7320346,41.7274228],[44.7320244,41.7274502],[44.7320144,41.7274759],[44.7320052,41.7275003],[44.7319968,41.727523],[44.7319889,41.727544],[44.7319817,41.7275637],[44.7319754,41.7275828],[44.7319697,41.7276007],[44.7319641,41.7276183],[44.7319589,41.7276366],[44.7319543,41.7276551],[44.7319498,41.7276745],[44.731947,41.7276949],[44.7319454,41.727716],[44.7319466,41.7277385],[44.7319502,41.7277613],[44.7319558,41.7277853],[44.7319652,41.7278097],[44.7319778,41.727834],[44.7319927,41.7278579],[44.7320092,41.727882],[44.7320282,41.7279048],[44.7320509,41.7279257],[44.7320748,41.7279465],[44.7321006,41.7279657],[44.7321285,41.7279835],[44.7321573,41.7279994],[44.732184,41.7280134],[44.7322102,41.7280249],[44.7322333,41.7280337],[44.7322617,41.7280424],[44.732285,41.7280485],[44.732311,41.7280543],[44.7323373,41.7280595],[44.7323623,41.7280641],[44.7323875,41.7280686],[44.732413,41.7280731],[44.7324429,41.7280785],[44.7324682,41.7280821],[44.7324947,41.7280851],[44.7325221,41.7280882],[44.732553,41.7280911],[44.732587,41.7280952],[44.7326123,41.7280981],[44.7326388,41.7281018],[44.7326669,41.7281059],[44.7326967,41.7281105],[44.7327278,41.7281158],[44.7327597,41.7281216],[44.7327929,41.7281279],[44.7328266,41.7281345],[44.7328614,41.7281412],[44.7328971,41.7281486],[44.7329333,41.7281562],[44.7329703,41.7281643],[44.7330079,41.7281725],[44.7330464,41.728181],[44.7330853,41.7281896],[44.7331246,41.7281989],[44.7331646,41.7282087],[44.7332048,41.7282187],[44.7332454,41.7282293],[44.7332862,41.7282401],[44.733327,41.7282512],[44.733368,41.7282628],[44.7334094,41.728274],[44.7334508,41.7282855],[44.7334926,41.7282972],[44.7335344,41.7283087],[44.7335756,41.7283206],[44.7336169,41.7283323],[44.7336577,41.7283439],[44.7336982,41.7283559],[44.7337377,41.7283676],[44.7337767,41.7283796],[44.7338147,41.7283918],[44.7338524,41.7284036],[44.7338895,41.7284149],[44.7339261,41.7284259],[44.733962,41.728437],[44.7339976,41.7284478],[44.734033,41.7284585],[44.7340681,41.7284692],[44.7341037,41.7284798],[44.7341393,41.7284903],[44.7341755,41.7285006],[44.7342118,41.7285111],[44.7342485,41.7285219],[44.7342854,41.7285321],[44.7343231,41.7285424],[44.7343611,41.7285531],[44.7343996,41.7285633],[44.7344386,41.728574],[44.7344779,41.7285848],[44.7345175,41.7285954],[44.7345575,41.7286067],[44.734598,41.7286178],[44.7346387,41.7286294],[44.7346795,41.7286409],[44.7347209,41.7286523],[44.7347621,41.7286638],[44.7348035,41.7286753],[44.7348448,41.7286868],[44.7348862,41.7286986],[44.7349277,41.7287105],[44.7349696,41.7287221],[44.735011,41.7287342],[44.7350531,41.7287462],[44.7350951,41.7287582],[44.7351376,41.7287703],[44.7351802,41.7287825],[44.7352231,41.7287951],[44.735266,41.7288079],[44.735309,41.7288212],[44.735352,41.7288348],[44.7353948,41.7288489],[44.7354371,41.7288636],[44.7354791,41.7288788],[44.7355205,41.7288942],[44.7355612,41.7289101],[44.735601,41.7289265],[44.7356395,41.7289437],[44.735677,41.7289609],[44.7357138,41.7289784],[44.7357499,41.7289954],[44.7357852,41.7290133],[44.735819,41.7290319],[44.7358529,41.7290498],[44.7358862,41.7290676],[44.7359193,41.7290847],[44.7359529,41.7291011],[44.7359862,41.7291158],[44.7360195,41.7291299],[44.7360526,41.7291424],[44.7360841,41.7291541],[44.7361148,41.7291651],[44.7361449,41.7291752],[44.7361731,41.7291859],[44.7361995,41.729197],[44.7362247,41.729209],[44.7362474,41.7292223],[44.7362671,41.7292372],[44.7362839,41.7292538],[44.7362966,41.729271],[44.7363065,41.7292894],[44.7363129,41.7293081],[44.7363161,41.7293269],[44.7363181,41.7293452],[44.7363155,41.7293633],[44.7363124,41.7293816],[44.7363069,41.7293999],[44.7363005,41.7294178],[44.7362928,41.7294366],[44.7362848,41.7294558],[44.7362754,41.7294763],[44.7362661,41.729497],[44.736255,41.7295197],[44.7362453,41.7295429],[44.7362366,41.7295674],[44.7362301,41.7295933],[44.7362249,41.7296205],[44.7362234,41.7296489],[44.7362229,41.7296773],[44.7362261,41.7297053],[44.7362304,41.7297326],[44.7362355,41.7297591],[44.7362421,41.7297839],[44.7362487,41.7298075],[44.7362529,41.7298323],[44.7362577,41.7298559],[44.7362636,41.7298784],[44.7362668,41.7299006],[44.7362667,41.7299235],[44.7362636,41.7299463],[44.736258,41.7299693],[44.7362495,41.7299918],[44.7362383,41.7300149],[44.7362241,41.7300361],[44.7362073,41.7300567],[44.7361875,41.730076],[44.736165,41.7300938],[44.7361393,41.7301098],[44.7361112,41.7301236],[44.7360805,41.7301355],[44.7360477,41.730145],[44.7360131,41.7301518],[44.7359772,41.7301563],[44.7359401,41.7301596],[44.7359024,41.7301632],[44.7358643,41.7301675],[44.7358256,41.7301722],[44.735787,41.7301774],[44.7357491,41.7301835],[44.7357115,41.7301912],[44.7356748,41.7301994],[44.7356385,41.7302085],[44.735603,41.7302183],[44.7355675,41.730228],[44.7355327,41.7302383],[44.7354987,41.730248],[44.7354654,41.7302577],[44.7354329,41.7302673],[44.7354014,41.7302759],[44.7353722,41.7302837],[44.7353447,41.7302907],[44.735319,41.730297],[44.7352955,41.7303025],[44.7352635,41.7303097],[44.7352346,41.730316],[44.7352092,41.7303217],[44.7351834,41.7303276],[44.7351549,41.7303334],[44.7351223,41.7303408],[44.7350986,41.730346],[44.735073,41.7303514],[44.7350456,41.7303571],[44.7350165,41.7303631],[44.7349854,41.7303695],[44.7349534,41.7303768],[44.7349199,41.7303853],[44.7348857,41.730395],[44.7348501,41.7304055],[44.7348139,41.7304167],[44.7347774,41.7304284],[44.7347405,41.7304412],[44.7347031,41.7304538],[44.7346652,41.7304668],[44.7346272,41.73048],[44.7345887,41.7304936],[44.7345499,41.7305072],[44.7345112,41.7305213],[44.7344726,41.7305353],[44.7344336,41.7305492],[44.7343947,41.730563],[44.7343557,41.7305762],[44.7343164,41.7305885],[44.7342771,41.7306001],[44.7342379,41.7306106],[44.7341991,41.73062],[44.734161,41.7306283],[44.7341244,41.7306352],[44.7340902,41.7306407],[44.7340584,41.7306451],[44.7340293,41.7306484],[44.7340018,41.7306507],[44.7339767,41.7306527],[44.7339431,41.7306561],[44.7339145,41.7306613],[44.7338902,41.7306681],[44.7338646,41.7306814],[44.7338478,41.7306988],[44.7338412,41.7307211],[44.7338414,41.7307399],[44.7338448,41.7307603],[44.7338512,41.7307828],[44.7338586,41.7308073],[44.7338637,41.7308249],[44.7338688,41.7308434],[44.733874,41.7308628],[44.7338793,41.7308826],[44.7338844,41.7309031],[44.7338892,41.7309238],[44.7338939,41.7309452],[44.7338984,41.7309672],[44.7339034,41.730989],[44.7339085,41.7310112],[44.7339136,41.7310333],[44.7339192,41.7310552],[44.7339246,41.7310769],[44.7339297,41.7310987],[44.7339347,41.7311208],[44.73394,41.7311426],[44.7339453,41.7311649],[44.7339512,41.731187],[44.7339581,41.7312092],[44.7339659,41.7312317],[44.7339746,41.7312544],[44.7339845,41.7312768],[44.7339953,41.731299],[44.7340071,41.7313209],[44.7340195,41.7313419],[44.7340325,41.7313616],[44.7340459,41.7313798],[44.7340598,41.731397],[44.7340739,41.7314131],[44.7340892,41.7314278],[44.7341104,41.731449],[44.7341319,41.73147],[44.7341538,41.7314914],[44.7341701,41.7315065],[44.7341867,41.7315218],[44.7342041,41.7315379],[44.7342231,41.7315549],[44.734243,41.7315726],[44.7342641,41.7315906],[44.7342864,41.7316088],[44.7343099,41.7316273],[44.7343346,41.7316456],[44.7343607,41.7316638],[44.7343882,41.7316819],[44.7344165,41.7316996],[44.7344464,41.7317171],[44.7344771,41.7317347],[44.7345088,41.7317521],[44.7345414,41.7317693],[44.7345748,41.7317867],[44.7346085,41.731804],[44.7346431,41.7318208],[44.7346781,41.7318373],[44.7347131,41.7318535],[44.7347479,41.7318698],[44.7347821,41.7318858],[44.7348153,41.7319017],[44.7348468,41.7319172],[44.7348759,41.731932],[44.7349024,41.7319459],[44.7349272,41.731959],[44.7349506,41.7319719],[44.7349731,41.7319843],[44.7349943,41.7319962],[44.7350148,41.7320083],[44.7350359,41.7320209],[44.7350582,41.7320337],[44.7350825,41.7320473],[44.7351088,41.7320616],[44.7351375,41.7320759],[44.7351683,41.7320899],[44.7352,41.7321032],[44.7352318,41.7321159],[44.7352641,41.7321278],[44.7352971,41.7321387],[44.7353304,41.7321485],[44.735364,41.7321575],[44.7353977,41.7321661],[44.7354316,41.7321744],[44.7354657,41.7321822],[44.7354999,41.73219],[44.735534,41.7321978],[44.7355679,41.7322054],[44.7356018,41.7322128],[44.7356356,41.7322201],[44.7356691,41.7322271],[44.7357024,41.732234],[44.7357353,41.7322408],[44.7357671,41.7322473],[44.7357974,41.7322536],[44.735826,41.7322591],[44.7358516,41.7322641],[44.7358831,41.7322704],[44.7359124,41.7322763],[44.7359357,41.7322813],[44.7359594,41.7322865],[44.735983,41.7322919],[44.736008,41.7322977],[44.7360324,41.732303],[44.7360558,41.7323079],[44.736082,41.7323135],[44.7361056,41.7323184],[44.7361312,41.7323236],[44.7361575,41.7323288],[44.7361852,41.7323343],[44.7362121,41.7323395],[44.7362415,41.7323449],[44.7362655,41.7323491],[44.7362902,41.7323535],[44.7363154,41.7323578],[44.7363407,41.732362],[44.7363689,41.7323668],[44.7363939,41.732371],[44.7364185,41.732375],[44.7364456,41.7323794],[44.7364708,41.7323841],[44.7364979,41.732389],[44.7365233,41.7323935],[44.7365475,41.7323978],[44.7365728,41.7324022],[44.736599,41.7324071],[44.7366268,41.7324124],[44.7366506,41.7324168],[44.736677,41.7324213],[44.7367058,41.7324266],[44.7367371,41.7324325],[44.7367706,41.7324386],[44.7367941,41.7324431],[44.7368186,41.7324476],[44.7368439,41.7324528],[44.7368701,41.7324579],[44.7368971,41.7324631],[44.7369248,41.7324688],[44.7369532,41.7324747],[44.7369822,41.7324804],[44.7370121,41.7324861],[44.7370426,41.7324913],[44.7370738,41.7324964],[44.7371057,41.7325016],[44.737138,41.7325065],[44.7371706,41.7325116],[44.737203,41.7325164],[44.7372352,41.7325214],[44.7372674,41.7325264],[44.7372992,41.7325315],[44.7373307,41.7325365],[44.7373619,41.7325417],[44.7373928,41.7325469],[44.7374234,41.7325522],[44.7374539,41.7325573],[44.7374844,41.7325624],[44.7375148,41.7325674],[44.7375447,41.7325723],[44.7375741,41.7325771],[44.7376017,41.7325816],[44.7376272,41.7325856],[44.7376613,41.732591],[44.7376905,41.7325955],[44.7377201,41.7326001],[44.7377448,41.7326039],[44.7377693,41.7326078],[44.7377933,41.7326116],[44.7378194,41.7326156],[44.7378497,41.7326204],[44.7378744,41.7326244],[44.737904,41.7326292],[44.7379376,41.7326348],[44.7379611,41.732639],[44.7379958,41.7326448],[44.7380308,41.7326507],[44.738055,41.7326548],[44.7380808,41.732659],[44.7381077,41.7326636],[44.7381361,41.7326681],[44.7381647,41.7326728],[44.7381928,41.7326772],[44.7382202,41.7326817],[44.7382468,41.7326859],[44.7382713,41.7326896],[44.7383029,41.7326944],[44.7383287,41.7326985],[44.7383567,41.7327025],[44.7383841,41.7327064],[44.738408,41.7327098],[44.7384321,41.7327135],[44.7384584,41.7327175],[44.7384889,41.7327224],[44.7385178,41.7327269],[44.7385502,41.7327317],[44.7385834,41.7327362],[44.7386147,41.7327391],[44.7386437,41.73274],[44.7386718,41.7327399],[44.7386988,41.7327393],[44.7387249,41.7327382],[44.7387508,41.7327361],[44.7387779,41.7327327],[44.7388068,41.7327265],[44.7388368,41.7327171],[44.7388665,41.7327051],[44.7388963,41.7326905],[44.7389167,41.7326801],[44.7389384,41.7326696],[44.7389615,41.7326582],[44.7389858,41.7326466],[44.7390104,41.7326347],[44.7390357,41.7326234],[44.7390617,41.7326127],[44.7390887,41.7326026],[44.739117,41.7325928],[44.7391475,41.7325836],[44.7391797,41.732575],[44.7392137,41.7325672],[44.7392493,41.7325603],[44.7392859,41.7325544],[44.739324,41.7325494],[44.7393632,41.7325451],[44.7394031,41.7325418],[44.7394438,41.7325391],[44.7394848,41.7325376],[44.7395264,41.7325374],[44.7395683,41.7325383],[44.7396098,41.7325398],[44.7396514,41.7325425],[44.7396921,41.7325471],[44.7397325,41.7325524],[44.7397728,41.7325588],[44.7398125,41.7325657],[44.7398515,41.732574],[44.7398911,41.7325818],[44.7399309,41.73259],[44.739971,41.7325979],[44.7400112,41.732606],[44.7400518,41.7326142],[44.7400925,41.7326224],[44.7401333,41.7326308],[44.7401745,41.7326391],[44.7402158,41.7326477],[44.7402577,41.7326563],[44.7402998,41.732665],[44.7403425,41.732674],[44.7403858,41.7326831],[44.7404295,41.7326923],[44.7404734,41.7327008],[44.7405174,41.7327091],[44.7405615,41.7327168],[44.7406055,41.7327241],[44.7406499,41.7327304],[44.7406948,41.7327355],[44.7407397,41.7327397],[44.7407848,41.7327433],[44.7408299,41.7327466],[44.7408749,41.73275],[44.7409199,41.7327535],[44.7409649,41.7327573],[44.7410098,41.732761],[44.7410545,41.7327645],[44.7410988,41.7327676],[44.7411416,41.7327703],[44.7411826,41.7327727],[44.7412215,41.7327746],[44.741258,41.7327765],[44.7412931,41.7327785],[44.7413283,41.7327803],[44.7413639,41.7327814],[44.7414004,41.7327816],[44.7414383,41.7327807],[44.7414774,41.7327791],[44.7415178,41.732777],[44.7415591,41.7327748],[44.7416005,41.7327731],[44.741642,41.7327713],[44.7416833,41.7327693],[44.7417243,41.732768],[44.7417652,41.7327674],[44.741806,41.7327673],[44.7418468,41.732767],[44.7418878,41.732766],[44.7419292,41.732764],[44.7419709,41.7327612],[44.742013,41.7327584],[44.7420553,41.7327561],[44.7420976,41.7327539],[44.7421396,41.7327521],[44.7421818,41.7327504],[44.7422239,41.732749],[44.742266,41.7327477],[44.7423077,41.7327464],[44.7423487,41.7327453],[44.7423889,41.7327446],[44.7424282,41.7327441],[44.7424669,41.7327436],[44.7425044,41.7327435],[44.7425411,41.7327435],[44.7425765,41.7327434],[44.7426107,41.7327436],[44.7426434,41.7327437],[44.7426738,41.7327436],[44.7427015,41.7327439],[44.7427262,41.7327441],[44.7427591,41.7327448],[44.7427926,41.732746],[44.7428171,41.7327455],[44.7428437,41.7327454],[44.7428721,41.7327449],[44.7429025,41.7327447],[44.7429348,41.7327447],[44.7429678,41.7327443],[44.7430009,41.7327433],[44.7430339,41.7327412],[44.7430667,41.7327383],[44.7430989,41.7327339],[44.7431297,41.7327273],[44.7431571,41.732719],[44.7431803,41.7327095],[44.7432084,41.7326944],[44.7432288,41.7326807],[44.7432511,41.7326668],[44.7432736,41.7326559],[44.7432949,41.7326465],[44.7433176,41.7326341],[44.7433337,41.7326197],[44.7433424,41.7326017],[44.7433367,41.7325836],[44.7433218,41.7325667],[44.7433053,41.7325504],[44.7432894,41.7325331],[44.7432732,41.732515],[44.7432602,41.732495],[44.7432538,41.7324735],[44.7432512,41.7324534],[44.7432514,41.7324304],[44.7432541,41.7324125],[44.7432594,41.7323904],[44.7432635,41.7323697],[44.7432676,41.7323489],[44.7432719,41.7323296],[44.7432754,41.7323101],[44.7432791,41.7322911],[44.7432847,41.7322683],[44.7432905,41.7322487],[44.7432978,41.7322271],[44.7433061,41.7322063],[44.7433131,41.7321866],[44.7433194,41.7321686],[44.7433253,41.7321506],[44.7433316,41.732133],[44.7433379,41.7321146],[44.7433448,41.7320961],[44.7433508,41.732078],[44.7433584,41.73206],[44.7433655,41.7320409],[44.7433724,41.7320236],[44.7433793,41.7320063],[44.7433864,41.7319878],[44.7433932,41.731968],[44.7433997,41.7319497],[44.7434066,41.7319309],[44.7434145,41.7319088],[44.7434211,41.7318896],[44.7434273,41.7318698],[44.7434328,41.7318512],[44.7434373,41.731833],[44.7434439,41.7318143],[44.7434504,41.7317955],[44.7434563,41.731776],[44.7434643,41.7317572],[44.7434726,41.731737],[44.743482,41.7317149],[44.7434893,41.7316961],[44.7435015,41.7316788],[44.743521,41.7316664],[44.7435441,41.7316583],[44.7435708,41.7316501],[44.7435993,41.7316433],[44.7436279,41.7316401],[44.7436589,41.731637],[44.7436876,41.7316347],[44.7437131,41.7316328],[44.7437388,41.7316311],[44.7437657,41.7316289],[44.743792,41.731627],[44.7438192,41.7316249],[44.7438477,41.731622],[44.7438721,41.7316183],[44.7438981,41.7316145],[44.743923,41.7316111],[44.7439468,41.7316078],[44.7439709,41.7316049],[44.7439952,41.7316017],[44.7440234,41.7315988],[44.744051,41.7315957],[44.7440766,41.7315932],[44.7441013,41.7315905],[44.7441257,41.7315882],[44.7441525,41.7315859],[44.7441818,41.7315831],[44.7442125,41.7315812],[44.7442445,41.7315795],[44.7442689,41.7315781],[44.7442934,41.7315772],[44.7443187,41.7315766],[44.7443437,41.7315758],[44.7443687,41.7315746],[44.7443939,41.731574],[44.7444224,41.7315741],[44.7444506,41.731574],[44.7444765,41.731574],[44.7445017,41.731574],[44.7445288,41.7315739],[44.744558,41.7315746],[44.7445857,41.7315751],[44.7446175,41.7315757],[44.7446425,41.7315758],[44.7446683,41.7315766],[44.7446934,41.7315773],[44.7447186,41.7315781],[44.7447444,41.7315788],[44.7447711,41.7315796],[44.7447996,41.7315787],[44.7448308,41.7315744],[44.7448617,41.7315679],[44.7448909,41.7315598],[44.7449153,41.7315514],[44.7449224,41.7315489]],[[44.7449595,41.7254693],[44.7449353,41.7254668],[44.7449102,41.7254643],[44.7448802,41.7254614],[44.7448523,41.7254587],[44.7448234,41.725456],[44.7447955,41.7254532],[44.7447713,41.7254509],[44.7447458,41.7254484],[44.7447193,41.7254458],[44.7446914,41.7254428],[44.7446659,41.7254403],[44.7446354,41.725437],[44.7446071,41.7254339],[44.7445768,41.725431],[44.7445459,41.7254278],[44.7445144,41.7254244],[44.7444898,41.7254218],[44.7444644,41.7254191],[44.744439,41.7254165],[44.7444143,41.7254138],[44.7443904,41.7254113],[44.7443603,41.7254081],[44.744332,41.7254054],[44.7443054,41.7254029],[44.744281,41.7254007],[44.7442539,41.7253983],[44.7442277,41.725396],[44.7442027,41.7253937],[44.7441784,41.7253918],[44.7441518,41.7253894],[44.7441249,41.725387],[44.7440987,41.7253847],[44.7440732,41.7253824],[44.7440483,41.7253802],[44.7440227,41.7253779],[44.7439954,41.7253755],[44.7439712,41.7253733],[44.7439452,41.7253709],[44.74392,41.7253687],[44.7438948,41.7253664],[44.7438682,41.7253641],[44.7438395,41.7253614],[44.7438154,41.7253592],[44.7437885,41.7253568],[44.7437587,41.7253543],[44.7437272,41.7253513],[44.7436967,41.7253484],[44.7436677,41.7253455],[44.7436375,41.7253426],[44.743608,41.7253388],[44.7435759,41.7253346],[44.7435452,41.7253308],[44.743509,41.7253265],[44.7434817,41.7253235],[44.743454,41.7253208],[44.743427,41.7253182],[44.7434007,41.7253156],[44.7433751,41.7253133],[44.7433504,41.7253113],[44.7433262,41.7253092],[44.7432909,41.7253066],[44.7432571,41.7253043],[44.7432242,41.7253018],[44.7431921,41.7252994],[44.7431606,41.725297],[44.7431302,41.7252945],[44.7431005,41.7252921],[44.7430711,41.7252894],[44.7430407,41.7252864],[44.7430092,41.7252831],[44.7429775,41.7252793],[44.7429459,41.7252752],[44.742915,41.7252712],[44.7428851,41.7252672],[44.7428559,41.7252635],[44.7428279,41.7252599],[44.7428007,41.7252565],[44.7427745,41.7252533],[44.7427493,41.7252501],[44.7427249,41.7252474],[44.7426937,41.7252439],[44.7426631,41.7252406],[44.742632,41.7252373],[44.7426007,41.7252343],[44.7425763,41.7252321],[44.7425508,41.7252298],[44.7425242,41.7252276],[44.7424965,41.7252253],[44.7424682,41.725223],[44.7424399,41.7252207],[44.7424121,41.7252185],[44.7423844,41.7252162],[44.7423573,41.7252138],[44.742331,41.7252117],[44.7423055,41.7252095],[44.7422812,41.7252073],[44.7422499,41.7252047],[44.7422203,41.7252023],[44.7421923,41.7251998],[44.7421656,41.7251977],[44.7421395,41.7251952],[44.7421145,41.7251935],[44.7420875,41.7251932],[44.7420571,41.7251934],[44.7420281,41.7251938],[44.7420004,41.7251938],[44.7419743,41.7251934],[44.7419492,41.7251927],[44.7419251,41.7251916],[44.7418962,41.7251901],[44.7418665,41.7251881],[44.7418409,41.7251862],[44.7418143,41.7251841],[44.7417884,41.7251817],[44.7417635,41.7251793],[44.7417388,41.7251769],[44.7417126,41.7251742],[44.7416849,41.7251713],[44.7416552,41.7251683],[44.7416239,41.7251649],[44.7415992,41.7251622],[44.741574,41.7251596],[44.7415478,41.7251569],[44.7415213,41.7251542],[44.7414941,41.7251514],[44.7414666,41.7251485],[44.7414387,41.7251457],[44.7414105,41.725143],[44.7413827,41.72514],[44.7413558,41.7251373],[44.7413295,41.7251346],[44.7413038,41.7251318],[44.741279,41.7251294],[44.7412488,41.7251262],[44.7412211,41.7251233],[44.7411964,41.7251209],[44.7411686,41.725118],[44.7411405,41.7251152],[44.7411159,41.7251126],[44.7410886,41.7251098],[44.7410595,41.7251063],[44.741031,41.7251024],[44.7410031,41.7250982],[44.7409742,41.7250938],[44.740944,41.7250889],[44.7409123,41.7250843],[44.7408794,41.7250797],[44.7408448,41.7250754],[44.7408096,41.7250715],[44.7407856,41.7250687],[44.7407616,41.7250661],[44.7407261,41.7250622],[44.7406915,41.7250583],[44.7406576,41.7250548],[44.7406245,41.7250512],[44.7405923,41.7250477],[44.7405616,41.7250445],[44.7405315,41.7250414],[44.7405019,41.7250383],[44.7404723,41.7250353],[44.7404426,41.7250322],[44.7404124,41.7250291],[44.7403823,41.725026],[44.7403527,41.7250228],[44.740324,41.7250196],[44.7402951,41.7250164],[44.7402659,41.7250131],[44.7402358,41.7250096],[44.7402049,41.7250063],[44.7401731,41.7250027],[44.7401409,41.7249992],[44.7401096,41.7249959],[44.7400798,41.7249928],[44.7400516,41.7249898],[44.7400236,41.724987],[44.7399992,41.7249846],[44.7399715,41.7249819],[44.7399455,41.7249795],[44.7399143,41.7249765],[44.7398781,41.7249733],[44.7398515,41.7249708],[44.7398232,41.7249684],[44.7397935,41.7249659],[44.7397633,41.7249631],[44.7397325,41.7249602],[44.7397012,41.7249573],[44.7396701,41.7249542],[44.7396393,41.7249512],[44.7396081,41.724948],[44.739577,41.724945],[44.7395462,41.7249416],[44.7395152,41.7249384],[44.7394842,41.7249349],[44.7394532,41.7249316],[44.7394222,41.7249282],[44.7393911,41.7249244],[44.739359,41.7249208],[44.7393265,41.7249171],[44.739293,41.7249134],[44.7392591,41.7249098],[44.7392257,41.7249059],[44.7391924,41.7249022],[44.7391588,41.7248983],[44.739125,41.7248945],[44.7390914,41.7248903],[44.7390573,41.7248866],[44.7390226,41.7248826],[44.7389882,41.7248785],[44.7389541,41.7248745],[44.7389201,41.7248705],[44.738886,41.7248666],[44.738852,41.7248631],[44.7388177,41.7248596],[44.738783,41.7248561],[44.7387476,41.7248531],[44.7387114,41.7248497],[44.7386744,41.7248472],[44.7386369,41.7248443],[44.7385986,41.7248414],[44.7385597,41.7248381],[44.7385201,41.7248353],[44.7384799,41.7248318],[44.7384387,41.7248285],[44.7383966,41.7248249],[44.7383536,41.7248201],[44.7383115,41.7248163],[44.7382697,41.7248116],[44.7382267,41.7248074],[44.7381846,41.724803],[44.7381432,41.7247999],[44.7381017,41.7247956],[44.7380608,41.7247909],[44.7380194,41.7247869],[44.7379792,41.7247825],[44.7379384,41.7247776],[44.7378984,41.7247726],[44.7378583,41.7247678],[44.7378187,41.7247636],[44.737779,41.7247596],[44.7377391,41.7247556],[44.737699,41.7247517],[44.73766,41.7247477],[44.7376217,41.7247447],[44.7375846,41.7247412],[44.7375478,41.7247382],[44.7375113,41.7247346],[44.7374768,41.7247318],[44.7374446,41.7247289],[44.7374111,41.724726],[44.7373784,41.7247239],[44.7373463,41.7247213],[44.7373159,41.7247181],[44.7372861,41.7247159],[44.7372574,41.7247133],[44.7372302,41.7247109],[44.7372045,41.7247083],[44.7371791,41.7247062],[44.7371551,41.7247039],[44.7371218,41.7247006],[44.7370921,41.7246973],[44.7370608,41.7246938],[44.7370353,41.7246912],[44.7370098,41.7246882],[44.7369855,41.7246843],[44.7369604,41.7246815],[44.7369299,41.7246788],[44.736898,41.7246758],[44.7368693,41.7246721],[44.7368379,41.7246695],[44.7368044,41.7246662],[44.7367685,41.7246625],[44.736744,41.7246603],[44.7367187,41.7246581],[44.7366929,41.7246556],[44.7366661,41.7246532],[44.7366387,41.7246505],[44.7366108,41.7246481],[44.7365825,41.7246454],[44.7365553,41.7246429],[44.7365287,41.7246403],[44.7365028,41.7246379],[44.7364781,41.7246357],[44.7364426,41.7246325],[44.7364097,41.7246295],[44.7363829,41.7246267],[44.7363588,41.7246244],[44.736334,41.7246218],[44.7363024,41.7246184],[44.7362707,41.7246153],[44.7362453,41.7246125],[44.736218,41.7246098],[44.736188,41.7246064],[44.7361575,41.724603],[44.7361253,41.7245998],[44.7360922,41.7245964],[44.7360582,41.7245928],[44.7360227,41.7245891],[44.7359863,41.7245862],[44.7359503,41.7245826],[44.735915,41.7245792],[44.7358797,41.7245763],[44.7358447,41.7245729],[44.7358108,41.7245698],[44.7357771,41.7245664],[44.7357436,41.7245612],[44.735711,41.7245579],[44.7356789,41.7245552],[44.7356486,41.7245518],[44.7356188,41.7245487],[44.7355899,41.7245454],[44.7355617,41.7245428],[44.7355339,41.7245402],[44.7355067,41.7245377],[44.7354797,41.7245355],[44.735453,41.7245318],[44.7354262,41.7245288],[44.7353999,41.7245255],[44.7353732,41.7245221],[44.7353465,41.7245183],[44.7353189,41.7245137],[44.7352913,41.7245091],[44.7352627,41.7245036],[44.7352342,41.7244986],[44.7352052,41.7244939],[44.7351753,41.7244897],[44.7351443,41.7244862],[44.7351121,41.7244836],[44.7350796,41.7244825],[44.7350463,41.7244819],[44.7350125,41.7244822],[44.734978,41.7244818],[44.734943,41.7244803],[44.7349069,41.7244778],[44.7348704,41.7244752],[44.7348334,41.7244727],[44.7347961,41.7244701],[44.7347582,41.7244667],[44.73472,41.7244634],[44.7346817,41.7244596],[44.7346426,41.7244558],[44.7346037,41.7244519],[44.7345641,41.7244477],[44.7345244,41.7244439],[44.7344844,41.7244401],[44.734444,41.7244358],[44.7344036,41.7244321],[44.7343629,41.7244287],[44.7343219,41.724425],[44.7342807,41.7244212],[44.7342389,41.7244169],[44.7341973,41.7244128],[44.7341559,41.7244085],[44.7341144,41.7244049],[44.7340733,41.7244011],[44.7340322,41.724397],[44.7339915,41.7243927],[44.7339508,41.7243888],[44.73391,41.7243848],[44.7338694,41.7243808],[44.7338283,41.7243772],[44.7337877,41.7243732],[44.7337465,41.7243688],[44.7337055,41.7243647],[44.7336642,41.7243608],[44.7336231,41.7243564],[44.7335817,41.7243521],[44.7335403,41.7243477],[44.7334987,41.7243435],[44.7334572,41.7243392],[44.7334153,41.7243349],[44.7333737,41.7243305],[44.7333321,41.7243262],[44.7332906,41.7243218],[44.7332493,41.7243178],[44.733208,41.7243136],[44.7331669,41.7243094],[44.7331258,41.7243051],[44.7330849,41.7243006],[44.7330443,41.7242961],[44.7330039,41.7242915],[44.7329633,41.7242872],[44.732923,41.724283],[44.7328824,41.7242789],[44.7328421,41.7242749],[44.7328024,41.7242708],[44.7327629,41.7242665],[44.7327239,41.7242621],[44.7326852,41.7242578],[44.7326469,41.7242534],[44.7326086,41.7242489],[44.7325703,41.7242447],[44.7325316,41.7242408],[44.7324929,41.7242369],[44.732453,41.7242329],[44.7324126,41.7242294],[44.7323714,41.7242258],[44.7323296,41.7242228],[44.7322868,41.7242195],[44.7322435,41.7242162],[44.7321997,41.7242124],[44.7321552,41.7242088],[44.7321104,41.724205],[44.7320648,41.7242013],[44.7320189,41.7241973],[44.7319728,41.7241934],[44.7319269,41.7241896],[44.7318811,41.7241853],[44.7318354,41.7241811],[44.7317892,41.7241765],[44.7317429,41.7241723],[44.7316967,41.724168],[44.7316501,41.7241635],[44.7316038,41.724159],[44.7315571,41.7241554],[44.7315108,41.7241509],[44.7314643,41.7241466],[44.7314178,41.7241418],[44.7313717,41.7241375],[44.731325,41.7241334],[44.7312786,41.72413],[44.7312321,41.7241275],[44.731185,41.7241258],[44.731138,41.7241249],[44.7310906,41.7241245],[44.731043,41.7241248],[44.7309952,41.7241261],[44.730947,41.7241283],[44.7309228,41.7241298],[44.7308985,41.7241316],[44.7308743,41.7241335],[44.7308498,41.7241355],[44.7308254,41.7241378],[44.730801,41.7241403],[44.7307767,41.724143],[44.7307526,41.7241461],[44.7307285,41.7241494],[44.7307045,41.724153],[44.7306577,41.7241596],[44.7306125,41.7241658],[44.7305688,41.7241712],[44.7305264,41.7241751],[44.730485,41.7241775],[44.7304449,41.724178],[44.7304055,41.7241768],[44.730367,41.7241745],[44.7303298,41.7241712],[44.730294,41.7241678],[44.7302595,41.7241641],[44.7302265,41.7241603],[44.7301953,41.7241565],[44.7301664,41.724153],[44.7301402,41.7241498],[44.7301061,41.7241457],[44.7300785,41.724143],[44.7300525,41.7241405],[44.7300267,41.7241382],[44.7300012,41.7241355],[44.7299762,41.7241331],[44.7299443,41.7241301],[44.7299161,41.7241273],[44.7298842,41.7241239],[44.7298487,41.7241203],[44.7298229,41.7241178],[44.7297952,41.7241152],[44.7297659,41.7241128],[44.7297345,41.7241104],[44.7297017,41.7241081],[44.7296675,41.724106],[44.729632,41.7241039],[44.7295954,41.7241018],[44.7295578,41.7240997],[44.7295196,41.7240978],[44.7294806,41.7240955],[44.7294415,41.7240928],[44.7294017,41.7240902],[44.7293619,41.7240872],[44.7293217,41.7240839],[44.729281,41.7240804],[44.7292398,41.7240767],[44.7291985,41.7240732],[44.7291573,41.7240691],[44.7291158,41.7240651],[44.7290746,41.7240611],[44.7290335,41.724057],[44.7289925,41.7240526],[44.7289521,41.7240476],[44.7289125,41.7240426],[44.7288735,41.7240368],[44.7288347,41.7240308],[44.7287966,41.7240246],[44.7287587,41.7240186],[44.7287207,41.7240126],[44.7286827,41.7240072],[44.7286442,41.7240034],[44.7286054,41.7239988],[44.7285667,41.7239962],[44.7285271,41.7239942],[44.728487,41.7239916],[44.7284466,41.7239889],[44.7284058,41.7239862],[44.7283642,41.7239831],[44.7283222,41.7239799],[44.7282792,41.7239765],[44.7282356,41.7239725],[44.7281908,41.723969],[44.7281457,41.7239651],[44.7281001,41.7239607],[44.7280542,41.723956],[44.7280083,41.7239514],[44.7279624,41.7239466],[44.7279164,41.7239416],[44.7278705,41.7239369],[44.7278245,41.7239319],[44.7277781,41.7239267],[44.7277317,41.7239221],[44.7276848,41.7239166],[44.7276383,41.7239115],[44.7275921,41.7239064],[44.7275462,41.7239013],[44.7275006,41.7238956],[44.7274558,41.7238902],[44.7274113,41.7238844],[44.7273668,41.7238787],[44.7273226,41.7238727],[44.7272782,41.7238671],[44.7272337,41.7238621],[44.7271886,41.7238578],[44.727143,41.7238545],[44.7270975,41.7238514],[44.7270515,41.7238483],[44.727005,41.7238453],[44.726958,41.723842],[44.726911,41.7238384],[44.7268641,41.7238346],[44.7268172,41.72383],[44.7267708,41.7238252],[44.7267251,41.7238207],[44.7266804,41.7238163],[44.7266368,41.723812],[44.7265946,41.7238077],[44.7265533,41.7238036],[44.726513,41.7237993],[44.7264743,41.7237955],[44.7264356,41.7237909],[44.7263974,41.7237855],[44.726359,41.7237793],[44.7263207,41.7237729],[44.7262824,41.7237667],[44.7262432,41.7237609],[44.7262029,41.7237564],[44.7261613,41.7237528],[44.7261187,41.7237498],[44.7260752,41.7237474],[44.7260311,41.7237451],[44.7259868,41.7237425],[44.7259419,41.7237399],[44.7258967,41.7237365],[44.725851,41.7237328],[44.7258061,41.7237286],[44.7257611,41.7237244],[44.725716,41.7237209],[44.7256711,41.7237169],[44.7256263,41.723713],[44.7255817,41.7237084],[44.725537,41.7237038],[44.7254925,41.7236997],[44.7254479,41.7236951],[44.7254033,41.7236905],[44.7253588,41.7236859],[44.7253143,41.7236812],[44.7252697,41.7236767],[44.7252253,41.723672],[44.7251804,41.723667],[44.7251357,41.7236627],[44.7250902,41.7236581],[44.7250447,41.7236531],[44.7249976,41.7236487],[44.7249505,41.7236442],[44.7249027,41.7236395],[44.7248784,41.7236375],[44.7248541,41.7236351],[44.7248295,41.723633],[44.7248049,41.7236309],[44.72478,41.7236286],[44.7247552,41.7236265],[44.7247302,41.7236244],[44.724705,41.7236222],[44.7246799,41.7236201],[44.7246548,41.7236176],[44.7246296,41.7236153],[44.7246043,41.7236132],[44.7245787,41.7236112],[44.7245538,41.7236092],[44.7245281,41.7236071],[44.7245024,41.723605],[44.724477,41.7236028],[44.724451,41.7236002],[44.7244256,41.723598],[44.7244001,41.723596],[44.7243749,41.7235938],[44.7243495,41.7235914],[44.724324,41.7235891],[44.7242988,41.7235868],[44.7242732,41.7235849],[44.7242481,41.7235829],[44.7242232,41.7235809],[44.7241979,41.7235788],[44.7241729,41.7235769],[44.7241478,41.7235747],[44.7241231,41.7235728],[44.7240984,41.7235712],[44.7240737,41.7235694],[44.7240491,41.7235676],[44.7240245,41.7235656],[44.7239998,41.7235634],[44.723975,41.7235618],[44.7239506,41.7235598],[44.7239261,41.7235577],[44.723902,41.7235556],[44.7238778,41.723554],[44.7238538,41.723552],[44.7238296,41.7235499],[44.7237824,41.7235461],[44.723736,41.7235421],[44.7236897,41.7235385],[44.7236442,41.7235346],[44.7235997,41.723531],[44.7235566,41.7235273],[44.7235151,41.723524],[44.7234749,41.7235205],[44.7234361,41.7235172],[44.7233992,41.7235138],[44.7233636,41.7235107],[44.7233293,41.7235077],[44.7232959,41.7235049],[44.7232637,41.7235025],[44.7232335,41.7234999],[44.7232042,41.7234977],[44.7231761,41.7234954],[44.7231487,41.7234928],[44.723123,41.7234908],[44.7230983,41.7234885],[44.7230634,41.723486],[44.7230343,41.7234836],[44.7230069,41.7234814],[44.7229827,41.7234794],[44.722957,41.7234769],[44.7229235,41.7234743],[44.7228915,41.7234718],[44.722867,41.7234696],[44.7228404,41.7234675],[44.7228117,41.723465],[44.7227809,41.7234623],[44.7227486,41.7234595],[44.722714,41.7234558],[44.7226783,41.7234526],[44.7226411,41.723449],[44.7226029,41.723445],[44.7225626,41.7234414],[44.722522,41.7234374],[44.7224802,41.7234335],[44.7224382,41.7234295],[44.7223951,41.7234253],[44.7223518,41.7234207],[44.7223082,41.7234172],[44.7222638,41.723412],[44.7222191,41.723408],[44.7221743,41.7234042],[44.7221298,41.7234007],[44.7220855,41.7233958],[44.7220411,41.7233911],[44.7219967,41.7233862],[44.7219523,41.7233814],[44.7219083,41.7233768],[44.7218648,41.7233716],[44.7218216,41.7233665],[44.7217786,41.7233613],[44.7217348,41.7233563],[44.7216915,41.7233516],[44.7216472,41.723347],[44.7216027,41.7233424],[44.7215589,41.7233385],[44.7215152,41.7233345],[44.7214714,41.7233301],[44.7214276,41.7233262],[44.7213831,41.723322],[44.7213402,41.7233174],[44.7212973,41.723313],[44.721255,41.7233087],[44.7212132,41.7233039],[44.7211717,41.7232994],[44.7211308,41.7232955],[44.7210901,41.723291],[44.72105,41.7232868],[44.7210096,41.7232832],[44.7209703,41.7232789],[44.720932,41.7232745],[44.7208946,41.7232721],[44.7208591,41.7232693],[44.7208245,41.7232652],[44.7207917,41.7232615],[44.7207618,41.723259],[44.720735,41.7232552],[44.7207086,41.7232529],[44.7206846,41.7232511],[44.7206493,41.7232477],[44.7206151,41.7232444],[44.720591,41.7232422],[44.7205666,41.7232393],[44.7205401,41.7232365],[44.7205128,41.7232329],[44.720484,41.7232301],[44.7204541,41.7232277],[44.7204242,41.7232241],[44.7203948,41.7232197],[44.7203665,41.7232171],[44.7203387,41.723214],[44.7203113,41.7232118],[44.7202814,41.7232103],[44.7202529,41.7232075],[44.720224,41.7232043],[44.7201944,41.7232018],[44.720164,41.7231985],[44.7201334,41.7231959],[44.7201032,41.7231932],[44.7200731,41.7231899],[44.7200432,41.7231873],[44.7200132,41.7231837],[44.7199821,41.7231791],[44.7199491,41.7231739],[44.7199141,41.7231674],[44.7198767,41.7231602],[44.7198375,41.7231527],[44.7197965,41.7231453],[44.7197544,41.7231378],[44.7197111,41.7231313],[44.7196665,41.7231253],[44.7196208,41.72312],[44.7195742,41.7231156],[44.7195271,41.7231115],[44.7194791,41.7231079],[44.7194549,41.7231062],[44.7194305,41.7231047],[44.719406,41.7231028],[44.7193811,41.7231016],[44.7193565,41.7230998],[44.7193314,41.7230982],[44.7193064,41.7230968],[44.7192814,41.7230954],[44.7192564,41.7230937],[44.7192313,41.7230924],[44.719206,41.723091],[44.7191813,41.7230895],[44.7191561,41.723088],[44.7191313,41.7230863],[44.7191065,41.723085],[44.7190821,41.7230835],[44.7190576,41.7230821],[44.7190336,41.7230804],[44.7189862,41.7230773],[44.7189388,41.7230735],[44.7189147,41.7230719],[44.7188682,41.7230677],[44.7188442,41.7230659],[44.7187986,41.7230622],[44.7187532,41.7230588],[44.718709,41.7230555],[44.7186651,41.7230517],[44.7186215,41.7230484],[44.718579,41.7230452],[44.7185361,41.7230419],[44.7184925,41.7230373],[44.7184494,41.7230336],[44.7184065,41.7230297],[44.7183632,41.7230258],[44.7183209,41.7230228],[44.7182802,41.7230181],[44.7182404,41.7230142],[44.7182024,41.7230104],[44.7181653,41.7230066],[44.7181298,41.723003],[44.7180954,41.7230004],[44.7180627,41.7229967],[44.7180299,41.722993],[44.7179986,41.7229898],[44.7179689,41.7229863],[44.7179404,41.7229833],[44.7179129,41.7229809],[44.7178868,41.7229784],[44.7178618,41.7229753],[44.7178373,41.7229727],[44.7178133,41.7229706],[44.7177781,41.722967],[44.7177456,41.7229635],[44.7177191,41.7229606],[44.7176949,41.7229581],[44.7176706,41.7229554],[44.7176446,41.7229527],[44.7176169,41.7229498],[44.7175908,41.7229461],[44.7175676,41.722941],[44.7175424,41.722936],[44.7175126,41.722932],[44.7174839,41.7229294],[44.7174503,41.7229277],[44.7174154,41.7229268],[44.7173816,41.7229261],[44.7173485,41.7229247],[44.7173169,41.7229226],[44.7172856,41.7229196],[44.717256,41.7229151],[44.7172279,41.7229087],[44.7172009,41.7228992],[44.7171782,41.7228858],[44.7171601,41.7228688],[44.7171473,41.7228474],[44.7171414,41.722821],[44.7171409,41.7228011],[44.7171429,41.7227793],[44.7171459,41.722756],[44.7171499,41.7227311],[44.7171546,41.7227049],[44.7171603,41.7226777],[44.7171669,41.7226494],[44.7171737,41.7226206],[44.7171808,41.7225924],[44.7171877,41.7225647],[44.7171943,41.7225375],[44.7172007,41.7225106],[44.7172071,41.7224842],[44.7172136,41.7224579],[44.71722,41.7224313],[44.7172265,41.7224038],[44.7172333,41.7223751],[44.7172401,41.7223453],[44.7172469,41.7223146],[44.7172539,41.7222825],[44.7172603,41.72225],[44.717267,41.7222163],[44.7172739,41.7221817],[44.7172807,41.722146],[44.7172841,41.7221278],[44.7172876,41.7221094],[44.7172908,41.7220909],[44.7172942,41.7220722],[44.7172977,41.7220532],[44.7173013,41.7220342],[44.717305,41.722015],[44.7173084,41.7219957],[44.7173121,41.7219762],[44.7173157,41.7219567],[44.7173193,41.7219371],[44.7173229,41.7219174],[44.7173265,41.7218979],[44.7173303,41.7218781],[44.717334,41.7218584],[44.7173378,41.7218385],[44.7173412,41.721819],[44.717345,41.7217994],[44.7173488,41.7217797],[44.717353,41.7217603],[44.7173563,41.7217408],[44.7173598,41.7217208],[44.7173637,41.7217008],[44.7173675,41.7216807],[44.7173715,41.7216604],[44.7173752,41.7216406],[44.7173783,41.7216201],[44.7173822,41.7216],[44.7173859,41.7215797],[44.7173893,41.7215593],[44.7173931,41.7215391],[44.7173966,41.7215187],[44.7174,41.7214984],[44.7174036,41.7214782],[44.7174072,41.721458],[44.7174107,41.7214379],[44.7174144,41.7214178],[44.717418,41.7213977],[44.7174217,41.7213777],[44.7174252,41.7213579],[44.7174288,41.7213381],[44.7174323,41.7213185],[44.7174358,41.7212988],[44.7174392,41.7212795],[44.7174425,41.7212601],[44.717446,41.721241],[44.7174493,41.721222],[44.7174524,41.7212032],[44.7174558,41.7211843],[44.7174589,41.7211657],[44.7174618,41.7211472],[44.7174649,41.7211289],[44.7174681,41.7211107],[44.7174708,41.7210926],[44.7174738,41.7210745],[44.7174798,41.721039],[44.7174858,41.721004],[44.7174915,41.7209694],[44.7174971,41.7209355],[44.7175031,41.720902],[44.7175087,41.7208697],[44.7175139,41.720839],[44.717519,41.7208104],[44.7175241,41.7207836],[44.7175287,41.7207585],[44.7175331,41.7207344],[44.7175371,41.7207115],[44.7175413,41.7206896],[44.717545,41.7206688],[44.7175486,41.720649],[44.7175521,41.7206302],[44.7175556,41.7206123],[44.7175583,41.7205944],[44.7175632,41.7205683],[44.7175667,41.7205504],[44.7175702,41.7205316],[44.717574,41.7205122],[44.7175775,41.7204925],[44.7175812,41.7204735],[44.7175844,41.7204548],[44.7175882,41.7204367],[44.717593,41.7204104],[44.7175983,41.7203849],[44.7176028,41.7203592],[44.7176073,41.7203346],[44.7176118,41.7203108],[44.7176157,41.7202882],[44.7176193,41.7202683],[44.7176232,41.7202477],[44.7176265,41.7202297],[44.7176296,41.7202103],[44.7176328,41.720192],[44.7176351,41.7201738],[44.7176368,41.720153],[44.7176374,41.720132],[44.7176357,41.7201125],[44.7176322,41.7200944],[44.7176254,41.7200768],[44.7176141,41.7200609],[44.7175966,41.7200477],[44.717576,41.720038],[44.7175519,41.7200307],[44.7175195,41.7200245],[44.717486,41.7200208],[44.7174593,41.7200193],[44.7174299,41.7200177],[44.7173976,41.7200161],[44.717362,41.7200146],[44.7173247,41.7200136],[44.7172858,41.7200127],[44.7172448,41.720012],[44.7172023,41.7200108],[44.7171593,41.7200099],[44.7171157,41.7200088],[44.717072,41.7200078],[44.7170292,41.7200069],[44.7169882,41.720006],[44.7169486,41.7200051],[44.7169105,41.7200047],[44.7168737,41.7200046],[44.7168384,41.7200045],[44.7168036,41.7200051],[44.7167701,41.720006],[44.7167374,41.7200073],[44.7167058,41.7200083],[44.7166748,41.72001],[44.7166448,41.7200116],[44.7166157,41.7200133],[44.7165874,41.7200151],[44.7165601,41.720017],[44.716534,41.7200188],[44.7165092,41.7200209],[44.716475,41.7200237],[44.7164471,41.720026],[44.7164217,41.7200283],[44.7163974,41.7200303],[44.7163729,41.7200327],[44.7163451,41.7200353],[44.7163161,41.7200378],[44.7162882,41.7200407],[44.7162557,41.7200439],[44.7162194,41.7200473],[44.7161935,41.7200498],[44.716167,41.7200523],[44.7161399,41.7200552],[44.7161125,41.7200574],[44.7160847,41.7200603],[44.7160566,41.720063],[44.7160282,41.7200653],[44.7159997,41.7200676],[44.715971,41.72007],[44.7159422,41.7200728],[44.7159139,41.7200753],[44.7158866,41.7200782],[44.7158607,41.7200816],[44.715836,41.7200847],[44.7158011,41.7200891],[44.715769,41.7200933],[44.7157393,41.7200972],[44.7157121,41.7201005],[44.7156873,41.7201037],[44.7156576,41.7201073],[44.7156319,41.7201102],[44.7156074,41.7201129],[44.7155812,41.7201158],[44.7155571,41.7201184],[44.7155276,41.7201212],[44.7155027,41.7201238],[44.7154787,41.7201264],[44.7154548,41.7201288],[44.7154309,41.7201311],[44.7154023,41.7201339],[44.7153766,41.7201358],[44.7153495,41.720138],[44.7153217,41.7201396],[44.7152925,41.7201415],[44.7152607,41.720144],[44.7152266,41.7201466],[44.7151912,41.72015],[44.7151664,41.7201523],[44.7151403,41.7201556],[44.7151133,41.7201586],[44.7150848,41.7201624],[44.7150553,41.7201661],[44.7150245,41.7201705],[44.7149922,41.7201743],[44.7149593,41.7201785],[44.7149256,41.7201833],[44.7148907,41.7201879],[44.7148551,41.7201931],[44.7148206,41.7201979],[44.7147876,41.7202023],[44.7147563,41.7202066],[44.7147263,41.7202107],[44.7146977,41.7202144],[44.7146709,41.7202187],[44.7146469,41.7202241],[44.7146173,41.7202344],[44.7145954,41.7202462],[44.7145752,41.7202616],[44.7145601,41.7202798],[44.7145511,41.7202965],[44.7145446,41.7203147],[44.7145391,41.7203324],[44.7145341,41.7203503],[44.7145325,41.7203687],[44.7145363,41.7203867],[44.7145444,41.7204043],[44.7145546,41.7204226],[44.7145589,41.7204435],[44.714562,41.7204631],[44.7145631,41.7204863],[44.714565,41.7205101],[44.7145688,41.7205292],[44.7145743,41.7205489],[44.7145798,41.7205684],[44.714585,41.7205883],[44.7145889,41.7206073],[44.7145923,41.7206289],[44.7145957,41.7206477],[44.7145997,41.7206684],[44.7146031,41.7206899],[44.7146064,41.7207095],[44.7146102,41.720731],[44.7146143,41.7207538],[44.7146181,41.7207771],[44.7146226,41.7207999],[44.7146269,41.7208204],[44.714631,41.7208411],[44.714635,41.7208606],[44.7146391,41.7208809],[44.7146433,41.7208998],[44.7146471,41.7209218],[44.7146507,41.7209396],[44.7146542,41.7209586],[44.7146575,41.7209778],[44.7146613,41.7209967],[44.7146652,41.7210154],[44.7146689,41.7210338],[44.7146723,41.7210523],[44.7146754,41.7210709],[44.7146793,41.721093],[44.7146834,41.7211147],[44.7146871,41.7211355],[44.7146909,41.7211535],[44.714695,41.7211755],[44.7146989,41.7211953],[44.7147032,41.7212177],[44.7147077,41.7212415],[44.7147124,41.7212665],[44.7147175,41.7212923],[44.714722,41.7213182],[44.7147272,41.7213448],[44.7147304,41.7213627],[44.7147355,41.7213888],[44.7147397,41.7214147],[44.7147445,41.7214401],[44.7147479,41.7214644],[44.7147517,41.7214879],[44.7147571,41.7215098],[44.7147604,41.7215317],[44.714764,41.7215541],[44.7147678,41.721572],[44.7147712,41.7215902],[44.7147754,41.7216099],[44.7147806,41.7216338],[44.7147847,41.7216545],[44.7147894,41.7216766],[44.714794,41.7216981],[44.7147974,41.7217194],[44.7148011,41.7217398],[44.7148037,41.72176],[44.714805,41.721778],[44.7148066,41.7218015],[44.7148076,41.7218204],[44.7148073,41.7218404],[44.7148031,41.7218609],[44.7147917,41.7218804],[44.7147738,41.7218964],[44.7147494,41.7219078],[44.7147224,41.7219148],[44.7146907,41.7219204],[44.7146577,41.7219246],[44.7146252,41.7219288],[44.7145962,41.7219319],[44.7145715,41.7219349],[44.714544,41.721938],[44.7145181,41.7219401],[44.7144918,41.7219365],[44.7144694,41.7219279],[44.7144525,41.7219122],[44.7144414,41.7218945],[44.7144335,41.7218774],[44.7144252,41.7218589],[44.714421,41.7218399],[44.7144173,41.7218215],[44.7144141,41.721801],[44.7144113,41.721783],[44.7144077,41.7217636],[44.7144043,41.7217431],[44.7144011,41.7217227],[44.7143977,41.721703],[44.7143939,41.7216841],[44.7143924,41.7216661],[44.7143898,41.7216426],[44.7143926,41.7216204],[44.7143908,41.7216014],[44.7143943,41.721581],[44.7143952,41.7215587],[44.7143925,41.721538],[44.7143888,41.7215172],[44.7143862,41.7214993],[44.7143817,41.7214813],[44.7143754,41.7214638],[44.7143661,41.7214454],[44.7143577,41.7214263],[44.7143491,41.7214072],[44.7143434,41.7213885],[44.7143434,41.72137],[44.7143407,41.7213883],[44.7143511,41.7213695],[44.7143532,41.721351],[44.7143537,41.7213326],[44.7143547,41.7213506],[44.7143563,41.7213693],[44.7143574,41.7213873],[44.7143609,41.7214055],[44.7143668,41.7214252],[44.7143722,41.7214443],[44.7143792,41.7214629],[44.7143858,41.7214807],[44.714384,41.7214617],[44.714374,41.7214429],[44.7143648,41.7214255],[44.7143524,41.7214098],[44.7143282,41.7214112],[44.7143044,41.7214152],[44.7142982,41.7214166]]]},"properties":{"kind":"track","session":"2026-10-07_20261007T114933Z"}}]}