{"type":"FeatureCollection","features":[{"type":"Feature","geometry":{"type":"Point","coordinates":[44.9767407,41.5693012]},"properties":{"pole_id":0,"labels":["7.4"],"track_ids":[0],"conf":0.71,"n_frames":15,"first_ts":1790777490016818000,"last_ts":1790777495651702000,"image":"session_2026-09-30_14-10-32_checkpoint_017_photos/session_2026-09-30_14-10-32_checkpoint_017_sign_0.jpg","photo_url":"https://drive.google.com/thumbnail?id=1Cz8ka28_JgJGLDh494qH0304BhBcuibZ&sz=w1200","photo_view":"https://drive.google.com/file/d/1Cz8ka28_JgJGLDh494qH0304BhBcuibZ/view","label_stats":{"7.4":{"detections":13,"mean_conf":0.539,"max_conf":0.71}},"alt":359.24,"session":"2026-09-30_session_2026-09-30_14-10-32","kind":"sign"}},{"type":"Feature","geometry":{"type":"Point","coordinates":[44.9758812,41.56906]},"properties":{"pole_id":1,"labels":["4.1.3"],"track_ids":[1],"conf":0.64,"n_frames":8,"first_ts":1790777557192154000,"last_ts":1790777557558858000,"image":"session_2026-09-30_14-10-32_checkpoint_017_photos/session_2026-09-30_14-10-32_checkpoint_017_sign_1.jpg","photo_url":"https://drive.google.com/thumbnail?id=1bfvp4yXIFYZI25suJpmHfH3ZfbFAPYYo&sz=w1200","photo_view":"https://drive.google.com/file/d/1bfvp4yXIFYZI25suJpmHfH3ZfbFAPYYo/view","label_stats":{"4.1.3":{"detections":7,"mean_conf":0.529,"max_conf":0.64}},"alt":360.56,"session":"2026-09-30_session_2026-09-30_14-10-32","kind":"sign"}},{"type":"Feature","geometry":{"type":"Point","coordinates":[44.9752792,41.5693058]},"properties":{"pole_id":2,"labels":["2.3","5.19.1"],"track_ids":[2],"conf":0.952,"n_frames":193,"first_ts":1790777566492522000,"last_ts":1790777569725960000,"image":"session_2026-09-30_14-10-32_checkpoint_017_photos/session_2026-09-30_14-10-32_checkpoint_017_sign_2.jpg","photo_url":"https://drive.google.com/thumbnail?id=1rZNCZkr9aesn52jigiya0oDZXu6j10uq&sz=w1200","photo_view":"https://drive.google.com/file/d/1rZNCZkr9aesn52jigiya0oDZXu6j10uq/view","label_stats":{"2.3":{"detections":98,"mean_conf":0.858,"max_conf":0.952},"5.19.1":{"detections":96,"mean_conf":0.911,"max_conf":0.952}},"alt":360.63,"session":"2026-09-30_session_2026-09-30_14-10-32","kind":"sign"}},{"type":"Feature","geometry":{"type":"Point","coordinates":[44.9748938,41.5693922]},"properties":{"pole_id":3,"labels":["3.24_40"],"track_ids":[3],"conf":0.843,"n_frames":12,"first_ts":1790777583592997000,"last_ts":1790777584659713000,"image":"session_2026-09-30_14-10-32_checkpoint_017_photos/session_2026-09-30_14-10-32_checkpoint_017_sign_3.jpg","photo_url":"https://drive.google.com/thumbnail?id=1ESLF9K8tkOpNPPUh2sSfsTDiVoj9TJP3&sz=w1200","photo_view":"https://drive.google.com/file/d/1ESLF9K8tkOpNPPUh2sSfsTDiVoj9TJP3/view","label_stats":{"3.24_40":{"detections":11,"mean_conf":0.606,"max_conf":0.843}},"alt":362.06,"session":"2026-09-30_session_2026-09-30_14-10-32","kind":"sign"}},{"type":"Feature","geometry":{"type":"Point","coordinates":[44.9747439,41.5691701]},"properties":{"pole_id":4,"labels":["2.1"],"track_ids":[4],"conf":0.91,"n_frames":23,"first_ts":1790777586426417000,"last_ts":1790777587193100000,"image":"session_2026-09-30_14-10-32_checkpoint_017_photos/session_2026-09-30_14-10-32_checkpoint_017_sign_4.jpg","photo_url":"https://drive.google.com/thumbnail?id=1udQjfKLbA7GAEtxT3-FLZn1YtAGo6De0&sz=w1200","photo_view":"https://drive.google.com/file/d/1udQjfKLbA7GAEtxT3-FLZn1YtAGo6De0/view","label_stats":{"2.1":{"detections":23,"mean_conf":0.742,"max_conf":0.91}},"alt":362.02,"session":"2026-09-30_session_2026-09-30_14-10-32","kind":"sign"}},{"type":"Feature","geometry":{"type":"Point","coordinates":[44.9745145,41.5687195]},"properties":{"pole_id":5,"labels":["5.15.2"],"track_ids":[5],"conf":0.978,"n_frames":30,"first_ts":1790777590893175000,"last_ts":1790777591826530000,"image":"session_2026-09-30_14-10-32_checkpoint_017_photos/session_2026-09-30_14-10-32_checkpoint_017_sign_5.jpg","photo_url":"https://drive.google.com/thumbnail?id=1Ga0bL78I8ZTJveckbwB1o-U0pNxCgpV0&sz=w1200","photo_view":"https://drive.google.com/file/d/1Ga0bL78I8ZTJveckbwB1o-U0pNxCgpV0/view","label_stats":{"5.15.2":{"detections":30,"mean_conf":0.936,"max_conf":0.978}},"alt":364.29,"session":"2026-09-30_session_2026-09-30_14-10-32","kind":"sign"}},{"type":"Feature","geometry":{"type":"Point","coordinates":[44.9744598,41.5687362]},"properties":{"pole_id":6,"labels":["4.1.4"],"track_ids":[6],"conf":0.929,"n_frames":15,"first_ts":1790777591159832000,"last_ts":1790777591659855000,"image":"session_2026-09-30_14-10-32_checkpoint_017_photos/session_2026-09-30_14-10-32_checkpoint_017_sign_6.jpg","photo_url":"https://drive.google.com/thumbnail?id=1qe8OgIUOCo08JyqKf5_7TZlSIt6Mll3y&sz=w1200","photo_view":"https://drive.google.com/file/d/1qe8OgIUOCo08JyqKf5_7TZlSIt6Mll3y/view","label_stats":{"4.1.4":{"detections":15,"mean_conf":0.829,"max_conf":0.929}},"alt":365.25,"session":"2026-09-30_session_2026-09-30_14-10-32","kind":"sign"}},{"type":"Feature","geometry":{"type":"Point","coordinates":[44.9742707,41.5685428]},"properties":{"pole_id":7,"labels":["5.16"],"track_ids":[7],"conf":0.937,"n_frames":15,"first_ts":1790777593826565000,"last_ts":1790777594359906000,"image":"session_2026-09-30_14-10-32_checkpoint_017_photos/session_2026-09-30_14-10-32_checkpoint_017_sign_7.jpg","photo_url":"https://drive.google.com/thumbnail?id=1-9jnV4KPDkFgSgZkeHXOw96mwJ4MaJfy&sz=w1200","photo_view":"https://drive.google.com/file/d/1-9jnV4KPDkFgSgZkeHXOw96mwJ4MaJfy/view","label_stats":{"5.16":{"detections":15,"mean_conf":0.917,"max_conf":0.937}},"alt":363.03,"session":"2026-09-30_session_2026-09-30_14-10-32","kind":"sign"}},{"type":"Feature","geometry":{"type":"Point","coordinates":[44.9741752,41.5684097]},"properties":{"pole_id":8,"labels":["5.19.1"],"track_ids":[8],"conf":0.937,"n_frames":28,"first_ts":1790777604326746000,"last_ts":1790777605226753000,"image":"session_2026-09-30_14-10-32_checkpoint_017_photos/session_2026-09-30_14-10-32_checkpoint_017_sign_8.jpg","photo_url":"https://drive.google.com/thumbnail?id=12rJBAK7Rj9GFmJCZRWz2UwryEm7DRa2R&sz=w1200","photo_view":"https://drive.google.com/file/d/12rJBAK7Rj9GFmJCZRWz2UwryEm7DRa2R/view","label_stats":{"5.19.1":{"detections":28,"mean_conf":0.924,"max_conf":0.937}},"alt":362.48,"session":"2026-09-30_session_2026-09-30_14-10-32","kind":"sign"}},{"type":"Feature","geometry":{"type":"Point","coordinates":[44.9738489,41.5679477]},"properties":{"pole_id":9,"labels":["7.4"],"track_ids":[9],"conf":0.95,"n_frames":20,"first_ts":1790777612093546000,"last_ts":1790777612660202000,"image":"session_2026-09-30_14-10-32_checkpoint_017_photos/session_2026-09-30_14-10-32_checkpoint_017_sign_9.jpg","photo_url":"https://drive.google.com/thumbnail?id=102Hr6yH8ECv0FBs4yZ8k8q35SyAfwTbn&sz=w1200","photo_view":"https://drive.google.com/file/d/102Hr6yH8ECv0FBs4yZ8k8q35SyAfwTbn/view","label_stats":{"7.4":{"detections":18,"mean_conf":0.924,"max_conf":0.95}},"alt":363.87,"session":"2026-09-30_session_2026-09-30_14-10-32","kind":"sign"}},{"type":"Feature","geometry":{"type":"Point","coordinates":[44.9737095,41.5677427]},"properties":{"pole_id":10,"labels":["3.24_40"],"track_ids":[10],"conf":0.919,"n_frames":10,"first_ts":1790777614960229000,"last_ts":1790777615260258000,"image":"session_2026-09-30_14-10-32_checkpoint_017_photos/session_2026-09-30_14-10-32_checkpoint_017_sign_10.jpg","photo_url":"https://drive.google.com/thumbnail?id=1Etqp5UXSg-z6NWoBywKj4XBhcCIlN7EN&sz=w1200","photo_view":"https://drive.google.com/file/d/1Etqp5UXSg-z6NWoBywKj4XBhcCIlN7EN/view","label_stats":{"3.24_40":{"detections":10,"mean_conf":0.906,"max_conf":0.919}},"alt":364.32,"session":"2026-09-30_session_2026-09-30_14-10-32","kind":"sign"}},{"type":"Feature","geometry":{"type":"Point","coordinates":[44.9735386,41.5675261]},"properties":{"pole_id":11,"labels":["7.4"],"track_ids":[11],"conf":0.933,"n_frames":16,"first_ts":1790777617526939000,"last_ts":1790777618160285000,"image":"session_2026-09-30_14-10-32_checkpoint_017_photos/session_2026-09-30_14-10-32_checkpoint_017_sign_11.jpg","photo_url":"https://drive.google.com/thumbnail?id=1_1YBQ019GVFJdLVrvLC6PlFGsusl8vV2&sz=w1200","photo_view":"https://drive.google.com/file/d/1_1YBQ019GVFJdLVrvLC6PlFGsusl8vV2/view","label_stats":{"7.4":{"detections":16,"mean_conf":0.9,"max_conf":0.933}},"alt":364.56,"session":"2026-09-30_session_2026-09-30_14-10-32","kind":"sign"}},{"type":"Feature","geometry":{"type":"Point","coordinates":[44.9732692,41.5671493]},"properties":{"pole_id":12,"labels":["3.28"],"track_ids":[12],"conf":0.929,"n_frames":18,"first_ts":1790777622393668000,"last_ts":1790777622960355000,"image":"session_2026-09-30_14-10-32_checkpoint_017_photos/session_2026-09-30_14-10-32_checkpoint_017_sign_12.jpg","photo_url":"https://drive.google.com/thumbnail?id=1QvpyIOY4XSheQInGsKZxYC9tT-qemTFM&sz=w1200","photo_view":"https://drive.google.com/file/d/1QvpyIOY4XSheQInGsKZxYC9tT-qemTFM/view","label_stats":{"3.28":{"detections":18,"mean_conf":0.921,"max_conf":0.929}},"alt":364.09,"session":"2026-09-30_session_2026-09-30_14-10-32","kind":"sign"}},{"type":"Feature","geometry":{"type":"Point","coordinates":[44.973111,41.5669441]},"properties":{"pole_id":13,"labels":["2.1"],"track_ids":[13],"conf":0.877,"n_frames":20,"first_ts":1790777624960371000,"last_ts":1790777625593719000,"image":"session_2026-09-30_14-10-32_checkpoint_017_photos/session_2026-09-30_14-10-32_checkpoint_017_sign_13.jpg","photo_url":"https://drive.google.com/thumbnail?id=1kjA8ONrA9ztMrIm6ihbn7LQN9XdaU7fj&sz=w1200","photo_view":"https://drive.google.com/file/d/1kjA8ONrA9ztMrIm6ihbn7LQN9XdaU7fj/view","label_stats":{"2.1":{"detections":20,"mean_conf":0.791,"max_conf":0.877}},"alt":363.72,"session":"2026-09-30_session_2026-09-30_14-10-32","kind":"sign"}},{"type":"Feature","geometry":{"type":"Point","coordinates":[44.9729264,41.5667081]},"properties":{"pole_id":14,"labels":["3.24_40"],"track_ids":[14],"conf":0.927,"n_frames":17,"first_ts":1790777628027070000,"last_ts":1790777628560407000,"image":"session_2026-09-30_14-10-32_checkpoint_017_photos/session_2026-09-30_14-10-32_checkpoint_017_sign_14.jpg","photo_url":"https://drive.google.com/thumbnail?id=1k-gvfV_56ond9D_iYAfMeac1-vEWOiB-&sz=w1200","photo_view":"https://drive.google.com/file/d/1k-gvfV_56ond9D_iYAfMeac1-vEWOiB-/view","label_stats":{"3.24_40":{"detections":17,"mean_conf":0.902,"max_conf":0.927}},"alt":362.76,"session":"2026-09-30_session_2026-09-30_14-10-32","kind":"sign"}},{"type":"Feature","geometry":{"type":"Point","coordinates":[44.972803,41.5665292]},"properties":{"pole_id":15,"labels":["7.4"],"track_ids":[15],"conf":0.951,"n_frames":32,"first_ts":1790777629860418000,"last_ts":1790777630960439000,"image":"session_2026-09-30_14-10-32_checkpoint_017_photos/session_2026-09-30_14-10-32_checkpoint_017_sign_15.jpg","photo_url":"https://drive.google.com/thumbnail?id=1-g9YiZU6QJHv41ZlS-9F31g_xE4-ROgV&sz=w1200","photo_view":"https://drive.google.com/file/d/1-g9YiZU6QJHv41ZlS-9F31g_xE4-ROgV/view","label_stats":{"7.4":{"detections":32,"mean_conf":0.91,"max_conf":0.951}},"alt":362.07,"session":"2026-09-30_session_2026-09-30_14-10-32","kind":"sign"}},{"type":"Feature","geometry":{"type":"Point","coordinates":[44.9726951,41.5663713]},"properties":{"pole_id":16,"labels":["5.19.1","4.1.4"],"track_ids":[16],"conf":0.949,"n_frames":142,"first_ts":1790777631993795000,"last_ts":1790777633960471000,"image":"session_2026-09-30_14-10-32_checkpoint_017_photos/session_2026-09-30_14-10-32_checkpoint_017_sign_16.jpg","photo_url":"https://drive.google.com/thumbnail?id=1SQ0ChjmcTsMmiG4C5eFpw_BEt8DNcUxs&sz=w1200","photo_view":"https://drive.google.com/file/d/1SQ0ChjmcTsMmiG4C5eFpw_BEt8DNcUxs/view","label_stats":{"5.19.1":{"detections":57,"mean_conf":0.898,"max_conf":0.949},"4.1.4":{"detections":48,"mean_conf":0.87,"max_conf":0.952}},"alt":363.17,"session":"2026-09-30_session_2026-09-30_14-10-32","kind":"sign"}},{"type":"Feature","geometry":{"type":"Point","coordinates":[44.9720618,41.5663744]},"properties":{"pole_id":17,"labels":["5.19.1"],"track_ids":[17],"conf":0.936,"n_frames":47,"first_ts":1790777657660721000,"last_ts":1790777659227413000,"image":"session_2026-09-30_14-10-32_checkpoint_017_photos/session_2026-09-30_14-10-32_checkpoint_017_sign_17.jpg","photo_url":"https://drive.google.com/thumbnail?id=1IZBVjtSxl6GgUEYNV0MA2IjuLWfNg-t2&sz=w1200","photo_view":"https://drive.google.com/file/d/1IZBVjtSxl6GgUEYNV0MA2IjuLWfNg-t2/view","label_stats":{"5.19.1":{"detections":48,"mean_conf":0.902,"max_conf":0.936}},"alt":365.01,"session":"2026-09-30_session_2026-09-30_14-10-32","kind":"sign"}},{"type":"Feature","geometry":{"type":"Point","coordinates":[44.971934,41.5662791]},"properties":{"pole_id":18,"labels":["4.2.1"],"track_ids":[18],"conf":0.924,"n_frames":31,"first_ts":1790777658127393000,"last_ts":1790777659160747000,"image":"session_2026-09-30_14-10-32_checkpoint_017_photos/session_2026-09-30_14-10-32_checkpoint_017_sign_18.jpg","photo_url":"https://drive.google.com/thumbnail?id=1-47RzYsMtUbwgUjVH1u9ShG8AERv2Fvf&sz=w1200","photo_view":"https://drive.google.com/file/d/1-47RzYsMtUbwgUjVH1u9ShG8AERv2Fvf/view","label_stats":{"4.2.1":{"detections":30,"mean_conf":0.903,"max_conf":0.924}},"alt":363.02,"session":"2026-09-30_session_2026-09-30_14-10-32","kind":"sign"}},{"type":"Feature","geometry":{"type":"Point","coordinates":[44.9719958,41.5664014]},"properties":{"pole_id":19,"labels":["3.27","3.24_50"],"track_ids":[19],"conf":0.952,"n_frames":90,"first_ts":1790777658560721000,"last_ts":1790777660194074000,"image":"session_2026-09-30_14-10-32_checkpoint_017_photos/session_2026-09-30_14-10-32_checkpoint_017_sign_19.jpg","photo_url":"https://drive.google.com/thumbnail?id=18_biphu_D4vB0b3SoCFGcWR2hDbT1Q3Q&sz=w1200","photo_view":"https://drive.google.com/file/d/18_biphu_D4vB0b3SoCFGcWR2hDbT1Q3Q/view","label_stats":{"3.27":{"detections":49,"mean_conf":0.891,"max_conf":0.952},"3.24_50":{"detections":23,"mean_conf":0.792,"max_conf":0.937}},"alt":364.89,"session":"2026-09-30_session_2026-09-30_14-10-32","kind":"sign"}},{"type":"Feature","geometry":{"type":"Point","coordinates":[44.9714146,41.5666]},"properties":{"pole_id":20,"labels":["3.27"],"track_ids":[20],"conf":0.949,"n_frames":17,"first_ts":1790777665994140000,"last_ts":1790777666527477000,"image":"session_2026-09-30_14-10-32_checkpoint_017_photos/session_2026-09-30_14-10-32_checkpoint_017_sign_20.jpg","photo_url":"https://drive.google.com/thumbnail?id=1KhhYyPSol3JMUzCpxyCSvVjGDLQIenGm&sz=w1200","photo_view":"https://drive.google.com/file/d/1KhhYyPSol3JMUzCpxyCSvVjGDLQIenGm/view","label_stats":{"3.27":{"detections":17,"mean_conf":0.926,"max_conf":0.949}},"alt":365.68,"session":"2026-09-30_session_2026-09-30_14-10-32","kind":"sign"}},{"type":"Feature","geometry":{"type":"Point","coordinates":[44.9709685,41.5667579]},"properties":{"pole_id":21,"labels":["3.27"],"track_ids":[21],"conf":0.953,"n_frames":18,"first_ts":1790777669127495000,"last_ts":1790777669660828000,"image":"session_2026-09-30_14-10-32_checkpoint_017_photos/session_2026-09-30_14-10-32_checkpoint_017_sign_21.jpg","photo_url":"https://drive.google.com/thumbnail?id=1-jldIhLq0PQZMvGC5DQC0Wym9Gc85qJ2&sz=w1200","photo_view":"https://drive.google.com/file/d/1-jldIhLq0PQZMvGC5DQC0Wym9Gc85qJ2/view","label_stats":{"3.27":{"detections":18,"mean_conf":0.902,"max_conf":0.953}},"alt":363.83,"session":"2026-09-30_session_2026-09-30_14-10-32","kind":"sign"}},{"type":"Feature","geometry":{"type":"Point","coordinates":[44.9693636,41.5674763]},"properties":{"pole_id":22,"labels":["5.16"],"track_ids":[22],"conf":0.941,"n_frames":44,"first_ts":1790777684260969000,"last_ts":1790777685494313000,"image":"session_2026-09-30_14-10-32_checkpoint_017_photos/session_2026-09-30_14-10-32_checkpoint_017_sign_22.jpg","photo_url":"https://drive.google.com/thumbnail?id=1fc8IUyY1qV8nTArSxmF6J_WxjZljC9Cp&sz=w1200","photo_view":"https://drive.google.com/file/d/1fc8IUyY1qV8nTArSxmF6J_WxjZljC9Cp/view","label_stats":{"5.16":{"detections":37,"mean_conf":0.763,"max_conf":0.941}},"alt":365.54,"session":"2026-09-30_session_2026-09-30_14-10-32","kind":"sign"}},{"type":"Feature","geometry":{"type":"Point","coordinates":[44.9691293,41.5674127]},"properties":{"pole_id":23,"labels":["7.3.1"],"track_ids":[23],"conf":0.904,"n_frames":3,"first_ts":1790777686560985000,"last_ts":1790777686627649000,"image":"session_2026-09-30_14-10-32_checkpoint_017_photos/session_2026-09-30_14-10-32_checkpoint_017_sign_23.jpg","photo_url":"https://drive.google.com/thumbnail?id=1qOoempBVhjaZG7EbenyHgPP3vPqWVcBr&sz=w1200","photo_view":"https://drive.google.com/file/d/1qOoempBVhjaZG7EbenyHgPP3vPqWVcBr/view","label_stats":{"7.3.1":{"detections":3,"mean_conf":0.844,"max_conf":0.904}},"alt":363.67,"session":"2026-09-30_session_2026-09-30_14-10-32","kind":"sign"}},{"type":"Feature","geometry":{"type":"Point","coordinates":[44.9688589,41.5676743]},"properties":{"pole_id":24,"labels":["2.1"],"track_ids":[24],"conf":0.904,"n_frames":36,"first_ts":1790777692594375000,"last_ts":1790777728161340000,"image":"session_2026-09-30_14-10-32_checkpoint_017_photos/session_2026-09-30_14-10-32_checkpoint_017_sign_24.jpg","photo_url":"https://drive.google.com/thumbnail?id=1BrdDiCWQJ_0MtVBrTSfCPjzF6Ds16XzR&sz=w1200","photo_view":"https://drive.google.com/file/d/1BrdDiCWQJ_0MtVBrTSfCPjzF6Ds16XzR/view","label_stats":{"2.1":{"detections":36,"mean_conf":0.848,"max_conf":0.904}},"alt":366.37,"session":"2026-09-30_session_2026-09-30_14-10-32","kind":"sign"}},{"type":"Feature","geometry":{"type":"Point","coordinates":[44.9688196,41.5676954]},"properties":{"pole_id":25,"labels":["2.1","4.1.4"],"track_ids":[25],"conf":0.952,"n_frames":114,"first_ts":1790777729294700000,"last_ts":1790777731194706000,"image":"session_2026-09-30_14-10-32_checkpoint_017_photos/session_2026-09-30_14-10-32_checkpoint_017_sign_25.jpg","photo_url":"https://drive.google.com/thumbnail?id=19aBM80BbODq7yN1JOHkB1HtVgG8cIF30&sz=w1200","photo_view":"https://drive.google.com/file/d/19aBM80BbODq7yN1JOHkB1HtVgG8cIF30/view","label_stats":{"2.1":{"detections":58,"mean_conf":0.886,"max_conf":0.952},"4.1.4":{"detections":56,"mean_conf":0.898,"max_conf":0.946}},"alt":367.35,"session":"2026-09-30_session_2026-09-30_14-10-32","kind":"sign"}},{"type":"Feature","geometry":{"type":"Point","coordinates":[44.9686914,41.5675943]},"properties":{"pole_id":26,"labels":["4.2.1"],"track_ids":[26],"conf":0.933,"n_frames":14,"first_ts":1790777730761378000,"last_ts":1790777731194706000,"image":"session_2026-09-30_14-10-32_checkpoint_017_photos/session_2026-09-30_14-10-32_checkpoint_017_sign_26.jpg","photo_url":"https://drive.google.com/thumbnail?id=1ZwmvedmzC780v65DgKfRKkGJ3Wxaiu5B&sz=w1200","photo_view":"https://drive.google.com/file/d/1ZwmvedmzC780v65DgKfRKkGJ3Wxaiu5B/view","label_stats":{"4.2.1":{"detections":14,"mean_conf":0.925,"max_conf":0.933}},"alt":365.36,"session":"2026-09-30_session_2026-09-30_14-10-32","kind":"sign"}},{"type":"Feature","geometry":{"type":"Point","coordinates":[44.9686621,41.5677558]},"properties":{"pole_id":27,"labels":["5.19.1"],"track_ids":[27],"conf":0.932,"n_frames":46,"first_ts":1790777732028038000,"last_ts":1790777733528063000,"image":"session_2026-09-30_14-10-32_checkpoint_017_photos/session_2026-09-30_14-10-32_checkpoint_017_sign_27.jpg","photo_url":"https://drive.google.com/thumbnail?id=19ZTuanFj2836M1ebUxtsKp-RiBeQ0aKh&sz=w1200","photo_view":"https://drive.google.com/file/d/19ZTuanFj2836M1ebUxtsKp-RiBeQ0aKh/view","label_stats":{"5.19.1":{"detections":46,"mean_conf":0.913,"max_conf":0.932}},"alt":367.78,"session":"2026-09-30_session_2026-09-30_14-10-32","kind":"sign"}},{"type":"Feature","geometry":{"type":"Point","coordinates":[44.9682799,41.5677552]},"properties":{"pole_id":28,"labels":["4.2.1"],"track_ids":[28],"conf":0.915,"n_frames":7,"first_ts":1790777735728070000,"last_ts":1790777736128078000,"image":"session_2026-09-30_14-10-32_checkpoint_017_photos/session_2026-09-30_14-10-32_checkpoint_017_sign_28.jpg","photo_url":"https://drive.google.com/thumbnail?id=1N9-vwAkT3xFJozlK1mHkKFfBBdV3MH8l&sz=w1200","photo_view":"https://drive.google.com/file/d/1N9-vwAkT3xFJozlK1mHkKFfBBdV3MH8l/view","label_stats":{"4.2.1":{"detections":7,"mean_conf":0.89,"max_conf":0.915}},"alt":365.6,"session":"2026-09-30_session_2026-09-30_14-10-32","kind":"sign"}},{"type":"Feature","geometry":{"type":"Point","coordinates":[44.968283,41.5679111]},"properties":{"pole_id":29,"labels":["3.27","5.5"],"track_ids":[29],"conf":0.943,"n_frames":74,"first_ts":1790777736194742000,"last_ts":1790777737528095000,"image":"session_2026-09-30_14-10-32_checkpoint_017_photos/session_2026-09-30_14-10-32_checkpoint_017_sign_29.jpg","photo_url":"https://drive.google.com/thumbnail?id=18cc2YQjuexWthaoF5RtvkpX6whDPwVIV&sz=w1200","photo_view":"https://drive.google.com/file/d/18cc2YQjuexWthaoF5RtvkpX6whDPwVIV/view","label_stats":{"3.27":{"detections":35,"mean_conf":0.885,"max_conf":0.943},"5.5":{"detections":19,"mean_conf":0.818,"max_conf":0.911}},"alt":367.88,"session":"2026-09-30_session_2026-09-30_14-10-32","kind":"sign"}},{"type":"Feature","geometry":{"type":"Point","coordinates":[44.9676938,41.5681447]},"properties":{"pole_id":30,"labels":["4.1.4"],"track_ids":[30],"conf":0.946,"n_frames":25,"first_ts":1790777741394797000,"last_ts":1790777742194787000,"image":"session_2026-09-30_14-10-32_checkpoint_017_photos/session_2026-09-30_14-10-32_checkpoint_017_sign_30.jpg","photo_url":"https://drive.google.com/thumbnail?id=1CDxgT3Xlv72zYPIWt_ZI48mDG2N3tL7J&sz=w1200","photo_view":"https://drive.google.com/file/d/1CDxgT3Xlv72zYPIWt_ZI48mDG2N3tL7J/view","label_stats":{"4.1.4":{"detections":25,"mean_conf":0.893,"max_conf":0.946}},"alt":368.06,"session":"2026-09-30_session_2026-09-30_14-10-32","kind":"sign"}},{"type":"Feature","geometry":{"type":"Point","coordinates":[44.9674336,41.5682619]},"properties":{"pole_id":31,"labels":["3.27"],"track_ids":[31],"conf":0.951,"n_frames":21,"first_ts":1790777743328150000,"last_ts":1790777743994812000,"image":"session_2026-09-30_14-10-32_checkpoint_017_photos/session_2026-09-30_14-10-32_checkpoint_017_sign_31.jpg","photo_url":"https://drive.google.com/thumbnail?id=1TuCnlgutmOlJ41STUn2psPluNKt5mcgq&sz=w1200","photo_view":"https://drive.google.com/file/d/1TuCnlgutmOlJ41STUn2psPluNKt5mcgq/view","label_stats":{"3.27":{"detections":21,"mean_conf":0.911,"max_conf":0.951}},"alt":368.14,"session":"2026-09-30_session_2026-09-30_14-10-32","kind":"sign"}},{"type":"Feature","geometry":{"type":"Point","coordinates":[44.9664146,41.5686969]},"properties":{"pole_id":32,"labels":["3.27"],"track_ids":[32],"conf":0.943,"n_frames":18,"first_ts":1790777750261535000,"last_ts":1790777750794870000,"image":"session_2026-09-30_14-10-32_checkpoint_017_photos/session_2026-09-30_14-10-32_checkpoint_017_sign_32.jpg","photo_url":"https://drive.google.com/thumbnail?id=1DhTEPIi4_vpnVtMgyepCHDjhadAnARyt&sz=w1200","photo_view":"https://drive.google.com/file/d/1DhTEPIi4_vpnVtMgyepCHDjhadAnARyt/view","label_stats":{"3.27":{"detections":18,"mean_conf":0.892,"max_conf":0.943}},"alt":368.36,"session":"2026-09-30_session_2026-09-30_14-10-32","kind":"sign"}},{"type":"Feature","geometry":{"type":"Point","coordinates":[44.9651878,41.5692156]},"properties":{"pole_id":33,"labels":["5.19.1"],"track_ids":[33],"conf":0.936,"n_frames":55,"first_ts":1790777760861605000,"last_ts":1790777762661630000,"image":"session_2026-09-30_14-10-32_checkpoint_017_photos/session_2026-09-30_14-10-32_checkpoint_017_sign_33.jpg","photo_url":"https://drive.google.com/thumbnail?id=1je2kPxmN2GyhgHyuvj76HjQTrQUDsH6j&sz=w1200","photo_view":"https://drive.google.com/file/d/1je2kPxmN2GyhgHyuvj76HjQTrQUDsH6j/view","label_stats":{"5.19.1":{"detections":87,"mean_conf":0.919,"max_conf":0.947}},"alt":367.59,"session":"2026-09-30_session_2026-09-30_14-10-32","kind":"sign"}},{"type":"Feature","geometry":{"type":"Point","coordinates":[44.9650877,41.5691539]},"properties":{"pole_id":34,"labels":["5.19.1"],"track_ids":[34],"conf":0.951,"n_frames":188,"first_ts":1790777761628305000,"last_ts":1790777767995008000,"image":"session_2026-09-30_14-10-32_checkpoint_017_photos/session_2026-09-30_14-10-32_checkpoint_017_sign_34.jpg","photo_url":"https://drive.google.com/thumbnail?id=1C_DzqlBTyfWSgXz6rIS3FUD4XGWOKB8v&sz=w1200","photo_view":"https://drive.google.com/file/d/1C_DzqlBTyfWSgXz6rIS3FUD4XGWOKB8v/view","label_stats":{"5.19.1":{"detections":220,"mean_conf":0.907,"max_conf":0.951}},"alt":370.0,"session":"2026-09-30_session_2026-09-30_14-10-32","kind":"sign"}},{"type":"Feature","geometry":{"type":"Point","coordinates":[44.965101,41.5692478]},"properties":{"pole_id":35,"labels":["5.16"],"track_ids":[35],"conf":0.941,"n_frames":384,"first_ts":1790777764261634000,"last_ts":1790777776628404000,"image":"session_2026-09-30_14-10-32_checkpoint_017_photos/session_2026-09-30_14-10-32_checkpoint_017_sign_35.jpg","photo_url":"https://drive.google.com/thumbnail?id=1C4nhYqWYgv82cmtKe7KovVDC8_dJv4_F&sz=w1200","photo_view":"https://drive.google.com/file/d/1C4nhYqWYgv82cmtKe7KovVDC8_dJv4_F/view","label_stats":{"5.16":{"detections":382,"mean_conf":0.837,"max_conf":0.941}},"alt":369.81,"session":"2026-09-30_session_2026-09-30_14-10-32","kind":"sign"}},{"type":"Feature","geometry":{"type":"Point","coordinates":[44.9634233,41.5699268]},"properties":{"pole_id":36,"labels":["4.2.3"],"track_ids":[36],"conf":0.961,"n_frames":16,"first_ts":1790777793028558000,"last_ts":1790777793528546000,"image":"session_2026-09-30_14-10-32_checkpoint_017_photos/session_2026-09-30_14-10-32_checkpoint_017_sign_36.jpg","photo_url":"https://drive.google.com/thumbnail?id=1ncI3GjwpVn6J1lMROrFj2fCHiA84GGCf&sz=w1200","photo_view":"https://drive.google.com/file/d/1ncI3GjwpVn6J1lMROrFj2fCHiA84GGCf/view","label_stats":{"4.2.3":{"detections":16,"mean_conf":0.947,"max_conf":0.961}},"alt":363.54,"session":"2026-09-30_session_2026-09-30_14-10-32","kind":"sign"}},{"type":"Feature","geometry":{"type":"Point","coordinates":[44.9627951,41.5703274]},"properties":{"pole_id":37,"labels":["5.5","5.1"],"track_ids":[37],"conf":0.952,"n_frames":32,"first_ts":1790777798795261000,"last_ts":1790777799295278000,"image":"session_2026-09-30_14-10-32_checkpoint_017_photos/session_2026-09-30_14-10-32_checkpoint_017_sign_37.jpg","photo_url":"https://drive.google.com/thumbnail?id=1IDCRuBm0vLqfPb_FvqoQHVz3skfLOBRc&sz=w1200","photo_view":"https://drive.google.com/file/d/1IDCRuBm0vLqfPb_FvqoQHVz3skfLOBRc/view","label_stats":{"5.1":{"detections":13,"mean_conf":0.955,"max_conf":0.965},"5.5":{"detections":14,"mean_conf":0.932,"max_conf":0.952}},"alt":375.87,"session":"2026-09-30_session_2026-09-30_14-10-32","kind":"sign"}},{"type":"Feature","geometry":{"type":"Point","coordinates":[44.958975,41.5731914]},"properties":{"pole_id":38,"labels":["3.1"],"track_ids":[38],"conf":0.811,"n_frames":4,"first_ts":1790777824162140000,"last_ts":1790777824262150000,"image":"session_2026-09-30_14-10-32_checkpoint_017_photos/session_2026-09-30_14-10-32_checkpoint_017_sign_38.jpg","photo_url":"https://drive.google.com/thumbnail?id=12uF_il6L_r2Yy1FujKcRejXiNNzjYATs&sz=w1200","photo_view":"https://drive.google.com/file/d/12uF_il6L_r2Yy1FujKcRejXiNNzjYATs/view","label_stats":{"3.1":{"detections":4,"mean_conf":0.648,"max_conf":0.811}},"alt":371.96,"session":"2026-09-30_session_2026-09-30_14-10-32","kind":"sign"}},{"type":"Feature","geometry":{"type":"Point","coordinates":[44.9586294,41.5735714]},"properties":{"pole_id":39,"labels":["4.1.1"],"track_ids":[39],"conf":0.938,"n_frames":6,"first_ts":1790777826828839000,"last_ts":1790777826995485000,"image":"session_2026-09-30_14-10-32_checkpoint_017_photos/session_2026-09-30_14-10-32_checkpoint_017_sign_39.jpg","photo_url":"https://drive.google.com/thumbnail?id=1QT8bJc0SFK_MhhKEMSsnnMHuPrV_qCw8&sz=w1200","photo_view":"https://drive.google.com/file/d/1QT8bJc0SFK_MhhKEMSsnnMHuPrV_qCw8/view","label_stats":{"4.1.1":{"detections":6,"mean_conf":0.924,"max_conf":0.938}},"alt":373.08,"session":"2026-09-30_session_2026-09-30_14-10-32","kind":"sign"}},{"type":"Feature","geometry":{"type":"Point","coordinates":[44.9579338,41.5744274]},"properties":{"pole_id":40,"labels":["3.27"],"track_ids":[40],"conf":0.949,"n_frames":10,"first_ts":1790777833028868000,"last_ts":1790777833328896000,"image":"session_2026-09-30_14-10-32_checkpoint_017_photos/session_2026-09-30_14-10-32_checkpoint_017_sign_40.jpg","photo_url":"https://drive.google.com/thumbnail?id=18eccCV6dn_eDaAjqvrPi-ueF7awBO9qV&sz=w1200","photo_view":"https://drive.google.com/file/d/18eccCV6dn_eDaAjqvrPi-ueF7awBO9qV/view","label_stats":{"3.27":{"detections":10,"mean_conf":0.925,"max_conf":0.949}},"alt":372.12,"session":"2026-09-30_session_2026-09-30_14-10-32","kind":"sign"}},{"type":"Feature","geometry":{"type":"Point","coordinates":[44.9578541,41.5745397]},"properties":{"pole_id":41,"labels":["4.1.4"],"track_ids":[41],"conf":0.946,"n_frames":8,"first_ts":1790777833962211000,"last_ts":1790777834195550000,"image":"session_2026-09-30_14-10-32_checkpoint_017_photos/session_2026-09-30_14-10-32_checkpoint_017_sign_41.jpg","photo_url":"https://drive.google.com/thumbnail?id=14Mhh-uEm3Z91Go0PZ9iZ-fsBy5IM_NQx&sz=w1200","photo_view":"https://drive.google.com/file/d/14Mhh-uEm3Z91Go0PZ9iZ-fsBy5IM_NQx/view","label_stats":{"4.1.4":{"detections":8,"mean_conf":0.924,"max_conf":0.946}},"alt":372.12,"session":"2026-09-30_session_2026-09-30_14-10-32","kind":"sign"}},{"type":"Feature","geometry":{"type":"Point","coordinates":[44.9576942,41.5747839]},"properties":{"pole_id":42,"labels":["3.27"],"track_ids":[42],"conf":0.942,"n_frames":18,"first_ts":1790777835462233000,"last_ts":1790777835928905000,"image":"session_2026-09-30_14-10-32_checkpoint_017_photos/session_2026-09-30_14-10-32_checkpoint_017_sign_42.jpg","photo_url":"https://drive.google.com/thumbnail?id=1XJnQ6BHwNrvEKcZ16KjrOB7FrmZtp4Qe&sz=w1200","photo_view":"https://drive.google.com/file/d/1XJnQ6BHwNrvEKcZ16KjrOB7FrmZtp4Qe/view","label_stats":{"3.27":{"detections":15,"mean_conf":0.92,"max_conf":0.942}},"alt":373.22,"session":"2026-09-30_session_2026-09-30_14-10-32","kind":"sign"}},{"type":"Feature","geometry":{"type":"Point","coordinates":[44.9577286,41.5747734]},"properties":{"pole_id":43,"labels":["3.24_10"],"track_ids":[43],"conf":0.77,"n_frames":5,"first_ts":1790777835528897000,"last_ts":1790777835695570000,"image":"session_2026-09-30_14-10-32_checkpoint_017_photos/session_2026-09-30_14-10-32_checkpoint_017_sign_43.jpg","photo_url":"https://drive.google.com/thumbnail?id=1HW67TLn7mBiDpSycm1ef6MvZgOG0U2Jb&sz=w1200","photo_view":"https://drive.google.com/file/d/1HW67TLn7mBiDpSycm1ef6MvZgOG0U2Jb/view","label_stats":{"3.24_10":{"detections":4,"mean_conf":0.708,"max_conf":0.77}},"alt":373.07,"session":"2026-09-30_session_2026-09-30_14-10-32","kind":"sign"}},{"type":"Feature","geometry":{"type":"Point","coordinates":[44.9573595,41.575292]},"properties":{"pole_id":44,"labels":["3.27"],"track_ids":[44],"conf":0.935,"n_frames":15,"first_ts":1790777839062275000,"last_ts":1790777839528948000,"image":"session_2026-09-30_14-10-32_checkpoint_017_photos/session_2026-09-30_14-10-32_checkpoint_017_sign_44.jpg","photo_url":"https://drive.google.com/thumbnail?id=1s1hkaS2JMWUc-N82kbAytnXa_5RJBo-N&sz=w1200","photo_view":"https://drive.google.com/file/d/1s1hkaS2JMWUc-N82kbAytnXa_5RJBo-N/view","label_stats":{"3.27":{"detections":15,"mean_conf":0.909,"max_conf":0.935}},"alt":373.42,"session":"2026-09-30_session_2026-09-30_14-10-32","kind":"sign"}},{"type":"Feature","geometry":{"type":"Point","coordinates":[44.9573528,41.5753316]},"properties":{"pole_id":45,"labels":["1.7.2"],"track_ids":[45],"conf":0.923,"n_frames":6,"first_ts":1790777839495604000,"last_ts":1790777839662276000,"image":"session_2026-09-30_14-10-32_checkpoint_017_photos/session_2026-09-30_14-10-32_checkpoint_017_sign_45.jpg","photo_url":"https://drive.google.com/thumbnail?id=16b9iLPQaC4hPm3lkCjG0ahHKGD9uic_1&sz=w1200","photo_view":"https://drive.google.com/file/d/16b9iLPQaC4hPm3lkCjG0ahHKGD9uic_1/view","label_stats":{"1.7.2":{"detections":5,"mean_conf":0.856,"max_conf":0.923}},"alt":374.68,"session":"2026-09-30_session_2026-09-30_14-10-32","kind":"sign"}},{"type":"Feature","geometry":{"type":"Point","coordinates":[44.9573151,41.5753462]},"properties":{"pole_id":46,"labels":["8.3.2"],"track_ids":[46],"conf":0.803,"n_frames":7,"first_ts":1790777839628930000,"last_ts":1790777839862265000,"image":"session_2026-09-30_14-10-32_checkpoint_017_photos/session_2026-09-30_14-10-32_checkpoint_017_sign_46.jpg","photo_url":"https://drive.google.com/thumbnail?id=1_V4WXxhQ0NI0uYTWqPazTEz-zmyvgh6k&sz=w1200","photo_view":"https://drive.google.com/file/d/1_V4WXxhQ0NI0uYTWqPazTEz-zmyvgh6k/view","label_stats":{"8.3.2":{"detections":4,"mean_conf":0.621,"max_conf":0.803}},"alt":374.42,"session":"2026-09-30_session_2026-09-30_14-10-32","kind":"sign"}},{"type":"Feature","geometry":{"type":"Point","coordinates":[44.9570468,41.5757757]},"properties":{"pole_id":47,"labels":["7.6"],"track_ids":[47],"conf":0.916,"n_frames":12,"first_ts":1790777842362295000,"last_ts":1790777842762304000,"image":"session_2026-09-30_14-10-32_checkpoint_017_photos/session_2026-09-30_14-10-32_checkpoint_017_sign_47.jpg","photo_url":"https://drive.google.com/thumbnail?id=1AwoRWobfPZI2EIuOOFEXv0lq_ySvKLHl&sz=w1200","photo_view":"https://drive.google.com/file/d/1AwoRWobfPZI2EIuOOFEXv0lq_ySvKLHl/view","label_stats":{"7.6":{"detections":12,"mean_conf":0.77,"max_conf":0.916}},"alt":373.73,"session":"2026-09-30_session_2026-09-30_14-10-32","kind":"sign"}},{"type":"Feature","geometry":{"type":"Point","coordinates":[44.9569908,41.5758646]},"properties":{"pole_id":48,"labels":["3.27","Manqanis_gadayvana"],"track_ids":[48],"conf":0.948,"n_frames":20,"first_ts":1790777842962293000,"last_ts":1790777843328955000,"image":"session_2026-09-30_14-10-32_checkpoint_017_photos/session_2026-09-30_14-10-32_checkpoint_017_sign_48.jpg","photo_url":"https://drive.google.com/thumbnail?id=1k_T4iou2L0sZE1D7GcC_OTTKDGSzRraV&sz=w1200","photo_view":"https://drive.google.com/file/d/1k_T4iou2L0sZE1D7GcC_OTTKDGSzRraV/view","label_stats":{"3.27":{"detections":12,"mean_conf":0.935,"max_conf":0.948},"Manqanis_gadayvana":{"detections":8,"mean_conf":0.874,"max_conf":0.946}},"alt":373.86,"session":"2026-09-30_session_2026-09-30_14-10-32","kind":"sign"}},{"type":"Feature","geometry":{"type":"Point","coordinates":[44.9568062,41.576149]},"properties":{"pole_id":49,"labels":["3.27","Manqanis_gadayvana"],"track_ids":[49],"conf":0.944,"n_frames":18,"first_ts":1790777844795632000,"last_ts":1790777845095659000,"image":"session_2026-09-30_14-10-32_checkpoint_017_photos/session_2026-09-30_14-10-32_checkpoint_017_sign_49.jpg","photo_url":"https://drive.google.com/thumbnail?id=1ft4remgEs8Sd3aCljV_EGNAFSOk1sSVz&sz=w1200","photo_view":"https://drive.google.com/file/d/1ft4remgEs8Sd3aCljV_EGNAFSOk1sSVz/view","label_stats":{"3.27":{"detections":10,"mean_conf":0.924,"max_conf":0.944},"Manqanis_gadayvana":{"detections":8,"mean_conf":0.888,"max_conf":0.947}},"alt":374.29,"session":"2026-09-30_session_2026-09-30_14-10-32","kind":"sign"}},{"type":"Feature","geometry":{"type":"Point","coordinates":[44.9566478,41.5763785]},"properties":{"pole_id":50,"labels":["3.28"],"track_ids":[50],"conf":0.937,"n_frames":8,"first_ts":1790777846162329000,"last_ts":1790777846462327000,"image":"session_2026-09-30_14-10-32_checkpoint_017_photos/session_2026-09-30_14-10-32_checkpoint_017_sign_50.jpg","photo_url":"https://drive.google.com/thumbnail?id=1gCBIMgVrRJ7Bg2lY99bFyw9hQCc8XDuR&sz=w1200","photo_view":"https://drive.google.com/file/d/1gCBIMgVrRJ7Bg2lY99bFyw9hQCc8XDuR/view","label_stats":{"3.28":{"detections":8,"mean_conf":0.92,"max_conf":0.937}},"alt":374.49,"session":"2026-09-30_session_2026-09-30_14-10-32","kind":"sign"}},{"type":"Feature","geometry":{"type":"Point","coordinates":[44.9564452,41.5767015]},"properties":{"pole_id":51,"labels":["3.27"],"track_ids":[51],"conf":0.943,"n_frames":5,"first_ts":1790777848295668000,"last_ts":1790777848395681000,"image":"session_2026-09-30_14-10-32_checkpoint_017_photos/session_2026-09-30_14-10-32_checkpoint_017_sign_51.jpg","photo_url":"https://drive.google.com/thumbnail?id=16QLDMl6REdVTg4A46wYBO4YWOJJUoZ10&sz=w1200","photo_view":"https://drive.google.com/file/d/16QLDMl6REdVTg4A46wYBO4YWOJJUoZ10/view","label_stats":{"3.27":{"detections":4,"mean_conf":0.935,"max_conf":0.943}},"alt":374.12,"session":"2026-09-30_session_2026-09-30_14-10-32","kind":"sign"}},{"type":"Feature","geometry":{"type":"Point","coordinates":[44.9508226,41.58494]},"properties":{"pole_id":52,"labels":["5.1"],"track_ids":[52],"conf":0.623,"n_frames":6,"first_ts":1790777900292863000,"last_ts":1790777900492836000,"image":"session_2026-09-30_14-10-32_checkpoint_017_photos/session_2026-09-30_14-10-32_checkpoint_017_sign_52.jpg","photo_url":"https://drive.google.com/thumbnail?id=103ZuJcTADulvWPq1ZTTU3qpJyDddOwNM&sz=w1200","photo_view":"https://drive.google.com/file/d/103ZuJcTADulvWPq1ZTTU3qpJyDddOwNM/view","label_stats":{"5.1":{"detections":7,"mean_conf":0.501,"max_conf":0.623}},"alt":379.63,"session":"2026-09-30_session_2026-09-30_14-10-32","kind":"sign"}},{"type":"Feature","geometry":{"type":"Point","coordinates":[44.9489696,41.5880006]},"properties":{"pole_id":53,"labels":["4.1.1"],"track_ids":[53],"conf":0.945,"n_frames":8,"first_ts":1790777918324932000,"last_ts":1790777918558250000,"image":"session_2026-09-30_14-10-32_checkpoint_017_photos/session_2026-09-30_14-10-32_checkpoint_017_sign_53.jpg","photo_url":"https://drive.google.com/thumbnail?id=1nYCNfcuZu8nZ6hdLPQ_JO0wtaQE6UC8U&sz=w1200","photo_view":"https://drive.google.com/file/d/1nYCNfcuZu8nZ6hdLPQ_JO0wtaQE6UC8U/view","label_stats":{"4.1.1":{"detections":8,"mean_conf":0.932,"max_conf":0.945}},"alt":382.48,"session":"2026-09-30_session_2026-09-30_14-10-32","kind":"sign"}},{"type":"Feature","geometry":{"type":"Point","coordinates":[44.9481565,41.5892416]},"properties":{"pole_id":54,"labels":["5.1"],"track_ids":[54],"conf":0.482,"n_frames":3,"first_ts":1790777925424463000,"last_ts":1790777925557807000,"image":"session_2026-09-30_14-10-32_checkpoint_017_photos/session_2026-09-30_14-10-32_checkpoint_017_sign_54.jpg","photo_url":"https://drive.google.com/thumbnail?id=1U_xuzTAz_aYXyzM6TUUm5LHFBSw_-aKe&sz=w1200","photo_view":"https://drive.google.com/file/d/1U_xuzTAz_aYXyzM6TUUm5LHFBSw_-aKe/view","label_stats":{"5.1":{"detections":3,"mean_conf":0.447,"max_conf":0.482}},"alt":383.39,"session":"2026-09-30_session_2026-09-30_14-10-32","kind":"sign"}},{"type":"Feature","geometry":{"type":"Point","coordinates":[44.9469429,41.5910536]},"properties":{"pole_id":55,"labels":["4.1.1"],"track_ids":[55],"conf":0.934,"n_frames":7,"first_ts":1790777937190443000,"last_ts":1790777937390422000,"image":"session_2026-09-30_14-10-32_checkpoint_017_photos/session_2026-09-30_14-10-32_checkpoint_017_sign_55.jpg","photo_url":"https://drive.google.com/thumbnail?id=1STV-9wd2q-5TGTQNV4GMm4ZGkKfGZzeX&sz=w1200","photo_view":"https://drive.google.com/file/d/1STV-9wd2q-5TGTQNV4GMm4ZGkKfGZzeX/view","label_stats":{"4.1.1":{"detections":7,"mean_conf":0.929,"max_conf":0.934}},"alt":380.81,"session":"2026-09-30_session_2026-09-30_14-10-32","kind":"sign"}},{"type":"Feature","geometry":{"type":"Point","coordinates":[44.9420842,41.59822]},"properties":{"pole_id":56,"labels":["7.20.2"],"track_ids":[56],"conf":0.553,"n_frames":3,"first_ts":1790777975921857000,"last_ts":1790777975988517000,"image":"session_2026-09-30_14-10-32_checkpoint_017_photos/session_2026-09-30_14-10-32_checkpoint_017_sign_56.jpg","photo_url":"https://drive.google.com/thumbnail?id=1eEdIWgm_cUcamk1p2fTOXq__ct2CUY2f&sz=w1200","photo_view":"https://drive.google.com/file/d/1eEdIWgm_cUcamk1p2fTOXq__ct2CUY2f/view","label_stats":{"7.20.2":{"detections":3,"mean_conf":0.468,"max_conf":0.553}},"alt":376.18,"session":"2026-09-30_session_2026-09-30_14-10-32","kind":"sign"}},{"type":"Feature","geometry":{"type":"Point","coordinates":[44.9416982,41.5989022]},"properties":{"pole_id":57,"labels":["5.1"],"track_ids":[57],"conf":0.777,"n_frames":11,"first_ts":1790777979021721000,"last_ts":1790777979221701000,"image":"session_2026-09-30_14-10-32_checkpoint_017_photos/session_2026-09-30_14-10-32_checkpoint_017_sign_57.jpg","photo_url":"https://drive.google.com/thumbnail?id=1g268ZMuV3Z_rt-hw5QBovdzEUze9COqF&sz=w1200","photo_view":"https://drive.google.com/file/d/1g268ZMuV3Z_rt-hw5QBovdzEUze9COqF/view","label_stats":{"5.1":{"detections":11,"mean_conf":0.531,"max_conf":0.777}},"alt":389.24,"session":"2026-09-30_session_2026-09-30_14-10-32","kind":"sign"}},{"type":"Feature","geometry":{"type":"Point","coordinates":[44.9387099,41.6036327]},"properties":{"pole_id":58,"labels":["4.1.1"],"track_ids":[58],"conf":0.933,"n_frames":9,"first_ts":1790778008287266000,"last_ts":1790778008553936000,"image":"session_2026-09-30_14-10-32_checkpoint_017_photos/session_2026-09-30_14-10-32_checkpoint_017_sign_58.jpg","photo_url":"https://drive.google.com/thumbnail?id=1rvGNOHLXT9048O5TUHvZUkvxdAXe1_en&sz=w1200","photo_view":"https://drive.google.com/file/d/1rvGNOHLXT9048O5TUHvZUkvxdAXe1_en/view","label_stats":{"4.1.1":{"detections":9,"mean_conf":0.922,"max_conf":0.933}},"alt":371.09,"session":"2026-09-30_session_2026-09-30_14-10-32","kind":"sign"}},{"type":"Feature","geometry":{"type":"Point","coordinates":[44.933863,41.6110302]},"properties":{"pole_id":59,"labels":["1.7.2"],"track_ids":[59],"conf":0.918,"n_frames":7,"first_ts":1790778053419269000,"last_ts":1790778053685940000,"image":"session_2026-09-30_14-10-32_checkpoint_017_photos/session_2026-09-30_14-10-32_checkpoint_017_sign_59.jpg","photo_url":"https://drive.google.com/thumbnail?id=1i5X3CsBNO4Il9es5dad0kT61fKrlHVrA&sz=w1200","photo_view":"https://drive.google.com/file/d/1i5X3CsBNO4Il9es5dad0kT61fKrlHVrA/view","label_stats":{"1.7.2":{"detections":5,"mean_conf":0.894,"max_conf":0.918}},"alt":376.18,"session":"2026-09-30_session_2026-09-30_14-10-32","kind":"sign"}},{"type":"Feature","geometry":{"type":"Point","coordinates":[44.9251596,41.6242945]},"properties":{"pole_id":60,"labels":["5.15.3"],"track_ids":[60],"conf":0.771,"n_frames":8,"first_ts":1790778128617796000,"last_ts":1790778128851125000,"image":"session_2026-09-30_14-10-32_checkpoint_017_photos/session_2026-09-30_14-10-32_checkpoint_017_sign_60.jpg","photo_url":"https://drive.google.com/thumbnail?id=1v45bscNQavR7UwhMQDbW0poax0RmQ3s3&sz=w1200","photo_view":"https://drive.google.com/file/d/1v45bscNQavR7UwhMQDbW0poax0RmQ3s3/view","label_stats":{"5.15.3":{"detections":8,"mean_conf":0.697,"max_conf":0.771}},"alt":384.48,"session":"2026-09-30_session_2026-09-30_14-10-32","kind":"sign"}},{"type":"Feature","geometry":{"type":"Point","coordinates":[44.9246186,41.6250519]},"properties":{"pole_id":61,"labels":["5.1"],"track_ids":[61],"conf":0.569,"n_frames":3,"first_ts":1790778133384392000,"last_ts":1790778133451054000,"image":"session_2026-09-30_14-10-32_checkpoint_017_photos/session_2026-09-30_14-10-32_checkpoint_017_sign_61.jpg","photo_url":"https://drive.google.com/thumbnail?id=11b0AALITWixt95NjYBXXP4Z3GGF9buyr&sz=w1200","photo_view":"https://drive.google.com/file/d/11b0AALITWixt95NjYBXXP4Z3GGF9buyr/view","label_stats":{"5.1":{"detections":3,"mean_conf":0.495,"max_conf":0.569}},"alt":389.12,"session":"2026-09-30_session_2026-09-30_14-10-32","kind":"sign"}},{"type":"Feature","geometry":{"type":"Point","coordinates":[44.9150033,41.6396459]},"properties":{"pole_id":62,"labels":["3.24_70"],"track_ids":[62],"conf":0.957,"n_frames":13,"first_ts":1790778221283357000,"last_ts":1790778221650013000,"image":"session_2026-09-30_14-10-32_checkpoint_017_photos/session_2026-09-30_14-10-32_checkpoint_017_sign_62.jpg","photo_url":"https://drive.google.com/thumbnail?id=1D104tOF8cV_WaQobZg78X-OfBsE05ues&sz=w1200","photo_view":"https://drive.google.com/file/d/1D104tOF8cV_WaQobZg78X-OfBsE05ues/view","label_stats":{"3.24_70":{"detections":18,"mean_conf":0.918,"max_conf":0.96}},"alt":425.19,"session":"2026-09-30_session_2026-09-30_14-10-32","kind":"sign"}},{"type":"Feature","geometry":{"type":"Point","coordinates":[44.9148271,41.6396492]},"properties":{"pole_id":63,"labels":["3.24_70"],"track_ids":[63],"conf":0.96,"n_frames":6,"first_ts":1790778221350020000,"last_ts":1790778221550032000,"image":"session_2026-09-30_14-10-32_checkpoint_017_photos/session_2026-09-30_14-10-32_checkpoint_017_sign_63.jpg","photo_url":"https://drive.google.com/thumbnail?id=1GJLW-K9rhO7cUEQShY1DfsoArbe_Iqrc&sz=w1200","photo_view":"https://drive.google.com/file/d/1GJLW-K9rhO7cUEQShY1DfsoArbe_Iqrc/view","label_stats":{"3.24_70":{"detections":13,"mean_conf":0.928,"max_conf":0.96}},"alt":421.5,"session":"2026-09-30_session_2026-09-30_14-10-32","kind":"sign"}},{"type":"Feature","geometry":{"type":"Point","coordinates":[44.9144798,41.6401859]},"properties":{"pole_id":64,"labels":["3.24_50","3.24_90"],"track_ids":[64],"conf":0.921,"n_frames":16,"first_ts":1790778225750000000,"last_ts":1790778226116655000,"image":"session_2026-09-30_14-10-32_checkpoint_017_photos/session_2026-09-30_14-10-32_checkpoint_017_sign_64.jpg","photo_url":"https://drive.google.com/thumbnail?id=1MCf06GEoTgNQugjm2RCRh-2ffsmBFxvE&sz=w1200","photo_view":"https://drive.google.com/file/d/1MCf06GEoTgNQugjm2RCRh-2ffsmBFxvE/view","label_stats":{"3.24_90":{"detections":6,"mean_conf":0.624,"max_conf":0.766},"3.24_50":{"detections":15,"mean_conf":0.792,"max_conf":0.921}},"alt":422.37,"session":"2026-09-30_session_2026-09-30_14-10-32","kind":"sign"}},{"type":"Feature","geometry":{"type":"Point","coordinates":[44.9146444,41.6402011]},"properties":{"pole_id":65,"labels":["3.24_50"],"track_ids":[65],"conf":0.924,"n_frames":12,"first_ts":1790778225949986000,"last_ts":1790778226283323000,"image":"session_2026-09-30_14-10-32_checkpoint_017_photos/session_2026-09-30_14-10-32_checkpoint_017_sign_65.jpg","photo_url":"https://drive.google.com/thumbnail?id=1tA7pAbXXhIv6n1im-ECPmCMTPpI_jitT&sz=w1200","photo_view":"https://drive.google.com/file/d/1tA7pAbXXhIv6n1im-ECPmCMTPpI_jitT/view","label_stats":{"3.24_50":{"detections":16,"mean_conf":0.857,"max_conf":0.924}},"alt":426.65,"session":"2026-09-30_session_2026-09-30_14-10-32","kind":"sign"}},{"type":"Feature","geometry":{"type":"Point","coordinates":[44.9143555,41.6406229]},"properties":{"pole_id":66,"labels":["4.1.1"],"track_ids":[66],"conf":0.937,"n_frames":39,"first_ts":1790778230683277000,"last_ts":1790778232049947000,"image":"session_2026-09-30_14-10-32_checkpoint_017_photos/session_2026-09-30_14-10-32_checkpoint_017_sign_66.jpg","photo_url":"https://drive.google.com/thumbnail?id=1OxwJNRbtB9i6CZo9vUUe7k8LnhEIIM0h&sz=w1200","photo_view":"https://drive.google.com/file/d/1OxwJNRbtB9i6CZo9vUUe7k8LnhEIIM0h/view","label_stats":{"4.1.1":{"detections":39,"mean_conf":0.919,"max_conf":0.937}},"alt":422.86,"session":"2026-09-30_session_2026-09-30_14-10-32","kind":"sign"}},{"type":"Feature","geometry":{"type":"Point","coordinates":[44.9139147,41.6412844]},"properties":{"pole_id":67,"labels":["4.2.1"],"track_ids":[67],"conf":0.94,"n_frames":20,"first_ts":1790778265216333000,"last_ts":1790778265849665000,"image":"session_2026-09-30_14-10-32_checkpoint_017_photos/session_2026-09-30_14-10-32_checkpoint_017_sign_67.jpg","photo_url":"https://drive.google.com/thumbnail?id=1NtDQ2fmi7ohCBjV_NT8RhO_DsWW7HuPO&sz=w1200","photo_view":"https://drive.google.com/file/d/1NtDQ2fmi7ohCBjV_NT8RhO_DsWW7HuPO/view","label_stats":{"4.2.1":{"detections":20,"mean_conf":0.91,"max_conf":0.94}},"alt":387.02,"session":"2026-09-30_session_2026-09-30_14-10-32","kind":"sign"}},{"type":"Feature","geometry":{"type":"Point","coordinates":[44.9137603,41.6417767]},"properties":{"pole_id":68,"labels":["3.1"],"track_ids":[68],"conf":0.897,"n_frames":4,"first_ts":1790778270082984000,"last_ts":1790778270182962000,"image":"session_2026-09-30_14-10-32_checkpoint_017_photos/session_2026-09-30_14-10-32_checkpoint_017_sign_68.jpg","photo_url":"https://drive.google.com/thumbnail?id=1CFiVPPv5R1kKVbFphbxuq9FXDgTwOAFU&sz=w1200","photo_view":"https://drive.google.com/file/d/1CFiVPPv5R1kKVbFphbxuq9FXDgTwOAFU/view","label_stats":{"3.1":{"detections":4,"mean_conf":0.739,"max_conf":0.897}},"alt":403.74,"session":"2026-09-30_session_2026-09-30_14-10-32","kind":"sign"}},{"type":"Feature","geometry":{"type":"Point","coordinates":[44.912339,41.6437324]},"properties":{"pole_id":69,"labels":["3.13"],"track_ids":[69],"conf":0.917,"n_frames":21,"first_ts":1790778286249540000,"last_ts":1790778286916194000,"image":"session_2026-09-30_14-10-32_checkpoint_017_photos/session_2026-09-30_14-10-32_checkpoint_017_sign_69.jpg","photo_url":"https://drive.google.com/thumbnail?id=1hX84fboMJKghHoeNBtFMu5hJRzns80x6&sz=w1200","photo_view":"https://drive.google.com/file/d/1hX84fboMJKghHoeNBtFMu5hJRzns80x6/view","label_stats":{"3.13":{"detections":21,"mean_conf":0.856,"max_conf":0.917}},"alt":417.63,"session":"2026-09-30_session_2026-09-30_14-10-32","kind":"sign"}},{"type":"Feature","geometry":{"type":"Point","coordinates":[44.9119532,41.644526]},"properties":{"pole_id":70,"labels":["5.16"],"track_ids":[70],"conf":0.949,"n_frames":34,"first_ts":1790778294749462000,"last_ts":1790778295982812000,"image":"session_2026-09-30_14-10-32_checkpoint_017_photos/session_2026-09-30_14-10-32_checkpoint_017_sign_70.jpg","photo_url":"https://drive.google.com/thumbnail?id=12gvab4eWYjMJT4Bl2kFk40HHQRkPcIzG&sz=w1200","photo_view":"https://drive.google.com/file/d/12gvab4eWYjMJT4Bl2kFk40HHQRkPcIzG/view","label_stats":{"5.16":{"detections":34,"mean_conf":0.923,"max_conf":0.949}},"alt":409.17,"session":"2026-09-30_session_2026-09-30_14-10-32","kind":"sign"}},{"type":"Feature","geometry":{"type":"Point","coordinates":[44.9118633,41.644626]},"properties":{"pole_id":71,"labels":["4.2.2"],"track_ids":[71],"conf":0.886,"n_frames":7,"first_ts":1790778296716124000,"last_ts":1790778297182787000,"image":"session_2026-09-30_14-10-32_checkpoint_017_photos/session_2026-09-30_14-10-32_checkpoint_017_sign_71.jpg","photo_url":"https://drive.google.com/thumbnail?id=1lTdgQ9t4-34GRqOFoeVrU_3XNePUqMM0&sz=w1200","photo_view":"https://drive.google.com/file/d/1lTdgQ9t4-34GRqOFoeVrU_3XNePUqMM0/view","label_stats":{"4.2.2":{"detections":9,"mean_conf":0.884,"max_conf":0.891}},"alt":412.35,"session":"2026-09-30_session_2026-09-30_14-10-32","kind":"sign"}},{"type":"Feature","geometry":{"type":"Point","coordinates":[44.9118359,41.6446725]},"properties":{"pole_id":72,"labels":["4.2.2"],"track_ids":[72],"conf":0.955,"n_frames":314,"first_ts":1790778297049463000,"last_ts":1790778306649388000,"image":"session_2026-09-30_14-10-32_checkpoint_017_photos/session_2026-09-30_14-10-32_checkpoint_017_sign_72.jpg","photo_url":"https://drive.google.com/thumbnail?id=1DFSqx4loj02nfj7rxQYuui_bt0vCiD8C&sz=w1200","photo_view":"https://drive.google.com/file/d/1DFSqx4loj02nfj7rxQYuui_bt0vCiD8C/view","label_stats":{"4.2.2":{"detections":289,"mean_conf":0.924,"max_conf":0.955}},"alt":404.85,"session":"2026-09-30_session_2026-09-30_14-10-32","kind":"sign"}},{"type":"Feature","geometry":{"type":"Point","coordinates":[44.9117575,41.6447884]},"properties":{"pole_id":73,"labels":["4.1.1"],"track_ids":[73],"conf":0.937,"n_frames":760,"first_ts":1790778307816048000,"last_ts":1790778333115915000,"image":"session_2026-09-30_14-10-32_checkpoint_017_photos/session_2026-09-30_14-10-32_checkpoint_017_sign_73.jpg","photo_url":"https://drive.google.com/thumbnail?id=1SKQuyZUg0ZOxeNjiSvuS4r1NtuzXms78&sz=w1200","photo_view":"https://drive.google.com/file/d/1SKQuyZUg0ZOxeNjiSvuS4r1NtuzXms78/view","label_stats":{"4.1.1":{"detections":760,"mean_conf":0.919,"max_conf":0.937}},"alt":406.23,"session":"2026-09-30_session_2026-09-30_14-10-32","kind":"sign"}},{"type":"Feature","geometry":{"type":"Point","coordinates":[44.9117398,41.6448171]},"properties":{"pole_id":74,"labels":["4.1.1"],"track_ids":[74],"conf":0.958,"n_frames":303,"first_ts":1790778333149233000,"last_ts":1790778343215858000,"image":"session_2026-09-30_14-10-32_checkpoint_017_photos/session_2026-09-30_14-10-32_checkpoint_017_sign_74.jpg","photo_url":"https://drive.google.com/thumbnail?id=13UDWwjke0DVVGoZ4yy192ftRb87JfRb-&sz=w1200","photo_view":"https://drive.google.com/file/d/13UDWwjke0DVVGoZ4yy192ftRb87JfRb-/view","label_stats":{"4.1.1":{"detections":303,"mean_conf":0.925,"max_conf":0.958}},"alt":398.49,"session":"2026-09-30_session_2026-09-30_14-10-32","kind":"sign"}},{"type":"Feature","geometry":{"type":"Point","coordinates":[44.9103579,41.6469375]},"properties":{"pole_id":75,"labels":["5.16"],"track_ids":[75],"conf":0.95,"n_frames":17,"first_ts":1790778406481410000,"last_ts":1790778407014722000,"image":"session_2026-09-30_14-10-32_checkpoint_017_photos/session_2026-09-30_14-10-32_checkpoint_017_sign_75.jpg","photo_url":"https://drive.google.com/thumbnail?id=15uNHqrvEpbbT1WIgd3E2bDUVDplxmy-b&sz=w1200","photo_view":"https://drive.google.com/file/d/15uNHqrvEpbbT1WIgd3E2bDUVDplxmy-b/view","label_stats":{"5.16":{"detections":17,"mean_conf":0.94,"max_conf":0.95}},"alt":405.41,"session":"2026-09-30_session_2026-09-30_14-10-32","kind":"sign"}},{"type":"Feature","geometry":{"type":"Point","coordinates":[44.910201,41.6470665]},"properties":{"pole_id":76,"labels":["3.24_90"],"track_ids":[76],"conf":0.525,"n_frames":6,"first_ts":1790778409214635000,"last_ts":1790778409781291000,"image":"session_2026-09-30_14-10-32_checkpoint_017_photos/session_2026-09-30_14-10-32_checkpoint_017_sign_76.jpg","photo_url":"https://drive.google.com/thumbnail?id=1XfPUFeUYWwMJaPN03Eft0gbpiy5l3BdG&sz=w1200","photo_view":"https://drive.google.com/file/d/1XfPUFeUYWwMJaPN03Eft0gbpiy5l3BdG/view","label_stats":{"3.24_90":{"detections":6,"mean_conf":0.462,"max_conf":0.525}},"alt":403.54,"session":"2026-09-30_session_2026-09-30_14-10-32","kind":"sign"}},{"type":"Feature","geometry":{"type":"Point","coordinates":[44.9098235,41.6473888]},"properties":{"pole_id":77,"labels":["5.16"],"track_ids":[77],"conf":0.954,"n_frames":7,"first_ts":1790778418147695000,"last_ts":1790778418347703000,"image":"session_2026-09-30_14-10-32_checkpoint_017_photos/session_2026-09-30_14-10-32_checkpoint_017_sign_77.jpg","photo_url":"https://drive.google.com/thumbnail?id=1800gzYrlfZvkM18Q55RRUSsQzVeyFIeD&sz=w1200","photo_view":"https://drive.google.com/file/d/1800gzYrlfZvkM18Q55RRUSsQzVeyFIeD/view","label_stats":{"5.16":{"detections":7,"mean_conf":0.941,"max_conf":0.954}},"alt":400.94,"session":"2026-09-30_session_2026-09-30_14-10-32","kind":"sign"}},{"type":"Feature","geometry":{"type":"Point","coordinates":[44.9084136,41.6497327]},"properties":{"pole_id":78,"labels":["3.27"],"track_ids":[78],"conf":0.93,"n_frames":36,"first_ts":1790778452746723000,"last_ts":1790778453646688000,"image":"session_2026-09-30_14-10-32_checkpoint_017_photos/session_2026-09-30_14-10-32_checkpoint_017_sign_78.jpg","photo_url":"https://drive.google.com/thumbnail?id=1nOJXUwB9Pu0ju2v9YfEkLgUFyGxVyyNA&sz=w1200","photo_view":"https://drive.google.com/file/d/1nOJXUwB9Pu0ju2v9YfEkLgUFyGxVyyNA/view","label_stats":{"3.27":{"detections":29,"mean_conf":0.866,"max_conf":0.93}},"alt":408.96,"session":"2026-09-30_session_2026-09-30_14-10-32","kind":"sign"}},{"type":"Feature","geometry":{"type":"Point","coordinates":[44.907406,41.6510021]},"properties":{"pole_id":79,"labels":["3.27"],"track_ids":[79],"conf":0.925,"n_frames":22,"first_ts":1790778464213072000,"last_ts":1790778464746387000,"image":"session_2026-09-30_14-10-32_checkpoint_017_photos/session_2026-09-30_14-10-32_checkpoint_017_sign_79.jpg","photo_url":"https://drive.google.com/thumbnail?id=1HygdwmJOQBRVtEvtivlCrTQjBVxm2ypd&sz=w1200","photo_view":"https://drive.google.com/file/d/1HygdwmJOQBRVtEvtivlCrTQjBVxm2ypd/view","label_stats":{"3.27":{"detections":18,"mean_conf":0.86,"max_conf":0.925}},"alt":405.43,"session":"2026-09-30_session_2026-09-30_14-10-32","kind":"sign"}},{"type":"Feature","geometry":{"type":"Point","coordinates":[44.9070046,41.6513608]},"properties":{"pole_id":80,"labels":["4.1.4","5.15.2"],"track_ids":[80],"conf":0.919,"n_frames":37,"first_ts":1790778468346301000,"last_ts":1790778468912959000,"image":"session_2026-09-30_14-10-32_checkpoint_017_photos/session_2026-09-30_14-10-32_checkpoint_017_sign_80.jpg","photo_url":"https://drive.google.com/thumbnail?id=13ZZGNFjOV9TZ8ni8LMQ3N7QA7_BB-WMe&sz=w1200","photo_view":"https://drive.google.com/file/d/13ZZGNFjOV9TZ8ni8LMQ3N7QA7_BB-WMe/view","label_stats":{"5.15.2":{"detections":12,"mean_conf":0.575,"max_conf":0.847},"4.1.4":{"detections":18,"mean_conf":0.672,"max_conf":0.919}},"alt":413.56,"session":"2026-09-30_session_2026-09-30_14-10-32","kind":"sign"}},{"type":"Feature","geometry":{"type":"Point","coordinates":[44.9067926,41.6516269]},"properties":{"pole_id":81,"labels":["4.2.2","5.16"],"track_ids":[81],"conf":0.945,"n_frames":66,"first_ts":1790778471346211000,"last_ts":1790778472746175000,"image":"session_2026-09-30_14-10-32_checkpoint_017_photos/session_2026-09-30_14-10-32_checkpoint_017_sign_81.jpg","photo_url":"https://drive.google.com/thumbnail?id=12nH_8n66GUmw9ZN1tSEdlphrK-6i9H9P&sz=w1200","photo_view":"https://drive.google.com/file/d/12nH_8n66GUmw9ZN1tSEdlphrK-6i9H9P/view","label_stats":{"4.2.2":{"detections":43,"mean_conf":0.925,"max_conf":0.945},"5.16":{"detections":22,"mean_conf":0.911,"max_conf":0.947}},"alt":406.95,"session":"2026-09-30_session_2026-09-30_14-10-32","kind":"sign"}},{"type":"Feature","geometry":{"type":"Point","coordinates":[44.9048462,41.6529078]},"properties":{"pole_id":82,"labels":["3.24_10"],"track_ids":[82],"conf":0.931,"n_frames":14,"first_ts":1790778490112409000,"last_ts":1790778490645726000,"image":"session_2026-09-30_14-10-32_checkpoint_017_photos/session_2026-09-30_14-10-32_checkpoint_017_sign_82.jpg","photo_url":"https://drive.google.com/thumbnail?id=1dtBluF-lxT_ZG21Ccs2XOM4BdKXmPuyF&sz=w1200","photo_view":"https://drive.google.com/file/d/1dtBluF-lxT_ZG21Ccs2XOM4BdKXmPuyF/view","label_stats":{"3.24_10":{"detections":12,"mean_conf":0.646,"max_conf":0.931}},"alt":397.75,"session":"2026-09-30_session_2026-09-30_14-10-32","kind":"sign"}},{"type":"Feature","geometry":{"type":"Point","coordinates":[44.9028643,41.6537891]},"properties":{"pole_id":83,"labels":["1.24","1.23","1.26"],"track_ids":[83],"conf":0.83,"n_frames":35,"first_ts":1790778508178641000,"last_ts":1790778509011973000,"image":"session_2026-09-30_14-10-32_checkpoint_017_photos/session_2026-09-30_14-10-32_checkpoint_017_sign_83.jpg","photo_url":"https://drive.google.com/thumbnail?id=1wUNOk5ovtpuT9_Du0Bvi3Iz5pEEh5jG1&sz=w1200","photo_view":"https://drive.google.com/file/d/1wUNOk5ovtpuT9_Du0Bvi3Iz5pEEh5jG1/view","label_stats":{"1.23":{"detections":10,"mean_conf":0.652,"max_conf":0.913},"1.24":{"detections":17,"mean_conf":0.661,"max_conf":0.83},"1.26":{"detections":7,"mean_conf":0.66,"max_conf":0.842}},"alt":393.75,"session":"2026-09-30_session_2026-09-30_14-10-32","kind":"sign"}},{"type":"Feature","geometry":{"type":"Point","coordinates":[44.9021378,41.654151]},"properties":{"pole_id":84,"labels":["3.24_40"],"track_ids":[84],"conf":0.935,"n_frames":26,"first_ts":1790778515478494000,"last_ts":1790778516311798000,"image":"session_2026-09-30_14-10-32_checkpoint_017_photos/session_2026-09-30_14-10-32_checkpoint_017_sign_84.jpg","photo_url":"https://drive.google.com/thumbnail?id=1oGh-HQPCXwQIiqTo8NiLMwma6eycqs2A&sz=w1200","photo_view":"https://drive.google.com/file/d/1oGh-HQPCXwQIiqTo8NiLMwma6eycqs2A/view","label_stats":{"3.24_40":{"detections":26,"mean_conf":0.922,"max_conf":0.935}},"alt":395.94,"session":"2026-09-30_session_2026-09-30_14-10-32","kind":"sign"}},{"type":"Feature","geometry":{"type":"Point","coordinates":[44.9016787,41.6543885]},"properties":{"pole_id":85,"labels":["5.16"],"track_ids":[85],"conf":0.951,"n_frames":51,"first_ts":1790778520278373000,"last_ts":1790778521945013000,"image":"session_2026-09-30_14-10-32_checkpoint_017_photos/session_2026-09-30_14-10-32_checkpoint_017_sign_85.jpg","photo_url":"https://drive.google.com/thumbnail?id=1ZsbbAesY9BB4pvfv41oClTuICLPzMfOl&sz=w1200","photo_view":"https://drive.google.com/file/d/1ZsbbAesY9BB4pvfv41oClTuICLPzMfOl/view","label_stats":{"5.16":{"detections":51,"mean_conf":0.929,"max_conf":0.951}},"alt":398.26,"session":"2026-09-30_session_2026-09-30_14-10-32","kind":"sign"}},{"type":"Feature","geometry":{"type":"Point","coordinates":[44.9014283,41.654509]},"properties":{"pole_id":86,"labels":["8.13"],"track_ids":[86],"conf":0.51,"n_frames":5,"first_ts":1790778525244921000,"last_ts":1790778533178076000,"image":"session_2026-09-30_14-10-32_checkpoint_017_photos/session_2026-09-30_14-10-32_checkpoint_017_sign_86.jpg","photo_url":"https://drive.google.com/thumbnail?id=1ZfZHF_n0vvoBdVtAcwiUJrLSy1-ynu3p&sz=w1200","photo_view":"https://drive.google.com/file/d/1ZfZHF_n0vvoBdVtAcwiUJrLSy1-ynu3p/view","label_stats":{"8.13":{"detections":3,"mean_conf":0.493,"max_conf":0.51}},"alt":401.16,"session":"2026-09-30_session_2026-09-30_14-10-32","kind":"sign"}},{"type":"Feature","geometry":{"type":"Point","coordinates":[44.8994289,41.6555871]},"properties":{"pole_id":87,"labels":["3.27"],"track_ids":[87],"conf":0.93,"n_frames":21,"first_ts":1790778567544052000,"last_ts":1790778568210694000,"image":"session_2026-09-30_14-10-32_checkpoint_017_photos/session_2026-09-30_14-10-32_checkpoint_017_sign_87.jpg","photo_url":"https://drive.google.com/thumbnail?id=1lNuoAoHFmr34Ul8cSfyMXITL--8fN0Ve&sz=w1200","photo_view":"https://drive.google.com/file/d/1lNuoAoHFmr34Ul8cSfyMXITL--8fN0Ve/view","label_stats":{"3.27":{"detections":21,"mean_conf":0.913,"max_conf":0.93}},"alt":396.7,"session":"2026-09-30_session_2026-09-30_14-10-32","kind":"sign"}},{"type":"Feature","geometry":{"type":"Point","coordinates":[44.8992966,41.6556661]},"properties":{"pole_id":88,"labels":["5.16"],"track_ids":[88],"conf":0.948,"n_frames":25,"first_ts":1790778568544026000,"last_ts":1790778569310673000,"image":"session_2026-09-30_14-10-32_checkpoint_017_photos/session_2026-09-30_14-10-32_checkpoint_017_sign_88.jpg","photo_url":"https://drive.google.com/thumbnail?id=15vrPIQWjlcce-X7OuMRWQFP_KCpM51CW&sz=w1200","photo_view":"https://drive.google.com/file/d/15vrPIQWjlcce-X7OuMRWQFP_KCpM51CW/view","label_stats":{"5.16":{"detections":25,"mean_conf":0.919,"max_conf":0.948}},"alt":397.95,"session":"2026-09-30_session_2026-09-30_14-10-32","kind":"sign"}},{"type":"Feature","geometry":{"type":"Point","coordinates":[44.8985278,41.6560883]},"properties":{"pole_id":89,"labels":["3.24_40","1.24"],"track_ids":[89],"conf":0.92,"n_frames":43,"first_ts":1790778574910553000,"last_ts":1790778575610539000,"image":"session_2026-09-30_14-10-32_checkpoint_017_photos/session_2026-09-30_14-10-32_checkpoint_017_sign_89.jpg","photo_url":"https://drive.google.com/thumbnail?id=1qfcoSo-yktMT1AWo9n71WsyA_EprZ01g&sz=w1200","photo_view":"https://drive.google.com/file/d/1qfcoSo-yktMT1AWo9n71WsyA_EprZ01g/view","label_stats":{"3.24_40":{"detections":22,"mean_conf":0.888,"max_conf":0.92},"1.24":{"detections":16,"mean_conf":0.809,"max_conf":0.937}},"alt":396.84,"session":"2026-09-30_session_2026-09-30_14-10-32","kind":"sign"}},{"type":"Feature","geometry":{"type":"Point","coordinates":[44.8978074,41.6564734]},"properties":{"pole_id":90,"labels":["1.24"],"track_ids":[90],"conf":0.938,"n_frames":19,"first_ts":1790778581077099000,"last_ts":1790778581643762000,"image":"session_2026-09-30_14-10-32_checkpoint_017_photos/session_2026-09-30_14-10-32_checkpoint_017_sign_90.jpg","photo_url":"https://drive.google.com/thumbnail?id=1CH03owjRpXiKc9VMUFkkeKCM_RrlK2c9&sz=w1200","photo_view":"https://drive.google.com/file/d/1CH03owjRpXiKc9VMUFkkeKCM_RrlK2c9/view","label_stats":{"1.24":{"detections":18,"mean_conf":0.903,"max_conf":0.938}},"alt":397.87,"session":"2026-09-30_session_2026-09-30_14-10-32","kind":"sign"}},{"type":"Feature","geometry":{"type":"Point","coordinates":[44.8967096,41.6570227]},"properties":{"pole_id":91,"labels":["3.24_40"],"track_ids":[91],"conf":0.939,"n_frames":13,"first_ts":1790778591910230000,"last_ts":1790778592310226000,"image":"session_2026-09-30_14-10-32_checkpoint_017_photos/session_2026-09-30_14-10-32_checkpoint_017_sign_91.jpg","photo_url":"https://drive.google.com/thumbnail?id=1sdHu3dO7M2xmPDdJ2p98W9uPUfMV6tHv&sz=w1200","photo_view":"https://drive.google.com/file/d/1sdHu3dO7M2xmPDdJ2p98W9uPUfMV6tHv/view","label_stats":{"3.24_40":{"detections":13,"mean_conf":0.899,"max_conf":0.939}},"alt":396.53,"session":"2026-09-30_session_2026-09-30_14-10-32","kind":"sign"}},{"type":"Feature","geometry":{"type":"Point","coordinates":[44.8957934,41.6574981]},"properties":{"pole_id":92,"labels":["5.16"],"track_ids":[92],"conf":0.945,"n_frames":58,"first_ts":1790778606976633000,"last_ts":1790778608809921000,"image":"session_2026-09-30_14-10-32_checkpoint_017_photos/session_2026-09-30_14-10-32_checkpoint_017_sign_92.jpg","photo_url":"https://drive.google.com/thumbnail?id=1enWEHqCjtH0CSHHsPZS30c9o9YvmcfZa&sz=w1200","photo_view":"https://drive.google.com/file/d/1enWEHqCjtH0CSHHsPZS30c9o9YvmcfZa/view","label_stats":{"5.16":{"detections":58,"mean_conf":0.92,"max_conf":0.945}},"alt":393.63,"session":"2026-09-30_session_2026-09-30_14-10-32","kind":"sign"}},{"type":"Feature","geometry":{"type":"Point","coordinates":[44.8955351,41.6576393]},"properties":{"pole_id":93,"labels":["5.19.1"],"track_ids":[93],"conf":0.938,"n_frames":39,"first_ts":1790778611143212000,"last_ts":1790778612443209000,"image":"session_2026-09-30_14-10-32_checkpoint_017_photos/session_2026-09-30_14-10-32_checkpoint_017_sign_93.jpg","photo_url":"https://drive.google.com/thumbnail?id=11mTbXUrsMD8AdN3Z_9HKOgvJ4UxRu4Ec&sz=w1200","photo_view":"https://drive.google.com/file/d/11mTbXUrsMD8AdN3Z_9HKOgvJ4UxRu4Ec/view","label_stats":{"5.19.1":{"detections":39,"mean_conf":0.919,"max_conf":0.938}},"alt":393.04,"session":"2026-09-30_session_2026-09-30_14-10-32","kind":"sign"}},{"type":"Feature","geometry":{"type":"Point","coordinates":[44.8951406,41.6578346]},"properties":{"pole_id":94,"labels":["3.24_40"],"track_ids":[94],"conf":0.942,"n_frames":54,"first_ts":1790778616909780000,"last_ts":1790778618576430000,"image":"session_2026-09-30_14-10-32_checkpoint_017_photos/session_2026-09-30_14-10-32_checkpoint_017_sign_94.jpg","photo_url":"https://drive.google.com/thumbnail?id=1mAxummAlJHgwulpcsXdydNIIuIKEVUIR&sz=w1200","photo_view":"https://drive.google.com/file/d/1mAxummAlJHgwulpcsXdydNIIuIKEVUIR/view","label_stats":{"3.24_40":{"detections":51,"mean_conf":0.918,"max_conf":0.942}},"alt":392.37,"session":"2026-09-30_session_2026-09-30_14-10-32","kind":"sign"}},{"type":"Feature","geometry":{"type":"Point","coordinates":[44.8940961,41.6583866]},"properties":{"pole_id":95,"labels":["5.19.1"],"track_ids":[95],"conf":0.938,"n_frames":42,"first_ts":1790778630976222000,"last_ts":1790778632342856000,"image":"session_2026-09-30_14-10-32_checkpoint_017_photos/session_2026-09-30_14-10-32_checkpoint_017_sign_95.jpg","photo_url":"https://drive.google.com/thumbnail?id=1yL0Z3N-L-gMrXTa4IVtuR9pI7JRhFkeE&sz=w1200","photo_view":"https://drive.google.com/file/d/1yL0Z3N-L-gMrXTa4IVtuR9pI7JRhFkeE/view","label_stats":{"5.19.1":{"detections":42,"mean_conf":0.921,"max_conf":0.938}},"alt":394.05,"session":"2026-09-30_session_2026-09-30_14-10-32","kind":"sign"}},{"type":"Feature","geometry":{"type":"Point","coordinates":[44.8920667,41.6594021]},"properties":{"pole_id":96,"labels":["5.16"],"track_ids":[96],"conf":0.952,"n_frames":16,"first_ts":1790778654475823000,"last_ts":1790778655009144000,"image":"session_2026-09-30_14-10-32_checkpoint_017_photos/session_2026-09-30_14-10-32_checkpoint_017_sign_96.jpg","photo_url":"https://drive.google.com/thumbnail?id=1U4rt29HzD_UxK67R8jjOhTJWC4GnJw4-&sz=w1200","photo_view":"https://drive.google.com/file/d/1U4rt29HzD_UxK67R8jjOhTJWC4GnJw4-/view","label_stats":{"5.16":{"detections":16,"mean_conf":0.943,"max_conf":0.952}},"alt":395.73,"session":"2026-09-30_session_2026-09-30_14-10-32","kind":"sign"}},{"type":"Feature","geometry":{"type":"Point","coordinates":[44.8905443,41.6598427]},"properties":{"pole_id":97,"labels":["3.24_50"],"track_ids":[97],"conf":0.564,"n_frames":5,"first_ts":1790778667375630000,"last_ts":1790778667508953000,"image":"session_2026-09-30_14-10-32_checkpoint_017_photos/session_2026-09-30_14-10-32_checkpoint_017_sign_97.jpg","photo_url":"https://drive.google.com/thumbnail?id=1WmY0LhIfymx4YtP5Xk5VHCaMnSX4dvqe&sz=w1200","photo_view":"https://drive.google.com/file/d/1WmY0LhIfymx4YtP5Xk5VHCaMnSX4dvqe/view","label_stats":{"3.24_50":{"detections":3,"mean_conf":0.524,"max_conf":0.564}},"alt":386.51,"session":"2026-09-30_session_2026-09-30_14-10-32","kind":"sign"}},{"type":"Feature","geometry":{"type":"Point","coordinates":[44.8901425,41.659888]},"properties":{"pole_id":98,"labels":["8.1.1","3.4"],"track_ids":[98],"conf":0.865,"n_frames":15,"first_ts":1790778669675608000,"last_ts":1790778670142267000,"image":"session_2026-09-30_14-10-32_checkpoint_017_photos/session_2026-09-30_14-10-32_checkpoint_017_sign_98.jpg","photo_url":"https://drive.google.com/thumbnail?id=1QgZU4nuPIeaNwTMBY8t94kyyKlpiqwWQ&sz=w1200","photo_view":"https://drive.google.com/file/d/1QgZU4nuPIeaNwTMBY8t94kyyKlpiqwWQ/view","label_stats":{"3.4":{"detections":5,"mean_conf":0.615,"max_conf":0.789},"8.1.1":{"detections":9,"mean_conf":0.702,"max_conf":0.865}},"alt":383.05,"session":"2026-09-30_session_2026-09-30_14-10-32","kind":"sign"}},{"type":"Feature","geometry":{"type":"Point","coordinates":[44.8896878,41.6598236]},"properties":{"pole_id":99,"labels":["3.13"],"track_ids":[99],"conf":0.947,"n_frames":22,"first_ts":1790778672875558000,"last_ts":1790778673575544000,"image":"session_2026-09-30_14-10-32_checkpoint_017_photos/session_2026-09-30_14-10-32_checkpoint_017_sign_99.jpg","photo_url":"https://drive.google.com/thumbnail?id=136ECtvNdTtInayJ5qT-mTbeTxo_AcDwa&sz=w1200","photo_view":"https://drive.google.com/file/d/136ECtvNdTtInayJ5qT-mTbeTxo_AcDwa/view","label_stats":{"3.13":{"detections":22,"mean_conf":0.866,"max_conf":0.947}},"alt":381.33,"session":"2026-09-30_session_2026-09-30_14-10-32","kind":"sign"}},{"type":"Feature","geometry":{"type":"Point","coordinates":[44.8893878,41.6598998]},"properties":{"pole_id":100,"labels":["3.27","3.24_40"],"track_ids":[100],"conf":0.936,"n_frames":31,"first_ts":1790778674742193000,"last_ts":1790778675242170000,"image":"session_2026-09-30_14-10-32_checkpoint_017_photos/session_2026-09-30_14-10-32_checkpoint_017_sign_100.jpg","photo_url":"https://drive.google.com/thumbnail?id=1X-wYfJfaoaBwMzPm5gC6ZB-W8Onnv0aB&sz=w1200","photo_view":"https://drive.google.com/file/d/1X-wYfJfaoaBwMzPm5gC6ZB-W8Onnv0aB/view","label_stats":{"3.27":{"detections":16,"mean_conf":0.914,"max_conf":0.936},"3.24_40":{"detections":15,"mean_conf":0.885,"max_conf":0.924}},"alt":381.19,"session":"2026-09-30_session_2026-09-30_14-10-32","kind":"sign"}},{"type":"Feature","geometry":{"type":"Point","coordinates":[44.8890642,41.6599061]},"properties":{"pole_id":101,"labels":["4.3"],"track_ids":[101],"conf":0.944,"n_frames":12,"first_ts":1790778677008832000,"last_ts":1790778677342139000,"image":"session_2026-09-30_14-10-32_checkpoint_017_photos/session_2026-09-30_14-10-32_checkpoint_017_sign_101.jpg","photo_url":"https://drive.google.com/thumbnail?id=1bBuqG4NAIWzEffesx9JrUOQHRCTpfupw&sz=w1200","photo_view":"https://drive.google.com/file/d/1bBuqG4NAIWzEffesx9JrUOQHRCTpfupw/view","label_stats":{"4.3":{"detections":11,"mean_conf":0.85,"max_conf":0.944}},"alt":379.05,"session":"2026-09-30_session_2026-09-30_14-10-32","kind":"sign"}},{"type":"Feature","geometry":{"type":"Point","coordinates":[44.8877289,41.6599935]},"properties":{"pole_id":102,"labels":["2.3","4.1.3","4.1.2"],"track_ids":[102],"conf":0.921,"n_frames":42,"first_ts":1790778691841924000,"last_ts":1790778692675261000,"image":"session_2026-09-30_14-10-32_checkpoint_017_photos/session_2026-09-30_14-10-32_checkpoint_017_sign_102.jpg","photo_url":"https://drive.google.com/thumbnail?id=1u0ls0matNRNZO4i4dJf2ZsJudSHy3TZ8&sz=w1200","photo_view":"https://drive.google.com/file/d/1u0ls0matNRNZO4i4dJf2ZsJudSHy3TZ8/view","label_stats":{"2.3":{"detections":19,"mean_conf":0.706,"max_conf":0.921},"4.1.2":{"detections":9,"mean_conf":0.743,"max_conf":0.815},"4.1.3":{"detections":13,"mean_conf":0.745,"max_conf":0.899}},"alt":395.94,"session":"2026-09-30_session_2026-09-30_14-10-32","kind":"sign"}},{"type":"Feature","geometry":{"type":"Point","coordinates":[44.8866105,41.6602163]},"properties":{"pole_id":103,"labels":["4.2.2"],"track_ids":[103],"conf":0.624,"n_frames":5,"first_ts":1790778702141775000,"last_ts":1790778702308442000,"image":"session_2026-09-30_14-10-32_checkpoint_017_photos/session_2026-09-30_14-10-32_checkpoint_017_sign_103.jpg","photo_url":"https://drive.google.com/thumbnail?id=18ROw5-Kf390LdWgAPzX01dC70F8yv6nD&sz=w1200","photo_view":"https://drive.google.com/file/d/18ROw5-Kf390LdWgAPzX01dC70F8yv6nD/view","label_stats":{"4.2.2":{"detections":3,"mean_conf":0.582,"max_conf":0.624}},"alt":392.29,"session":"2026-09-30_session_2026-09-30_14-10-32","kind":"sign"}},{"type":"Feature","geometry":{"type":"Point","coordinates":[44.8860009,41.6603033]},"properties":{"pole_id":104,"labels":["1.35.3"],"track_ids":[104],"conf":0.934,"n_frames":33,"first_ts":1790778707241712000,"last_ts":1790778708375019000,"image":"session_2026-09-30_14-10-32_checkpoint_017_photos/session_2026-09-30_14-10-32_checkpoint_017_sign_104.jpg","photo_url":"https://drive.google.com/thumbnail?id=1jvS9tvk5NKW5kbMVK5ak-bEcXbBpXTbp&sz=w1200","photo_view":"https://drive.google.com/file/d/1jvS9tvk5NKW5kbMVK5ak-bEcXbBpXTbp/view","label_stats":{"1.35.3":{"detections":33,"mean_conf":0.847,"max_conf":0.934}},"alt":382.37,"session":"2026-09-30_session_2026-09-30_14-10-32","kind":"sign"}},{"type":"Feature","geometry":{"type":"Point","coordinates":[44.8858742,41.6603442]},"properties":{"pole_id":105,"labels":["1.35.3"],"track_ids":[105],"conf":0.941,"n_frames":29,"first_ts":1790778708608349000,"last_ts":1790778709608331000,"image":"session_2026-09-30_14-10-32_checkpoint_017_photos/session_2026-09-30_14-10-32_checkpoint_017_sign_105.jpg","photo_url":"https://drive.google.com/thumbnail?id=10UM9JrG8k2wIjnVhfadcqg5_ugG9v-DK&sz=w1200","photo_view":"https://drive.google.com/file/d/10UM9JrG8k2wIjnVhfadcqg5_ugG9v-DK/view","label_stats":{"1.35.3":{"detections":29,"mean_conf":0.878,"max_conf":0.941}},"alt":379.8,"session":"2026-09-30_session_2026-09-30_14-10-32","kind":"sign"}},{"type":"Feature","geometry":{"type":"Point","coordinates":[44.8857492,41.6603985]},"properties":{"pole_id":106,"labels":["1.35.3"],"track_ids":[106],"conf":0.946,"n_frames":27,"first_ts":1790778709774999000,"last_ts":1790778710675006000,"image":"session_2026-09-30_14-10-32_checkpoint_017_photos/session_2026-09-30_14-10-32_checkpoint_017_sign_106.jpg","photo_url":"https://drive.google.com/thumbnail?id=1lbnZl_GjlTZueivwRWdphaacxQptfLKh&sz=w1200","photo_view":"https://drive.google.com/file/d/1lbnZl_GjlTZueivwRWdphaacxQptfLKh/view","label_stats":{"1.35.3":{"detections":27,"mean_conf":0.862,"max_conf":0.946}},"alt":377.93,"session":"2026-09-30_session_2026-09-30_14-10-32","kind":"sign"}},{"type":"Feature","geometry":{"type":"Point","coordinates":[44.8856227,41.6604636]},"properties":{"pole_id":107,"labels":["1.35.3"],"track_ids":[107],"conf":0.944,"n_frames":27,"first_ts":1790778710808328000,"last_ts":1790778711708302000,"image":"session_2026-09-30_14-10-32_checkpoint_017_photos/session_2026-09-30_14-10-32_checkpoint_017_sign_107.jpg","photo_url":"https://drive.google.com/thumbnail?id=1v6JZjd88Fppj5qNTSsqNrrazaWY4uqhy&sz=w1200","photo_view":"https://drive.google.com/file/d/1v6JZjd88Fppj5qNTSsqNrrazaWY4uqhy/view","label_stats":{"1.35.3":{"detections":27,"mean_conf":0.898,"max_conf":0.944}},"alt":376.54,"session":"2026-09-30_session_2026-09-30_14-10-32","kind":"sign"}},{"type":"Feature","geometry":{"type":"Point","coordinates":[44.8855006,41.660543]},"properties":{"pole_id":108,"labels":["1.35.3"],"track_ids":[108],"conf":0.944,"n_frames":26,"first_ts":1790778711941632000,"last_ts":1790778712774972000,"image":"session_2026-09-30_14-10-32_checkpoint_017_photos/session_2026-09-30_14-10-32_checkpoint_017_sign_108.jpg","photo_url":"https://drive.google.com/thumbnail?id=1W6V-F97JeI5y5v55gOtXtjrX0OC56a2N&sz=w1200","photo_view":"https://drive.google.com/file/d/1W6V-F97JeI5y5v55gOtXtjrX0OC56a2N/view","label_stats":{"1.35.3":{"detections":26,"mean_conf":0.872,"max_conf":0.944}},"alt":377.09,"session":"2026-09-30_session_2026-09-30_14-10-32","kind":"sign"}},{"type":"Feature","geometry":{"type":"Point","coordinates":[44.8851249,41.6609118]},"properties":{"pole_id":109,"labels":["1.35.6"],"track_ids":[109],"conf":0.894,"n_frames":14,"first_ts":1790778717141580000,"last_ts":1790778717674904000,"image":"session_2026-09-30_14-10-32_checkpoint_017_photos/session_2026-09-30_14-10-32_checkpoint_017_sign_109.jpg","photo_url":"https://drive.google.com/thumbnail?id=1w7j1I0lg3HLbP51qFCOYeX93vCGfUjc8&sz=w1200","photo_view":"https://drive.google.com/file/d/1w7j1I0lg3HLbP51qFCOYeX93vCGfUjc8/view","label_stats":{"1.35.6":{"detections":14,"mean_conf":0.813,"max_conf":0.894}},"alt":414.63,"session":"2026-09-30_session_2026-09-30_14-10-32","kind":"sign"}},{"type":"Feature","geometry":{"type":"Point","coordinates":[44.8850462,41.6609702]},"properties":{"pole_id":110,"labels":["1.35.6"],"track_ids":[110],"conf":0.901,"n_frames":10,"first_ts":1790778718374892000,"last_ts":1790778718674885000,"image":"session_2026-09-30_14-10-32_checkpoint_017_photos/session_2026-09-30_14-10-32_checkpoint_017_sign_110.jpg","photo_url":"https://drive.google.com/thumbnail?id=1Dri_5B1YCYi6o3LCX7MhAmSpUcjfJv1h&sz=w1200","photo_view":"https://drive.google.com/file/d/1Dri_5B1YCYi6o3LCX7MhAmSpUcjfJv1h/view","label_stats":{"1.35.6":{"detections":10,"mean_conf":0.826,"max_conf":0.901}},"alt":420.33,"session":"2026-09-30_session_2026-09-30_14-10-32","kind":"sign"}},{"type":"Feature","geometry":{"type":"Point","coordinates":[44.8849334,41.661046]},"properties":{"pole_id":111,"labels":["1.35.6"],"track_ids":[111],"conf":0.88,"n_frames":8,"first_ts":1790778719474885000,"last_ts":1790778719741529000,"image":"session_2026-09-30_14-10-32_checkpoint_017_photos/session_2026-09-30_14-10-32_checkpoint_017_sign_111.jpg","photo_url":"https://drive.google.com/thumbnail?id=17r7xTN2Te5-VU1OsDYtw520O6ckUEBo0&sz=w1200","photo_view":"https://drive.google.com/file/d/17r7xTN2Te5-VU1OsDYtw520O6ckUEBo0/view","label_stats":{"1.35.6":{"detections":8,"mean_conf":0.771,"max_conf":0.88}},"alt":424.3,"session":"2026-09-30_session_2026-09-30_14-10-32","kind":"sign"}},{"type":"Feature","geometry":{"type":"Point","coordinates":[44.8848565,41.6610854]},"properties":{"pole_id":112,"labels":["1.35.6"],"track_ids":[112],"conf":0.898,"n_frames":8,"first_ts":1790778720441520000,"last_ts":1790778720708195000,"image":"session_2026-09-30_14-10-32_checkpoint_017_photos/session_2026-09-30_14-10-32_checkpoint_017_sign_112.jpg","photo_url":"https://drive.google.com/thumbnail?id=1MPOZ7mQSuqY0Lcr0HEN1sJuffly-wRN-&sz=w1200","photo_view":"https://drive.google.com/file/d/1MPOZ7mQSuqY0Lcr0HEN1sJuffly-wRN-/view","label_stats":{"1.35.6":{"detections":8,"mean_conf":0.667,"max_conf":0.898}},"alt":427.47,"session":"2026-09-30_session_2026-09-30_14-10-32","kind":"sign"}},{"type":"Feature","geometry":{"type":"Point","coordinates":[44.8847405,41.6611454]},"properties":{"pole_id":113,"labels":["1.35.6"],"track_ids":[113],"conf":0.893,"n_frames":11,"first_ts":1790778721241517000,"last_ts":1790778721774839000,"image":"session_2026-09-30_14-10-32_checkpoint_017_photos/session_2026-09-30_14-10-32_checkpoint_017_sign_113.jpg","photo_url":"https://drive.google.com/thumbnail?id=15xSJlKnMNzcoFVhr9ytZ2DelIFMylD2m&sz=w1200","photo_view":"https://drive.google.com/file/d/15xSJlKnMNzcoFVhr9ytZ2DelIFMylD2m/view","label_stats":{"1.35.6":{"detections":9,"mean_conf":0.832,"max_conf":0.893}},"alt":427.81,"session":"2026-09-30_session_2026-09-30_14-10-32","kind":"sign"}},{"type":"Feature","geometry":{"type":"Point","coordinates":[44.8841256,41.6613573]},"properties":{"pole_id":114,"labels":["3.24_80"],"track_ids":[114],"conf":0.955,"n_frames":8,"first_ts":1790778727441421000,"last_ts":1790778727641432000,"image":"session_2026-09-30_14-10-32_checkpoint_017_photos/session_2026-09-30_14-10-32_checkpoint_017_sign_114.jpg","photo_url":"https://drive.google.com/thumbnail?id=1x9xhvGHI_KnHsGGNWl-9K-KAeJM1Rd6Q&sz=w1200","photo_view":"https://drive.google.com/file/d/1x9xhvGHI_KnHsGGNWl-9K-KAeJM1Rd6Q/view","label_stats":{"3.24_80":{"detections":7,"mean_conf":0.747,"max_conf":0.955}},"alt":422.85,"session":"2026-09-30_session_2026-09-30_14-10-32","kind":"sign"}},{"type":"Feature","geometry":{"type":"Point","coordinates":[44.8763796,41.6630046]},"properties":{"pole_id":115,"labels":["3.24_80"],"track_ids":[115],"conf":0.951,"n_frames":10,"first_ts":1790778765040938000,"last_ts":1790778765340929000,"image":"session_2026-09-30_14-10-32_checkpoint_017_photos/session_2026-09-30_14-10-32_checkpoint_017_sign_115.jpg","photo_url":"https://drive.google.com/thumbnail?id=1DjjkLupcyFbFFfQUWcnpIZeBJzIzRChz&sz=w1200","photo_view":"https://drive.google.com/file/d/1DjjkLupcyFbFFfQUWcnpIZeBJzIzRChz/view","label_stats":{"3.24_80":{"detections":15,"mean_conf":0.908,"max_conf":0.958}},"alt":400.39,"session":"2026-09-30_session_2026-09-30_14-10-32","kind":"sign"}},{"type":"Feature","geometry":{"type":"Point","coordinates":[44.8763598,41.6630349]},"properties":{"pole_id":116,"labels":["3.24_80"],"track_ids":[116],"conf":0.958,"n_frames":5,"first_ts":1790778765074281000,"last_ts":1790778765207604000,"image":"session_2026-09-30_14-10-32_checkpoint_017_photos/session_2026-09-30_14-10-32_checkpoint_017_sign_116.jpg","photo_url":"https://drive.google.com/thumbnail?id=1_TwD704bXGzlYyWk3zRW49cOoG7UmoHB&sz=w1200","photo_view":"https://drive.google.com/file/d/1_TwD704bXGzlYyWk3zRW49cOoG7UmoHB/view","label_stats":{"3.24_80":{"detections":10,"mean_conf":0.906,"max_conf":0.958}},"alt":418.26,"session":"2026-09-30_session_2026-09-30_14-10-32","kind":"sign"}},{"type":"Feature","geometry":{"type":"Point","coordinates":[44.8613612,41.6685633]},"properties":{"pole_id":117,"labels":["4.2.3"],"track_ids":[117],"conf":0.952,"n_frames":9,"first_ts":1790778837706762000,"last_ts":1790778837973410000,"image":"session_2026-09-30_14-10-32_checkpoint_017_photos/session_2026-09-30_14-10-32_checkpoint_017_sign_117.jpg","photo_url":"https://drive.google.com/thumbnail?id=19bftqQF_DLbZc8uWM22FPaeNuEfRqoRV&sz=w1200","photo_view":"https://drive.google.com/file/d/19bftqQF_DLbZc8uWM22FPaeNuEfRqoRV/view","label_stats":{"4.2.3":{"detections":9,"mean_conf":0.946,"max_conf":0.952}},"alt":409.04,"session":"2026-09-30_session_2026-09-30_14-10-32","kind":"sign"}},{"type":"Feature","geometry":{"type":"Point","coordinates":[44.8598675,41.6689336]},"properties":{"pole_id":118,"labels":["4.1.1"],"track_ids":[118],"conf":0.93,"n_frames":5,"first_ts":1790778844840000000,"last_ts":1790778845006668000,"image":"session_2026-09-30_14-10-32_checkpoint_017_photos/session_2026-09-30_14-10-32_checkpoint_017_sign_118.jpg","photo_url":"https://drive.google.com/thumbnail?id=1TmfOhUPb9c3HP0OJQoEiGEep5owuNJaf&sz=w1200","photo_view":"https://drive.google.com/file/d/1TmfOhUPb9c3HP0OJQoEiGEep5owuNJaf/view","label_stats":{"4.1.1":{"detections":5,"mean_conf":0.914,"max_conf":0.93}},"alt":405.14,"session":"2026-09-30_session_2026-09-30_14-10-32","kind":"sign"}},{"type":"Feature","geometry":{"type":"Point","coordinates":[44.8418107,41.6715966]},"properties":{"pole_id":119,"labels":["Kamera"],"track_ids":[119],"conf":0.5,"n_frames":5,"first_ts":1790778926039177000,"last_ts":1790778926239165000,"image":"session_2026-09-30_14-10-32_checkpoint_017_photos/session_2026-09-30_14-10-32_checkpoint_017_sign_119.jpg","photo_url":"https://drive.google.com/thumbnail?id=1FTW2PNTTVOq9rGNAHUdDeQAf6xIqPaO2&sz=w1200","photo_view":"https://drive.google.com/file/d/1FTW2PNTTVOq9rGNAHUdDeQAf6xIqPaO2/view","label_stats":{"Kamera":{"detections":5,"mean_conf":0.478,"max_conf":0.5}},"alt":386.06,"session":"2026-09-30_session_2026-09-30_14-10-32","kind":"sign"}},{"type":"Feature","geometry":{"type":"Point","coordinates":[44.8400907,41.671812]},"properties":{"pole_id":120,"labels":["5.2"],"track_ids":[120],"conf":0.807,"n_frames":7,"first_ts":1790778934472433000,"last_ts":1790778934705763000,"image":"session_2026-09-30_14-10-32_checkpoint_017_photos/session_2026-09-30_14-10-32_checkpoint_017_sign_120.jpg","photo_url":"https://drive.google.com/thumbnail?id=1vJpv0FthSRmFlfHCrrtTRduxnqbKAnwJ&sz=w1200","photo_view":"https://drive.google.com/file/d/1vJpv0FthSRmFlfHCrrtTRduxnqbKAnwJ/view","label_stats":{"5.2":{"detections":7,"mean_conf":0.688,"max_conf":0.807}},"alt":401.15,"session":"2026-09-30_session_2026-09-30_14-10-32","kind":"sign"}},{"type":"Feature","geometry":{"type":"Point","coordinates":[44.8367777,41.6743549]},"properties":{"pole_id":121,"labels":["8.1.1","5.2","3.24_70"],"track_ids":[121],"conf":0.938,"n_frames":22,"first_ts":1790778964538807000,"last_ts":1790778964805483000,"image":"session_2026-09-30_14-10-32_checkpoint_017_photos/session_2026-09-30_14-10-32_checkpoint_017_sign_121.jpg","photo_url":"https://drive.google.com/thumbnail?id=102j0g2KlPO-GX1NMUbcbaZu3BV3EYrOV&sz=w1200","photo_view":"https://drive.google.com/file/d/102j0g2KlPO-GX1NMUbcbaZu3BV3EYrOV/view","label_stats":{"8.1.1":{"detections":9,"mean_conf":0.87,"max_conf":0.938},"5.2":{"detections":7,"mean_conf":0.914,"max_conf":0.941},"3.24_70":{"detections":5,"mean_conf":0.852,"max_conf":0.923}},"alt":401.64,"session":"2026-09-30_session_2026-09-30_14-10-32","kind":"sign"}},{"type":"Feature","geometry":{"type":"Point","coordinates":[44.8362226,41.675444]},"properties":{"pole_id":122,"labels":["8.3.1"],"track_ids":[122],"conf":0.874,"n_frames":11,"first_ts":1790778974438711000,"last_ts":1790778975172048000,"image":"session_2026-09-30_14-10-32_checkpoint_017_photos/session_2026-09-30_14-10-32_checkpoint_017_sign_122.jpg","photo_url":"https://drive.google.com/thumbnail?id=1NG_T8gCVWpCc4XPvGZ4KXxTfDIcpMMZW&sz=w1200","photo_view":"https://drive.google.com/file/d/1NG_T8gCVWpCc4XPvGZ4KXxTfDIcpMMZW/view","label_stats":{"8.3.1":{"detections":24,"mean_conf":0.827,"max_conf":0.918}},"alt":421.5,"session":"2026-09-30_session_2026-09-30_14-10-32","kind":"sign"}},{"type":"Feature","geometry":{"type":"Point","coordinates":[44.8361852,41.6754799]},"properties":{"pole_id":123,"labels":["8.3.1"],"track_ids":[123],"conf":0.915,"n_frames":5,"first_ts":1790778974738729000,"last_ts":1790778975138729000,"image":"session_2026-09-30_14-10-32_checkpoint_017_photos/session_2026-09-30_14-10-32_checkpoint_017_sign_123.jpg","photo_url":"https://drive.google.com/thumbnail?id=1iVQAqctwIpp8i66Hevf_Qu2uN2jMRC9t&sz=w1200","photo_view":"https://drive.google.com/file/d/1iVQAqctwIpp8i66Hevf_Qu2uN2jMRC9t/view","label_stats":{"8.3.1":{"detections":14,"mean_conf":0.87,"max_conf":0.918}},"alt":419.53,"session":"2026-09-30_session_2026-09-30_14-10-32","kind":"sign"}},{"type":"Feature","geometry":{"type":"Point","coordinates":[44.836152,41.675514]},"properties":{"pole_id":124,"labels":["8.3.1"],"track_ids":[124],"conf":0.894,"n_frames":5,"first_ts":1790778974838710000,"last_ts":1790778975072042000,"image":"session_2026-09-30_14-10-32_checkpoint_017_photos/session_2026-09-30_14-10-32_checkpoint_017_sign_124.jpg","photo_url":"https://drive.google.com/thumbnail?id=1Yy7pYKmO7nobtX2gfCaUzyHL0bbPbAjM&sz=w1200","photo_view":"https://drive.google.com/file/d/1Yy7pYKmO7nobtX2gfCaUzyHL0bbPbAjM/view","label_stats":{"8.3.1":{"detections":9,"mean_conf":0.864,"max_conf":0.918}},"alt":418.53,"session":"2026-09-30_session_2026-09-30_14-10-32","kind":"sign"}},{"type":"Feature","geometry":{"type":"Point","coordinates":[44.8361174,41.6755419]},"properties":{"pole_id":125,"labels":["8.3.1"],"track_ids":[125],"conf":0.918,"n_frames":4,"first_ts":1790778974938718000,"last_ts":1790778975038723000,"image":"session_2026-09-30_14-10-32_checkpoint_017_photos/session_2026-09-30_14-10-32_checkpoint_017_sign_125.jpg","photo_url":"https://drive.google.com/thumbnail?id=1sT-5UaA1uu76AJAvFqdHrNWhIwTmrJ3B&sz=w1200","photo_view":"https://drive.google.com/file/d/1sT-5UaA1uu76AJAvFqdHrNWhIwTmrJ3B/view","label_stats":{"8.3.1":{"detections":4,"mean_conf":0.905,"max_conf":0.918}},"alt":417.73,"session":"2026-09-30_session_2026-09-30_14-10-32","kind":"sign"}},{"type":"Feature","geometry":{"type":"Point","coordinates":[44.8380828,41.6765332]},"properties":{"pole_id":126,"labels":["2.1"],"track_ids":[126],"conf":0.895,"n_frames":51,"first_ts":1790779014805020000,"last_ts":1790779017471667000,"image":"session_2026-09-30_14-10-32_checkpoint_017_photos/session_2026-09-30_14-10-32_checkpoint_017_sign_126.jpg","photo_url":"https://drive.google.com/thumbnail?id=1RqrQtW56Qz_9-Lx8Gi813RMnzGed3nXZ&sz=w1200","photo_view":"https://drive.google.com/file/d/1RqrQtW56Qz_9-Lx8Gi813RMnzGed3nXZ/view","label_stats":{"2.1":{"detections":50,"mean_conf":0.792,"max_conf":0.895}},"alt":389.64,"session":"2026-09-30_session_2026-09-30_14-10-32","kind":"sign"}},{"type":"Feature","geometry":{"type":"Point","coordinates":[44.8384758,41.6765765]},"properties":{"pole_id":127,"labels":["4.2.1"],"track_ids":[127],"conf":0.962,"n_frames":121,"first_ts":1790779039304808000,"last_ts":1790779043471447000,"image":"session_2026-09-30_14-10-32_checkpoint_017_photos/session_2026-09-30_14-10-32_checkpoint_017_sign_127.jpg","photo_url":"https://drive.google.com/thumbnail?id=17kI6DY5p4_l9K_72vl8m7i1bBNMVTUVB&sz=w1200","photo_view":"https://drive.google.com/file/d/17kI6DY5p4_l9K_72vl8m7i1bBNMVTUVB/view","label_stats":{"4.2.1":{"detections":121,"mean_conf":0.923,"max_conf":0.962}},"alt":402.37,"session":"2026-09-30_session_2026-09-30_14-10-32","kind":"sign"}},{"type":"Feature","geometry":{"type":"Point","coordinates":[44.8389387,41.6767047]},"properties":{"pole_id":128,"labels":["2.3"],"track_ids":[128],"conf":0.95,"n_frames":45,"first_ts":1790779057337982000,"last_ts":1790779059071305000,"image":"session_2026-09-30_14-10-32_checkpoint_017_photos/session_2026-09-30_14-10-32_checkpoint_017_sign_128.jpg","photo_url":"https://drive.google.com/thumbnail?id=18H2O_WoMaJX2KaBHb3UvdwizyYYYbEyM&sz=w1200","photo_view":"https://drive.google.com/file/d/18H2O_WoMaJX2KaBHb3UvdwizyYYYbEyM/view","label_stats":{"2.3":{"detections":46,"mean_conf":0.925,"max_conf":0.95}},"alt":406.07,"session":"2026-09-30_session_2026-09-30_14-10-32","kind":"sign"}},{"type":"Feature","geometry":{"type":"Point","coordinates":[44.8387693,41.6768816]},"properties":{"pole_id":129,"labels":["4.2.3"],"track_ids":[129],"conf":0.947,"n_frames":12,"first_ts":1790779065371241000,"last_ts":1790779066837917000,"image":"session_2026-09-30_14-10-32_checkpoint_017_photos/session_2026-09-30_14-10-32_checkpoint_017_sign_129.jpg","photo_url":"https://drive.google.com/thumbnail?id=1mOgLkzwqD5F-7U_qmIOQKk1c7XEgHruL&sz=w1200","photo_view":"https://drive.google.com/file/d/1mOgLkzwqD5F-7U_qmIOQKk1c7XEgHruL/view","label_stats":{"4.2.3":{"detections":45,"mean_conf":0.925,"max_conf":0.951}},"alt":402.59,"session":"2026-09-30_session_2026-09-30_14-10-32","kind":"sign"}},{"type":"Feature","geometry":{"type":"Point","coordinates":[44.8388235,41.6768924]},"properties":{"pole_id":130,"labels":["4.2.3"],"track_ids":[130],"conf":0.951,"n_frames":4,"first_ts":1790779065704579000,"last_ts":1790779066871234000,"image":"session_2026-09-30_14-10-32_checkpoint_017_photos/session_2026-09-30_14-10-32_checkpoint_017_sign_130.jpg","photo_url":"https://drive.google.com/thumbnail?id=17LOXwYiIA4O9MecX6O0I8EySvFELlTft&sz=w1200","photo_view":"https://drive.google.com/file/d/17LOXwYiIA4O9MecX6O0I8EySvFELlTft/view","label_stats":{"4.2.3":{"detections":36,"mean_conf":0.934,"max_conf":0.951}},"alt":402.15,"session":"2026-09-30_session_2026-09-30_14-10-32","kind":"sign"}},{"type":"Feature","geometry":{"type":"Point","coordinates":[44.8388928,41.6769127]},"properties":{"pole_id":131,"labels":["4.2.3"],"track_ids":[131],"conf":0.952,"n_frames":6,"first_ts":1790779065771241000,"last_ts":1790779067971228000,"image":"session_2026-09-30_14-10-32_checkpoint_017_photos/session_2026-09-30_14-10-32_checkpoint_017_sign_131.jpg","photo_url":"https://drive.google.com/thumbnail?id=15jqGoSXIegQFaZ8KWFAGCsWrXJyUvauj&sz=w1200","photo_view":"https://drive.google.com/file/d/15jqGoSXIegQFaZ8KWFAGCsWrXJyUvauj/view","label_stats":{"4.2.3":{"detections":67,"mean_conf":0.942,"max_conf":0.959}},"alt":401.43,"session":"2026-09-30_session_2026-09-30_14-10-32","kind":"sign"}},{"type":"Feature","geometry":{"type":"Point","coordinates":[44.8389503,41.6769255]},"properties":{"pole_id":132,"labels":["4.2.3"],"track_ids":[132],"conf":0.949,"n_frames":4,"first_ts":1790779065837903000,"last_ts":1790779066937897000,"image":"session_2026-09-30_14-10-32_checkpoint_017_photos/session_2026-09-30_14-10-32_checkpoint_017_sign_132.jpg","photo_url":"https://drive.google.com/thumbnail?id=1E7UqLIh0yhZJ6QcDaqm_NXe16L-PylSf&sz=w1200","photo_view":"https://drive.google.com/file/d/1E7UqLIh0yhZJ6QcDaqm_NXe16L-PylSf/view","label_stats":{"4.2.3":{"detections":34,"mean_conf":0.935,"max_conf":0.951}},"alt":402.13,"session":"2026-09-30_session_2026-09-30_14-10-32","kind":"sign"}},{"type":"Feature","geometry":{"type":"Point","coordinates":[44.8390262,41.6769497]},"properties":{"pole_id":133,"labels":["4.2.3"],"track_ids":[133],"conf":0.952,"n_frames":4,"first_ts":1790779065904593000,"last_ts":1790779066971241000,"image":"session_2026-09-30_14-10-32_checkpoint_017_photos/session_2026-09-30_14-10-32_checkpoint_017_sign_133.jpg","photo_url":"https://drive.google.com/thumbnail?id=1o2AtHFuhJHL67Th-g1a8wiVBlbfGSazt&sz=w1200","photo_view":"https://drive.google.com/file/d/1o2AtHFuhJHL67Th-g1a8wiVBlbfGSazt/view","label_stats":{"4.2.3":{"detections":33,"mean_conf":0.937,"max_conf":0.952}},"alt":402.15,"session":"2026-09-30_session_2026-09-30_14-10-32","kind":"sign"}},{"type":"Feature","geometry":{"type":"Point","coordinates":[44.8385745,41.6767925]},"properties":{"pole_id":134,"labels":["4.2.3"],"track_ids":[134],"conf":0.948,"n_frames":4,"first_ts":1790779066304593000,"last_ts":1790779066704565000,"image":"session_2026-09-30_14-10-32_checkpoint_017_photos/session_2026-09-30_14-10-32_checkpoint_017_sign_134.jpg","photo_url":"https://drive.google.com/thumbnail?id=1eAcfBgqAcqSlOYaRmmKkhcNL3Cm4ZxmX&sz=w1200","photo_view":"https://drive.google.com/file/d/1eAcfBgqAcqSlOYaRmmKkhcNL3Cm4ZxmX/view","label_stats":{"4.2.3":{"detections":13,"mean_conf":0.939,"max_conf":0.948}},"alt":401.37,"session":"2026-09-30_session_2026-09-30_14-10-32","kind":"sign"}},{"type":"Feature","geometry":{"type":"Point","coordinates":[44.8385027,41.6767694]},"properties":{"pole_id":135,"labels":["4.2.3"],"track_ids":[135],"conf":0.947,"n_frames":9,"first_ts":1790779066371255000,"last_ts":1790779066637903000,"image":"session_2026-09-30_14-10-32_checkpoint_017_photos/session_2026-09-30_14-10-32_checkpoint_017_sign_135.jpg","photo_url":"https://drive.google.com/thumbnail?id=1KwWHRsZ1z_Q-Wraea3ou2UCVsRadkuPS&sz=w1200","photo_view":"https://drive.google.com/file/d/1KwWHRsZ1z_Q-Wraea3ou2UCVsRadkuPS/view","label_stats":{"4.2.3":{"detections":9,"mean_conf":0.938,"max_conf":0.947}},"alt":401.32,"session":"2026-09-30_session_2026-09-30_14-10-32","kind":"sign"}},{"type":"Feature","geometry":{"type":"Point","coordinates":[44.8379118,41.6763303]},"properties":{"pole_id":136,"labels":["4.2.3"],"track_ids":[136],"conf":0.951,"n_frames":5,"first_ts":1790779067437902000,"last_ts":1790779067571228000,"image":"session_2026-09-30_14-10-32_checkpoint_017_photos/session_2026-09-30_14-10-32_checkpoint_017_sign_136.jpg","photo_url":"https://drive.google.com/thumbnail?id=1nqt0zdG7--CWP7y5x1SGU2bjRrCUiUNq&sz=w1200","photo_view":"https://drive.google.com/file/d/1nqt0zdG7--CWP7y5x1SGU2bjRrCUiUNq/view","label_stats":{"4.2.3":{"detections":5,"mean_conf":0.947,"max_conf":0.951}},"alt":400.26,"session":"2026-09-30_session_2026-09-30_14-10-32","kind":"sign"}},{"type":"Feature","geometry":{"type":"Point","coordinates":[44.8388289,41.6769952]},"properties":{"pole_id":137,"labels":["4.2.3"],"track_ids":[137],"conf":0.941,"n_frames":7,"first_ts":1790779076971157000,"last_ts":1790779077937826000,"image":"session_2026-09-30_14-10-32_checkpoint_017_photos/session_2026-09-30_14-10-32_checkpoint_017_sign_137.jpg","photo_url":"https://drive.google.com/thumbnail?id=1KNzpR5grSfnCnQGix55MnHSjw4D1iOpb&sz=w1200","photo_view":"https://drive.google.com/file/d/1KNzpR5grSfnCnQGix55MnHSjw4D1iOpb/view","label_stats":{"4.2.3":{"detections":24,"mean_conf":0.931,"max_conf":0.951}},"alt":413.52,"session":"2026-09-30_session_2026-09-30_14-10-32","kind":"sign"}},{"type":"Feature","geometry":{"type":"Point","coordinates":[44.8388302,41.6770279]},"properties":{"pole_id":138,"labels":["4.2.3"],"track_ids":[138],"conf":0.951,"n_frames":18,"first_ts":1790779077237833000,"last_ts":1790779077771157000,"image":"session_2026-09-30_14-10-32_checkpoint_017_photos/session_2026-09-30_14-10-32_checkpoint_017_sign_138.jpg","photo_url":"https://drive.google.com/thumbnail?id=198np8X-c-UQWUgclyJeXa5KGbRQu54-C&sz=w1200","photo_view":"https://drive.google.com/file/d/198np8X-c-UQWUgclyJeXa5KGbRQu54-C/view","label_stats":{"4.2.3":{"detections":17,"mean_conf":0.936,"max_conf":0.951}},"alt":413.83,"session":"2026-09-30_session_2026-09-30_14-10-32","kind":"sign"}},{"type":"Feature","geometry":{"type":"Point","coordinates":[44.8387955,41.6770542]},"properties":{"pole_id":139,"labels":["2.1","3.18.1"],"track_ids":[139],"conf":0.894,"n_frames":41,"first_ts":1790779077671150000,"last_ts":1790779078837804000,"image":"session_2026-09-30_14-10-32_checkpoint_017_photos/session_2026-09-30_14-10-32_checkpoint_017_sign_139.jpg","photo_url":"https://drive.google.com/thumbnail?id=1avjIT9aSwlhRbvzo12RXv2vaLasgD4bZ&sz=w1200","photo_view":"https://drive.google.com/file/d/1avjIT9aSwlhRbvzo12RXv2vaLasgD4bZ/view","label_stats":{"3.18.1":{"detections":19,"mean_conf":0.86,"max_conf":0.907},"2.1":{"detections":31,"mean_conf":0.845,"max_conf":0.912}},"alt":411.57,"session":"2026-09-30_session_2026-09-30_14-10-32","kind":"sign"}},{"type":"Feature","geometry":{"type":"Point","coordinates":[44.8387918,41.6769985]},"properties":{"pole_id":140,"labels":["2.1"],"track_ids":[140],"conf":0.912,"n_frames":9,"first_ts":1790779077837819000,"last_ts":1790779078104468000,"image":"session_2026-09-30_14-10-32_checkpoint_017_photos/session_2026-09-30_14-10-32_checkpoint_017_sign_140.jpg","photo_url":"https://drive.google.com/thumbnail?id=1GQ4VivtLbcqm7YmskbDdeDsn4mGQY8D3&sz=w1200","photo_view":"https://drive.google.com/file/d/1GQ4VivtLbcqm7YmskbDdeDsn4mGQY8D3/view","label_stats":{"2.1":{"detections":9,"mean_conf":0.889,"max_conf":0.912}},"alt":412.9,"session":"2026-09-30_session_2026-09-30_14-10-32","kind":"sign"}},{"type":"Feature","geometry":{"type":"Point","coordinates":[44.8382812,41.6773232]},"properties":{"pole_id":141,"labels":["4.1.1"],"track_ids":[141],"conf":0.943,"n_frames":19,"first_ts":1790779087471079000,"last_ts":1790779088904383000,"image":"session_2026-09-30_14-10-32_checkpoint_017_photos/session_2026-09-30_14-10-32_checkpoint_017_sign_141.jpg","photo_url":"https://drive.google.com/thumbnail?id=1y1mHkuNTlatsP9Xw4dDB3AUgj4DddgCQ&sz=w1200","photo_view":"https://drive.google.com/file/d/1y1mHkuNTlatsP9Xw4dDB3AUgj4DddgCQ/view","label_stats":{"4.1.1":{"detections":44,"mean_conf":0.929,"max_conf":0.95}},"alt":403.66,"session":"2026-09-30_session_2026-09-30_14-10-32","kind":"sign"}},{"type":"Feature","geometry":{"type":"Point","coordinates":[44.8382715,41.6772818]},"properties":{"pole_id":142,"labels":["4.1.1"],"track_ids":[142],"conf":0.931,"n_frames":7,"first_ts":1790779087871052000,"last_ts":1790779088071064000,"image":"session_2026-09-30_14-10-32_checkpoint_017_photos/session_2026-09-30_14-10-32_checkpoint_017_sign_142.jpg","photo_url":"https://drive.google.com/thumbnail?id=1aXCw2GRswLyIb2kcTG44NfhegO-JcawU&sz=w1200","photo_view":"https://drive.google.com/file/d/1aXCw2GRswLyIb2kcTG44NfhegO-JcawU/view","label_stats":{"4.1.1":{"detections":7,"mean_conf":0.925,"max_conf":0.931}},"alt":402.96,"session":"2026-09-30_session_2026-09-30_14-10-32","kind":"sign"}},{"type":"Feature","geometry":{"type":"Point","coordinates":[44.8382938,41.6773552]},"properties":{"pole_id":143,"labels":["4.1.1"],"track_ids":[143],"conf":0.95,"n_frames":18,"first_ts":1790779088237735000,"last_ts":1790779088804375000,"image":"session_2026-09-30_14-10-32_checkpoint_017_photos/session_2026-09-30_14-10-32_checkpoint_017_sign_143.jpg","photo_url":"https://drive.google.com/thumbnail?id=1iEYggfyc_nxv9SH7sAxExOlrI1leWvrX&sz=w1200","photo_view":"https://drive.google.com/file/d/1iEYggfyc_nxv9SH7sAxExOlrI1leWvrX/view","label_stats":{"4.1.1":{"detections":18,"mean_conf":0.941,"max_conf":0.95}},"alt":400.54,"session":"2026-09-30_session_2026-09-30_14-10-32","kind":"sign"}},{"type":"Feature","geometry":{"type":"Point","coordinates":[44.8383559,41.6778583]},"properties":{"pole_id":144,"labels":["1.23"],"track_ids":[144],"conf":0.878,"n_frames":11,"first_ts":1790779090371031000,"last_ts":1790779090637706000,"image":"session_2026-09-30_14-10-32_checkpoint_017_photos/session_2026-09-30_14-10-32_checkpoint_017_sign_144.jpg","photo_url":"https://drive.google.com/thumbnail?id=1VL_XOKRzp76wlts6GhCcgCNuBjHGUQA0&sz=w1200","photo_view":"https://drive.google.com/file/d/1VL_XOKRzp76wlts6GhCcgCNuBjHGUQA0/view","label_stats":{"1.23":{"detections":9,"mean_conf":0.688,"max_conf":0.878}},"alt":397.47,"session":"2026-09-30_session_2026-09-30_14-10-32","kind":"sign"}},{"type":"Feature","geometry":{"type":"Point","coordinates":[44.8363149,41.6814158]},"properties":{"pole_id":145,"labels":["Kamera"],"track_ids":[145],"conf":0.634,"n_frames":9,"first_ts":1790779126704064000,"last_ts":1790779127770738000,"image":"session_2026-09-30_14-10-32_checkpoint_017_photos/session_2026-09-30_14-10-32_checkpoint_017_sign_145.jpg","photo_url":"https://drive.google.com/thumbnail?id=1QNkAw-hHU4-j2uIFezqUFfESXKinhADh&sz=w1200","photo_view":"https://drive.google.com/file/d/1QNkAw-hHU4-j2uIFezqUFfESXKinhADh/view","label_stats":{"Kamera":{"detections":8,"mean_conf":0.465,"max_conf":0.634}},"alt":419.12,"session":"2026-09-30_session_2026-09-30_14-10-32","kind":"sign"}},{"type":"Feature","geometry":{"type":"Point","coordinates":[44.8358781,41.6818737]},"properties":{"pole_id":146,"labels":["2.1"],"track_ids":[146],"conf":0.953,"n_frames":64,"first_ts":1790779154703840000,"last_ts":1790779156737156000,"image":"session_2026-09-30_14-10-32_checkpoint_017_photos/session_2026-09-30_14-10-32_checkpoint_017_sign_146.jpg","photo_url":"https://drive.google.com/thumbnail?id=1te-2ty265sAArYWs5wL9m-O3FPqkgb5q&sz=w1200","photo_view":"https://drive.google.com/file/d/1te-2ty265sAArYWs5wL9m-O3FPqkgb5q/view","label_stats":{"2.1":{"detections":60,"mean_conf":0.876,"max_conf":0.953}},"alt":396.03,"session":"2026-09-30_session_2026-09-30_14-10-32","kind":"sign"}},{"type":"Feature","geometry":{"type":"Point","coordinates":[44.8351772,41.6822858]},"properties":{"pole_id":147,"labels":["4.1.1","2.3"],"track_ids":[147],"conf":0.902,"n_frames":38,"first_ts":1790779163837103000,"last_ts":1790779164537093000,"image":"session_2026-09-30_14-10-32_checkpoint_017_photos/session_2026-09-30_14-10-32_checkpoint_017_sign_147.jpg","photo_url":"https://drive.google.com/thumbnail?id=1QglFtBah36jVxTpLfSw4baIESElGRQVA&sz=w1200","photo_view":"https://drive.google.com/file/d/1QglFtBah36jVxTpLfSw4baIESElGRQVA/view","label_stats":{"4.1.1":{"detections":22,"mean_conf":0.874,"max_conf":0.902},"2.3":{"detections":16,"mean_conf":0.904,"max_conf":0.926}},"alt":411.66,"session":"2026-09-30_session_2026-09-30_14-10-32","kind":"sign"}},{"type":"Feature","geometry":{"type":"Point","coordinates":[44.8287035,41.6841038]},"properties":{"pole_id":148,"labels":["4.1.1"],"track_ids":[148],"conf":0.911,"n_frames":65,"first_ts":1790779212403379000,"last_ts":1790779214536703000,"image":"session_2026-09-30_14-10-32_checkpoint_017_photos/session_2026-09-30_14-10-32_checkpoint_017_sign_148.jpg","photo_url":"https://drive.google.com/thumbnail?id=113PRAs5mO27lxJvvUZOv7TRFOyy9-ax5&sz=w1200","photo_view":"https://drive.google.com/file/d/113PRAs5mO27lxJvvUZOv7TRFOyy9-ax5/view","label_stats":{"4.1.1":{"detections":65,"mean_conf":0.863,"max_conf":0.911}},"alt":416.04,"session":"2026-09-30_session_2026-09-30_14-10-32","kind":"sign"}},{"type":"Feature","geometry":{"type":"Point","coordinates":[44.8285892,41.6840848]},"properties":{"pole_id":149,"labels":["4.1.2","2.3"],"track_ids":[149],"conf":0.92,"n_frames":46,"first_ts":1790779216170021000,"last_ts":1790779217236670000,"image":"session_2026-09-30_14-10-32_checkpoint_017_photos/session_2026-09-30_14-10-32_checkpoint_017_sign_149.jpg","photo_url":"https://drive.google.com/thumbnail?id=1133MKEah0rO39KjB9xVw7KiEFuw_ICp3&sz=w1200","photo_view":"https://drive.google.com/file/d/1133MKEah0rO39KjB9xVw7KiEFuw_ICp3/view","label_stats":{"4.1.2":{"detections":33,"mean_conf":0.867,"max_conf":0.92},"2.3":{"detections":13,"mean_conf":0.811,"max_conf":0.88}},"alt":413.79,"session":"2026-09-30_session_2026-09-30_14-10-32","kind":"sign"}},{"type":"Feature","geometry":{"type":"Point","coordinates":[44.8276148,41.6841547]},"properties":{"pole_id":150,"labels":["8.3.1","6.2"],"track_ids":[150],"conf":0.913,"n_frames":40,"first_ts":1790779224203288000,"last_ts":1790779225103271000,"image":"session_2026-09-30_14-10-32_checkpoint_017_photos/session_2026-09-30_14-10-32_checkpoint_017_sign_150.jpg","photo_url":"https://drive.google.com/thumbnail?id=1fh41u4shlhrAPTLMgH1b8PIwWwQ9fB_m&sz=w1200","photo_view":"https://drive.google.com/file/d/1fh41u4shlhrAPTLMgH1b8PIwWwQ9fB_m/view","label_stats":{"8.3.1":{"detections":28,"mean_conf":0.764,"max_conf":0.913},"6.2":{"detections":8,"mean_conf":0.55,"max_conf":0.752}},"alt":415.38,"session":"2026-09-30_session_2026-09-30_14-10-32","kind":"sign"}},{"type":"Feature","geometry":{"type":"Point","coordinates":[44.8274394,41.6842525]},"properties":{"pole_id":151,"labels":["4.2.1"],"track_ids":[151],"conf":0.959,"n_frames":34,"first_ts":1790779226036596000,"last_ts":1790779227136590000,"image":"session_2026-09-30_14-10-32_checkpoint_017_photos/session_2026-09-30_14-10-32_checkpoint_017_sign_151.jpg","photo_url":"https://drive.google.com/thumbnail?id=1UoFC5UOiCksdojqPsas_TzahjUqMRvJl&sz=w1200","photo_view":"https://drive.google.com/file/d/1UoFC5UOiCksdojqPsas_TzahjUqMRvJl/view","label_stats":{"4.2.1":{"detections":34,"mean_conf":0.94,"max_conf":0.959}},"alt":412.42,"session":"2026-09-30_session_2026-09-30_14-10-32","kind":"sign"}},{"type":"Feature","geometry":{"type":"Point","coordinates":[44.8273357,41.6842458]},"properties":{"pole_id":152,"labels":["4.1.1"],"track_ids":[152],"conf":0.942,"n_frames":47,"first_ts":1790779227103273000,"last_ts":1790779228636585000,"image":"session_2026-09-30_14-10-32_checkpoint_017_photos/session_2026-09-30_14-10-32_checkpoint_017_sign_152.jpg","photo_url":"https://drive.google.com/thumbnail?id=1-It8L9rP6_NG_tn5lIZpZvQYkYdbK33k&sz=w1200","photo_view":"https://drive.google.com/file/d/1-It8L9rP6_NG_tn5lIZpZvQYkYdbK33k/view","label_stats":{"4.1.1":{"detections":47,"mean_conf":0.912,"max_conf":0.942}},"alt":413.23,"session":"2026-09-30_session_2026-09-30_14-10-32","kind":"sign"}},{"type":"Feature","geometry":{"type":"Point","coordinates":[44.827245,41.6841479]},"properties":{"pole_id":153,"labels":["4.3"],"track_ids":[153],"conf":0.931,"n_frames":47,"first_ts":1790779228236586000,"last_ts":1790779229936565000,"image":"session_2026-09-30_14-10-32_checkpoint_017_photos/session_2026-09-30_14-10-32_checkpoint_017_sign_153.jpg","photo_url":"https://drive.google.com/thumbnail?id=1Hco5eWXZU6BFrVTvc72cBQChjdwNLSzY&sz=w1200","photo_view":"https://drive.google.com/file/d/1Hco5eWXZU6BFrVTvc72cBQChjdwNLSzY/view","label_stats":{"4.3":{"detections":47,"mean_conf":0.898,"max_conf":0.931}},"alt":417.35,"session":"2026-09-30_session_2026-09-30_14-10-32","kind":"sign"}},{"type":"Feature","geometry":{"type":"Point","coordinates":[44.8272099,41.6842465]},"properties":{"pole_id":154,"labels":["2.3"],"track_ids":[154],"conf":0.813,"n_frames":9,"first_ts":1790779229503248000,"last_ts":1790779230603243000,"image":"session_2026-09-30_14-10-32_checkpoint_017_photos/session_2026-09-30_14-10-32_checkpoint_017_sign_154.jpg","photo_url":"https://drive.google.com/thumbnail?id=1qZ8WIPa4v7HDeg-GjLNtbAhyt1P3UDbo&sz=w1200","photo_view":"https://drive.google.com/file/d/1qZ8WIPa4v7HDeg-GjLNtbAhyt1P3UDbo/view","label_stats":{"2.3":{"detections":9,"mean_conf":0.694,"max_conf":0.813}},"alt":411.96,"session":"2026-09-30_session_2026-09-30_14-10-32","kind":"sign"}},{"type":"Feature","geometry":{"type":"Point","coordinates":[44.8267225,41.6841976]},"properties":{"pole_id":155,"labels":["3.1"],"track_ids":[155],"conf":0.93,"n_frames":148,"first_ts":1790779250469766000,"last_ts":1790779255036379000,"image":"session_2026-09-30_14-10-32_checkpoint_017_photos/session_2026-09-30_14-10-32_checkpoint_017_sign_155.jpg","photo_url":"https://drive.google.com/thumbnail?id=10Qrkv6joVptxQQuNnoV9pwRkhGS5moiV&sz=w1200","photo_view":"https://drive.google.com/file/d/10Qrkv6joVptxQQuNnoV9pwRkhGS5moiV/view","label_stats":{"3.1":{"detections":137,"mean_conf":0.797,"max_conf":0.93}},"alt":413.76,"session":"2026-09-30_session_2026-09-30_14-10-32","kind":"sign"}},{"type":"Feature","geometry":{"type":"Point","coordinates":[44.826661,41.6842464]},"properties":{"pole_id":156,"labels":["1.34","1.13.2"],"track_ids":[156],"conf":0.715,"n_frames":8,"first_ts":1790779267169635000,"last_ts":1790779267569634000,"image":"session_2026-09-30_14-10-32_checkpoint_017_photos/session_2026-09-30_14-10-32_checkpoint_017_sign_156.jpg","photo_url":"https://drive.google.com/thumbnail?id=1xjZgePXdOz7rlhEaDyNmeL86buhg9Ek7&sz=w1200","photo_view":"https://drive.google.com/file/d/1xjZgePXdOz7rlhEaDyNmeL86buhg9Ek7/view","label_stats":{"1.34":{"detections":4,"mean_conf":0.598,"max_conf":0.715},"1.13.2":{"detections":4,"mean_conf":0.484,"max_conf":0.525}},"alt":411.11,"session":"2026-09-30_session_2026-09-30_14-10-32","kind":"sign"}},{"type":"Feature","geometry":{"type":"Point","coordinates":[44.825669,41.6840705]},"properties":{"pole_id":157,"labels":["5.15.2","4.1.2"],"track_ids":[157],"conf":0.971,"n_frames":80,"first_ts":1790779326002522000,"last_ts":1790779327369162000,"image":"session_2026-09-30_14-10-32_checkpoint_017_photos/session_2026-09-30_14-10-32_checkpoint_017_sign_157.jpg","photo_url":"https://drive.google.com/thumbnail?id=1yDO6axr6zMb6rIqWo2AzQ1Dv1ryAtqLm&sz=w1200","photo_view":"https://drive.google.com/file/d/1yDO6axr6zMb6rIqWo2AzQ1Dv1ryAtqLm/view","label_stats":{"5.15.2":{"detections":74,"mean_conf":0.86,"max_conf":0.971},"4.1.2":{"detections":30,"mean_conf":0.807,"max_conf":0.926}},"alt":401.39,"session":"2026-09-30_session_2026-09-30_14-10-32","kind":"sign"}},{"type":"Feature","geometry":{"type":"Point","coordinates":[44.8256644,41.6841119]},"properties":{"pole_id":158,"labels":["5.15.2"],"track_ids":[158],"conf":0.941,"n_frames":25,"first_ts":1790779326402520000,"last_ts":1790779327235837000,"image":"session_2026-09-30_14-10-32_checkpoint_017_photos/session_2026-09-30_14-10-32_checkpoint_017_sign_158.jpg","photo_url":"https://drive.google.com/thumbnail?id=1ayDbot66HmXYO78gBf2tALaa7fzZsSsn&sz=w1200","photo_view":"https://drive.google.com/file/d/1ayDbot66HmXYO78gBf2tALaa7fzZsSsn/view","label_stats":{"5.15.2":{"detections":56,"mean_conf":0.894,"max_conf":0.971}},"alt":400.48,"session":"2026-09-30_session_2026-09-30_14-10-32","kind":"sign"}},{"type":"Feature","geometry":{"type":"Point","coordinates":[44.8256455,41.684045]},"properties":{"pole_id":159,"labels":["Kamera"],"track_ids":[159],"conf":0.633,"n_frames":8,"first_ts":1790779327335845000,"last_ts":1790779327569176000,"image":"session_2026-09-30_14-10-32_checkpoint_017_photos/session_2026-09-30_14-10-32_checkpoint_017_sign_159.jpg","photo_url":"https://drive.google.com/thumbnail?id=1dnTFpMuHI-8CXahTaIHqDOYnF0IzZGHW&sz=w1200","photo_view":"https://drive.google.com/file/d/1dnTFpMuHI-8CXahTaIHqDOYnF0IzZGHW/view","label_stats":{"Kamera":{"detections":8,"mean_conf":0.554,"max_conf":0.769}},"alt":402.71,"session":"2026-09-30_session_2026-09-30_14-10-32","kind":"sign"}},{"type":"Feature","geometry":{"type":"Point","coordinates":[44.8249012,41.6840973]},"properties":{"pole_id":160,"labels":["5.15.2","2.1"],"track_ids":[160],"conf":0.958,"n_frames":259,"first_ts":1790779335002456000,"last_ts":1790779339969073000,"image":"session_2026-09-30_14-10-32_checkpoint_017_photos/session_2026-09-30_14-10-32_checkpoint_017_sign_160.jpg","photo_url":"https://drive.google.com/thumbnail?id=1AuEdmSKqP7Xe6GoJaAA0Mp6m0ZrSdFnY&sz=w1200","photo_view":"https://drive.google.com/file/d/1AuEdmSKqP7Xe6GoJaAA0Mp6m0ZrSdFnY/view","label_stats":{"2.1":{"detections":143,"mean_conf":0.883,"max_conf":0.948},"5.15.2":{"detections":321,"mean_conf":0.738,"max_conf":0.977}},"alt":414.0,"session":"2026-09-30_session_2026-09-30_14-10-32","kind":"sign"}},{"type":"Feature","geometry":{"type":"Point","coordinates":[44.8248906,41.6841548]},"properties":{"pole_id":161,"labels":["5.15.2","2.1"],"track_ids":[161],"conf":0.919,"n_frames":507,"first_ts":1790779335802430000,"last_ts":1790779345969024000,"image":"session_2026-09-30_14-10-32_checkpoint_017_photos/session_2026-09-30_14-10-32_checkpoint_017_sign_161.jpg","photo_url":"https://drive.google.com/thumbnail?id=170PKMRTyTtm8gwV_xRCHklRDdfVvIKyz&sz=w1200","photo_view":"https://drive.google.com/file/d/170PKMRTyTtm8gwV_xRCHklRDdfVvIKyz/view","label_stats":{"2.1":{"detections":306,"mean_conf":0.866,"max_conf":0.948},"5.15.2":{"detections":849,"mean_conf":0.704,"max_conf":0.977}},"alt":409.14,"session":"2026-09-30_session_2026-09-30_14-10-32","kind":"sign"}},{"type":"Feature","geometry":{"type":"Point","coordinates":[44.8248692,41.6841904]},"properties":{"pole_id":162,"labels":["4.2.1","5.15.2"],"track_ids":[162],"conf":0.943,"n_frames":153,"first_ts":1790779337069093000,"last_ts":1790779346002368000,"image":"session_2026-09-30_14-10-32_checkpoint_017_photos/session_2026-09-30_14-10-32_checkpoint_017_sign_162.jpg","photo_url":"https://drive.google.com/thumbnail?id=1Mm6bbM3khLVYHXzRd8fqiMWQAmA4lQOT&sz=w1200","photo_view":"https://drive.google.com/file/d/1Mm6bbM3khLVYHXzRd8fqiMWQAmA4lQOT/view","label_stats":{"4.2.1":{"detections":536,"mean_conf":0.902,"max_conf":0.943},"5.15.2":{"detections":779,"mean_conf":0.7,"max_conf":0.977}},"alt":415.3,"session":"2026-09-30_session_2026-09-30_14-10-32","kind":"sign"}},{"type":"Feature","geometry":{"type":"Point","coordinates":[44.824888,41.6841249]},"properties":{"pole_id":163,"labels":["5.15.2"],"track_ids":[163],"conf":0.977,"n_frames":98,"first_ts":1790779337135755000,"last_ts":1790779345002379000,"image":"session_2026-09-30_14-10-32_checkpoint_017_photos/session_2026-09-30_14-10-32_checkpoint_017_sign_163.jpg","photo_url":"https://drive.google.com/thumbnail?id=1AAf__c9FoYrbxhOlPlZsyqV6sl5vbjtQ&sz=w1200","photo_view":"https://drive.google.com/file/d/1AAf__c9FoYrbxhOlPlZsyqV6sl5vbjtQ/view","label_stats":{"5.15.2":{"detections":685,"mean_conf":0.704,"max_conf":0.977}},"alt":413.16,"session":"2026-09-30_session_2026-09-30_14-10-32","kind":"sign"}},{"type":"Feature","geometry":{"type":"Point","coordinates":[44.8248865,41.6842576]},"properties":{"pole_id":164,"labels":["4.2.1","5.15.2"],"track_ids":[164],"conf":0.94,"n_frames":72,"first_ts":1790779338069080000,"last_ts":1790779345935704000,"image":"session_2026-09-30_14-10-32_checkpoint_017_photos/session_2026-09-30_14-10-32_checkpoint_017_sign_164.jpg","photo_url":"https://drive.google.com/thumbnail?id=1AJBF4OSCH1UsDBiw9EYT8MZJYdMTjD7I&sz=w1200","photo_view":"https://drive.google.com/file/d/1AJBF4OSCH1UsDBiw9EYT8MZJYdMTjD7I/view","label_stats":{"4.2.1":{"detections":472,"mean_conf":0.906,"max_conf":0.941},"5.15.2":{"detections":695,"mean_conf":0.679,"max_conf":0.919}},"alt":415.28,"session":"2026-09-30_session_2026-09-30_14-10-32","kind":"sign"}},{"type":"Feature","geometry":{"type":"Point","coordinates":[44.8248488,41.6842244]},"properties":{"pole_id":165,"labels":["5.15.2","4.2.1"],"track_ids":[165],"conf":0.761,"n_frames":36,"first_ts":1790779338069080000,"last_ts":1790779345035696000,"image":"session_2026-09-30_14-10-32_checkpoint_017_photos/session_2026-09-30_14-10-32_checkpoint_017_sign_165.jpg","photo_url":"https://drive.google.com/thumbnail?id=141ZBVX7PbbmksqWTfhrU3_Ho9VuDgh8d&sz=w1200","photo_view":"https://drive.google.com/file/d/141ZBVX7PbbmksqWTfhrU3_Ho9VuDgh8d/view","label_stats":{"4.2.1":{"detections":418,"mean_conf":0.907,"max_conf":0.941},"5.15.2":{"detections":614,"mean_conf":0.682,"max_conf":0.919}},"alt":412.49,"session":"2026-09-30_session_2026-09-30_14-10-32","kind":"sign"}},{"type":"Feature","geometry":{"type":"Point","coordinates":[44.8248386,41.6842554]},"properties":{"pole_id":166,"labels":["5.15.2","4.2.1"],"track_ids":[166],"conf":0.824,"n_frames":60,"first_ts":1790779338135768000,"last_ts":1790779339735742000,"image":"session_2026-09-30_14-10-32_checkpoint_017_photos/session_2026-09-30_14-10-32_checkpoint_017_sign_166.jpg","photo_url":"https://drive.google.com/thumbnail?id=1Yl8KMYKONoNOlJF0daswZdDkXyKhd-lq&sz=w1200","photo_view":"https://drive.google.com/file/d/1Yl8KMYKONoNOlJF0daswZdDkXyKhd-lq/view","label_stats":{"4.2.1":{"detections":97,"mean_conf":0.905,"max_conf":0.941},"5.15.2":{"detections":131,"mean_conf":0.668,"max_conf":0.834}},"alt":412.23,"session":"2026-09-30_session_2026-09-30_14-10-32","kind":"sign"}},{"type":"Feature","geometry":{"type":"Point","coordinates":[44.8248874,41.6842822]},"properties":{"pole_id":167,"labels":["5.15.2","4.2.1"],"track_ids":[167],"conf":0.776,"n_frames":29,"first_ts":1790779338202430000,"last_ts":1790779345869044000,"image":"session_2026-09-30_14-10-32_checkpoint_017_photos/session_2026-09-30_14-10-32_checkpoint_017_sign_167.jpg","photo_url":"https://drive.google.com/thumbnail?id=1d6xllEOXAFvzAlf0XKVdOTgHZao43tc2&sz=w1200","photo_view":"https://drive.google.com/file/d/1d6xllEOXAFvzAlf0XKVdOTgHZao43tc2/view","label_stats":{"4.2.1":{"detections":460,"mean_conf":0.906,"max_conf":0.941},"5.15.2":{"detections":677,"mean_conf":0.677,"max_conf":0.838}},"alt":409.97,"session":"2026-09-30_session_2026-09-30_14-10-32","kind":"sign"}},{"type":"Feature","geometry":{"type":"Point","coordinates":[44.82481,41.6842912]},"properties":{"pole_id":168,"labels":["4.2.1"],"track_ids":[168],"conf":0.891,"n_frames":5,"first_ts":1790779338235747000,"last_ts":1790779338802419000,"image":"session_2026-09-30_14-10-32_checkpoint_017_photos/session_2026-09-30_14-10-32_checkpoint_017_sign_168.jpg","photo_url":"https://drive.google.com/thumbnail?id=12uTnm3xXdZfakdAOgc5aozMPUR2XhrJj&sz=w1200","photo_view":"https://drive.google.com/file/d/12uTnm3xXdZfakdAOgc5aozMPUR2XhrJj/view","label_stats":{"4.2.1":{"detections":36,"mean_conf":0.911,"max_conf":0.941}},"alt":419.13,"session":"2026-09-30_session_2026-09-30_14-10-32","kind":"sign"}},{"type":"Feature","geometry":{"type":"Point","coordinates":[44.8248643,41.6843379]},"properties":{"pole_id":169,"labels":["4.2.1"],"track_ids":[169],"conf":0.941,"n_frames":29,"first_ts":1790779338302410000,"last_ts":1790779345735691000,"image":"session_2026-09-30_14-10-32_checkpoint_017_photos/session_2026-09-30_14-10-32_checkpoint_017_sign_169.jpg","photo_url":"https://drive.google.com/thumbnail?id=165baOyms8KgvsT4jx1rkAUWK4cswOtZh&sz=w1200","photo_view":"https://drive.google.com/file/d/165baOyms8KgvsT4jx1rkAUWK4cswOtZh/view","label_stats":{"4.2.1":{"detections":447,"mean_conf":0.906,"max_conf":0.941}},"alt":417.08,"session":"2026-09-30_session_2026-09-30_14-10-32","kind":"sign"}},{"type":"Feature","geometry":{"type":"Point","coordinates":[44.8248063,41.6843233]},"properties":{"pole_id":170,"labels":["4.2.1"],"track_ids":[170],"conf":0.904,"n_frames":13,"first_ts":1790779338335754000,"last_ts":1790779338735756000,"image":"session_2026-09-30_14-10-32_checkpoint_017_photos/session_2026-09-30_14-10-32_checkpoint_017_sign_170.jpg","photo_url":"https://drive.google.com/thumbnail?id=12ZSuJG5kNxAmipLZjiNaqswk7sc1u2Au&sz=w1200","photo_view":"https://drive.google.com/file/d/12ZSuJG5kNxAmipLZjiNaqswk7sc1u2Au/view","label_stats":{"4.2.1":{"detections":26,"mean_conf":0.913,"max_conf":0.941}},"alt":418.72,"session":"2026-09-30_session_2026-09-30_14-10-32","kind":"sign"}},{"type":"Feature","geometry":{"type":"Point","coordinates":[44.8249023,41.6842267]},"properties":{"pole_id":171,"labels":["4.2.1"],"track_ids":[171],"conf":0.915,"n_frames":118,"first_ts":1790779338935743000,"last_ts":1790779346002368000,"image":"session_2026-09-30_14-10-32_checkpoint_017_photos/session_2026-09-30_14-10-32_checkpoint_017_sign_171.jpg","photo_url":"https://drive.google.com/thumbnail?id=1z9TbDfVeK0eEdBQfUecfFN-xDtCDswDn&sz=w1200","photo_view":"https://drive.google.com/file/d/1z9TbDfVeK0eEdBQfUecfFN-xDtCDswDn/view","label_stats":{"4.2.1":{"detections":425,"mean_conf":0.905,"max_conf":0.934}},"alt":416.39,"session":"2026-09-30_session_2026-09-30_14-10-32","kind":"sign"}},{"type":"Feature","geometry":{"type":"Point","coordinates":[44.8248178,41.6848277]},"properties":{"pole_id":172,"labels":["5.15.2"],"track_ids":[172],"conf":0.825,"n_frames":4,"first_ts":1790779340035735000,"last_ts":1790779340035735000,"image":"session_2026-09-30_14-10-32_checkpoint_017_photos/session_2026-09-30_14-10-32_checkpoint_017_sign_172.jpg","photo_url":"https://drive.google.com/thumbnail?id=1k7o-bUFVokmwOOFXdfgM5jW2WmiVbJbA&sz=w1200","photo_view":"https://drive.google.com/file/d/1k7o-bUFVokmwOOFXdfgM5jW2WmiVbJbA/view","label_stats":{"5.15.2":{"detections":3,"mean_conf":0.755,"max_conf":0.825}},"alt":410.83,"session":"2026-09-30_session_2026-09-30_14-10-32","kind":"sign"}},{"type":"Feature","geometry":{"type":"Point","coordinates":[44.8247645,41.6854473]},"properties":{"pole_id":173,"labels":["5.15.2"],"track_ids":[173],"conf":0.768,"n_frames":4,"first_ts":1790779340069081000,"last_ts":1790779340069081000,"image":"session_2026-09-30_14-10-32_checkpoint_017_photos/session_2026-09-30_14-10-32_checkpoint_017_sign_173.jpg","photo_url":"https://drive.google.com/thumbnail?id=12GNEMb3AQWFZaTfLvSBS1r36Efm_gIxW&sz=w1200","photo_view":"https://drive.google.com/file/d/12GNEMb3AQWFZaTfLvSBS1r36Efm_gIxW/view","label_stats":{"5.15.2":{"detections":3,"mean_conf":0.727,"max_conf":0.768}},"alt":410.78,"session":"2026-09-30_session_2026-09-30_14-10-32","kind":"sign"}},{"type":"Feature","geometry":{"type":"Point","coordinates":[44.824726,41.6860212]},"properties":{"pole_id":174,"labels":["5.15.2"],"track_ids":[174],"conf":0.776,"n_frames":4,"first_ts":1790779340102398000,"last_ts":1790779340102398000,"image":"session_2026-09-30_14-10-32_checkpoint_017_photos/session_2026-09-30_14-10-32_checkpoint_017_sign_174.jpg","photo_url":"https://drive.google.com/thumbnail?id=1tISeUNuacrtE3Z0kgIcK7VsXBZOVnK1J&sz=w1200","photo_view":"https://drive.google.com/file/d/1tISeUNuacrtE3Z0kgIcK7VsXBZOVnK1J/view","label_stats":{"5.15.2":{"detections":3,"mean_conf":0.722,"max_conf":0.776}},"alt":410.72,"session":"2026-09-30_session_2026-09-30_14-10-32","kind":"sign"}},{"type":"Feature","geometry":{"type":"Point","coordinates":[44.8247008,41.6865502]},"properties":{"pole_id":175,"labels":["5.15.2"],"track_ids":[175],"conf":0.724,"n_frames":4,"first_ts":1790779340135743000,"last_ts":1790779340135743000,"image":"session_2026-09-30_14-10-32_checkpoint_017_photos/session_2026-09-30_14-10-32_checkpoint_017_sign_175.jpg","photo_url":"https://drive.google.com/thumbnail?id=1vAGHVqjLTqkQo7o4XHO4LdBA-AAEkdWk&sz=w1200","photo_view":"https://drive.google.com/file/d/1vAGHVqjLTqkQo7o4XHO4LdBA-AAEkdWk/view","label_stats":{"5.15.2":{"detections":3,"mean_conf":0.64,"max_conf":0.724}},"alt":410.66,"session":"2026-09-30_session_2026-09-30_14-10-32","kind":"sign"}},{"type":"Feature","geometry":{"type":"Point","coordinates":[44.824688,41.6870337]},"properties":{"pole_id":176,"labels":["5.15.2"],"track_ids":[176],"conf":0.765,"n_frames":4,"first_ts":1790779340169087000,"last_ts":1790779340169087000,"image":"session_2026-09-30_14-10-32_checkpoint_017_photos/session_2026-09-30_14-10-32_checkpoint_017_sign_176.jpg","photo_url":"https://drive.google.com/thumbnail?id=17QcJibmU4ad-xkqNFTvcV5XKAKDUiNrp&sz=w1200","photo_view":"https://drive.google.com/file/d/17QcJibmU4ad-xkqNFTvcV5XKAKDUiNrp/view","label_stats":{"5.15.2":{"detections":3,"mean_conf":0.672,"max_conf":0.765}},"alt":410.6,"session":"2026-09-30_session_2026-09-30_14-10-32","kind":"sign"}},{"type":"Feature","geometry":{"type":"Point","coordinates":[44.8246864,41.6874709]},"properties":{"pole_id":177,"labels":["5.15.2"],"track_ids":[177],"conf":0.796,"n_frames":4,"first_ts":1790779340202404000,"last_ts":1790779340202404000,"image":"session_2026-09-30_14-10-32_checkpoint_017_photos/session_2026-09-30_14-10-32_checkpoint_017_sign_177.jpg","photo_url":"https://drive.google.com/thumbnail?id=1Fw5vHQGlxOD4rY3Hxa7kg4aayfiOOIbv&sz=w1200","photo_view":"https://drive.google.com/file/d/1Fw5vHQGlxOD4rY3Hxa7kg4aayfiOOIbv/view","label_stats":{"5.15.2":{"detections":3,"mean_conf":0.707,"max_conf":0.796}},"alt":410.54,"session":"2026-09-30_session_2026-09-30_14-10-32","kind":"sign"}},{"type":"Feature","geometry":{"type":"Point","coordinates":[44.8246946,41.6878626]},"properties":{"pole_id":178,"labels":["5.15.2"],"track_ids":[178],"conf":0.809,"n_frames":4,"first_ts":1790779340235750000,"last_ts":1790779340235750000,"image":"session_2026-09-30_14-10-32_checkpoint_017_photos/session_2026-09-30_14-10-32_checkpoint_017_sign_178.jpg","photo_url":"https://drive.google.com/thumbnail?id=1r-6ozkxlagasasXzo5mXdd95CqhcfH4h&sz=w1200","photo_view":"https://drive.google.com/file/d/1r-6ozkxlagasasXzo5mXdd95CqhcfH4h/view","label_stats":{"5.15.2":{"detections":3,"mean_conf":0.715,"max_conf":0.809}},"alt":410.48,"session":"2026-09-30_session_2026-09-30_14-10-32","kind":"sign"}},{"type":"Feature","geometry":{"type":"Point","coordinates":[44.8247116,41.6882079]},"properties":{"pole_id":179,"labels":["5.15.2"],"track_ids":[179],"conf":0.832,"n_frames":4,"first_ts":1790779340269066000,"last_ts":1790779340269066000,"image":"session_2026-09-30_14-10-32_checkpoint_017_photos/session_2026-09-30_14-10-32_checkpoint_017_sign_179.jpg","photo_url":"https://drive.google.com/thumbnail?id=1YqVP3d4E5y-dzFC3Gjnbn9FFxxdRmYO8&sz=w1200","photo_view":"https://drive.google.com/file/d/1YqVP3d4E5y-dzFC3Gjnbn9FFxxdRmYO8/view","label_stats":{"5.15.2":{"detections":3,"mean_conf":0.717,"max_conf":0.832}},"alt":410.42,"session":"2026-09-30_session_2026-09-30_14-10-32","kind":"sign"}},{"type":"Feature","geometry":{"type":"Point","coordinates":[44.8247363,41.6885073]},"properties":{"pole_id":180,"labels":["5.15.2"],"track_ids":[180],"conf":0.809,"n_frames":4,"first_ts":1790779340302412000,"last_ts":1790779340302412000,"image":"session_2026-09-30_14-10-32_checkpoint_017_photos/session_2026-09-30_14-10-32_checkpoint_017_sign_180.jpg","photo_url":"https://drive.google.com/thumbnail?id=101Va0KgatrIiwGZA6RzHa6JwIxLe8qoa&sz=w1200","photo_view":"https://drive.google.com/file/d/101Va0KgatrIiwGZA6RzHa6JwIxLe8qoa/view","label_stats":{"5.15.2":{"detections":3,"mean_conf":0.719,"max_conf":0.809}},"alt":410.36,"session":"2026-09-30_session_2026-09-30_14-10-32","kind":"sign"}},{"type":"Feature","geometry":{"type":"Point","coordinates":[44.8247673,41.6887603]},"properties":{"pole_id":181,"labels":["5.15.2"],"track_ids":[181],"conf":0.732,"n_frames":4,"first_ts":1790779340335729000,"last_ts":1790779340335729000,"image":"session_2026-09-30_14-10-32_checkpoint_017_photos/session_2026-09-30_14-10-32_checkpoint_017_sign_181.jpg","photo_url":"https://drive.google.com/thumbnail?id=1A5xCTVOaoybYOoC6AE2VbduN7WrMzHNJ&sz=w1200","photo_view":"https://drive.google.com/file/d/1A5xCTVOaoybYOoC6AE2VbduN7WrMzHNJ/view","label_stats":{"5.15.2":{"detections":3,"mean_conf":0.64,"max_conf":0.732}},"alt":410.31,"session":"2026-09-30_session_2026-09-30_14-10-32","kind":"sign"}},{"type":"Feature","geometry":{"type":"Point","coordinates":[44.8248036,41.6889671]},"properties":{"pole_id":182,"labels":["5.15.2"],"track_ids":[182],"conf":0.763,"n_frames":4,"first_ts":1790779340369074000,"last_ts":1790779340369074000,"image":"session_2026-09-30_14-10-32_checkpoint_017_photos/session_2026-09-30_14-10-32_checkpoint_017_sign_182.jpg","photo_url":"https://drive.google.com/thumbnail?id=1PM3mnffukx_MAQ-jPTx6ZdfmYyY2-KL-&sz=w1200","photo_view":"https://drive.google.com/file/d/1PM3mnffukx_MAQ-jPTx6ZdfmYyY2-KL-/view","label_stats":{"5.15.2":{"detections":3,"mean_conf":0.686,"max_conf":0.763}},"alt":410.25,"session":"2026-09-30_session_2026-09-30_14-10-32","kind":"sign"}},{"type":"Feature","geometry":{"type":"Point","coordinates":[44.8248439,41.6891275]},"properties":{"pole_id":183,"labels":["5.15.2"],"track_ids":[183],"conf":0.766,"n_frames":4,"first_ts":1790779340402417000,"last_ts":1790779340402417000,"image":"session_2026-09-30_14-10-32_checkpoint_017_photos/session_2026-09-30_14-10-32_checkpoint_017_sign_183.jpg","photo_url":"https://drive.google.com/thumbnail?id=1JWmiFXgMrqCLIV4x_6TzT4W0fiZqpg0C&sz=w1200","photo_view":"https://drive.google.com/file/d/1JWmiFXgMrqCLIV4x_6TzT4W0fiZqpg0C/view","label_stats":{"5.15.2":{"detections":3,"mean_conf":0.689,"max_conf":0.766}},"alt":410.19,"session":"2026-09-30_session_2026-09-30_14-10-32","kind":"sign"}},{"type":"Feature","geometry":{"type":"Point","coordinates":[44.8249311,41.6893087]},"properties":{"pole_id":184,"labels":["5.15.2"],"track_ids":[184],"conf":0.778,"n_frames":5,"first_ts":1790779340435736000,"last_ts":1790779340469080000,"image":"session_2026-09-30_14-10-32_checkpoint_017_photos/session_2026-09-30_14-10-32_checkpoint_017_sign_184.jpg","photo_url":"https://drive.google.com/thumbnail?id=1I17JRFBdepj19GQqM19-yI41oHWDOlQo&sz=w1200","photo_view":"https://drive.google.com/file/d/1I17JRFBdepj19GQqM19-yI41oHWDOlQo/view","label_stats":{"5.15.2":{"detections":6,"mean_conf":0.705,"max_conf":0.79}},"alt":410.08,"session":"2026-09-30_session_2026-09-30_14-10-32","kind":"sign"}},{"type":"Feature","geometry":{"type":"Point","coordinates":[44.8248867,41.6892413]},"properties":{"pole_id":185,"labels":["5.15.2"],"track_ids":[185],"conf":0.79,"n_frames":4,"first_ts":1790779340435736000,"last_ts":1790779340435736000,"image":"session_2026-09-30_14-10-32_checkpoint_017_photos/session_2026-09-30_14-10-32_checkpoint_017_sign_185.jpg","photo_url":"https://drive.google.com/thumbnail?id=17ZMGStGGFk4nY1tmS1wYXIOlWlUo0MaH&sz=w1200","photo_view":"https://drive.google.com/file/d/17ZMGStGGFk4nY1tmS1wYXIOlWlUo0MaH/view","label_stats":{"5.15.2":{"detections":3,"mean_conf":0.716,"max_conf":0.79}},"alt":410.13,"session":"2026-09-30_session_2026-09-30_14-10-32","kind":"sign"}},{"type":"Feature","geometry":{"type":"Point","coordinates":[44.8249757,41.6893296]},"properties":{"pole_id":186,"labels":["5.15.2"],"track_ids":[186],"conf":0.814,"n_frames":4,"first_ts":1790779340502401000,"last_ts":1790779340502401000,"image":"session_2026-09-30_14-10-32_checkpoint_017_photos/session_2026-09-30_14-10-32_checkpoint_017_sign_186.jpg","photo_url":"https://drive.google.com/thumbnail?id=1u6QMEHKi5Hb1ND9AHt2NDbELokykJL8P&sz=w1200","photo_view":"https://drive.google.com/file/d/1u6QMEHKi5Hb1ND9AHt2NDbELokykJL8P/view","label_stats":{"5.15.2":{"detections":3,"mean_conf":0.753,"max_conf":0.814}},"alt":410.02,"session":"2026-09-30_session_2026-09-30_14-10-32","kind":"sign"}},{"type":"Feature","geometry":{"type":"Point","coordinates":[44.8250195,41.689304]},"properties":{"pole_id":187,"labels":["5.15.2"],"track_ids":[187],"conf":0.827,"n_frames":5,"first_ts":1790779340535746000,"last_ts":1790779340569065000,"image":"session_2026-09-30_14-10-32_checkpoint_017_photos/session_2026-09-30_14-10-32_checkpoint_017_sign_187.jpg","photo_url":"https://drive.google.com/thumbnail?id=1FfR2464UpES8JjSptB3mrnVqK1J49uB3&sz=w1200","photo_view":"https://drive.google.com/file/d/1FfR2464UpES8JjSptB3mrnVqK1J49uB3/view","label_stats":{"5.15.2":{"detections":6,"mean_conf":0.75,"max_conf":0.827}},"alt":409.96,"session":"2026-09-30_session_2026-09-30_14-10-32","kind":"sign"}},{"type":"Feature","geometry":{"type":"Point","coordinates":[44.8250614,41.6892319]},"properties":{"pole_id":188,"labels":["5.15.2"],"track_ids":[188],"conf":0.822,"n_frames":4,"first_ts":1790779340569065000,"last_ts":1790779340569065000,"image":"session_2026-09-30_14-10-32_checkpoint_017_photos/session_2026-09-30_14-10-32_checkpoint_017_sign_188.jpg","photo_url":"https://drive.google.com/thumbnail?id=1DQKGiv465osCdSlHSJiEEXXbdevA4-gZ&sz=w1200","photo_view":"https://drive.google.com/file/d/1DQKGiv465osCdSlHSJiEEXXbdevA4-gZ/view","label_stats":{"5.15.2":{"detections":3,"mean_conf":0.725,"max_conf":0.822}},"alt":409.89,"session":"2026-09-30_session_2026-09-30_14-10-32","kind":"sign"}},{"type":"Feature","geometry":{"type":"Point","coordinates":[44.8251003,41.6891133]},"properties":{"pole_id":189,"labels":["5.15.2"],"track_ids":[189],"conf":0.814,"n_frames":4,"first_ts":1790779340602408000,"last_ts":1790779340602408000,"image":"session_2026-09-30_14-10-32_checkpoint_017_photos/session_2026-09-30_14-10-32_checkpoint_017_sign_189.jpg","photo_url":"https://drive.google.com/thumbnail?id=14FsbN0U3JReOlBK5L_zSufKEOnpcoZ1A&sz=w1200","photo_view":"https://drive.google.com/file/d/14FsbN0U3JReOlBK5L_zSufKEOnpcoZ1A/view","label_stats":{"5.15.2":{"detections":3,"mean_conf":0.712,"max_conf":0.814}},"alt":409.83,"session":"2026-09-30_session_2026-09-30_14-10-32","kind":"sign"}},{"type":"Feature","geometry":{"type":"Point","coordinates":[44.8251348,41.6889483]},"properties":{"pole_id":190,"labels":["5.15.2"],"track_ids":[190],"conf":0.781,"n_frames":4,"first_ts":1790779340635754000,"last_ts":1790779340635754000,"image":"session_2026-09-30_14-10-32_checkpoint_017_photos/session_2026-09-30_14-10-32_checkpoint_017_sign_190.jpg","photo_url":"https://drive.google.com/thumbnail?id=1P5Hto6j-Oo_y1CdL9Q_C5LJsyG_BmXJK&sz=w1200","photo_view":"https://drive.google.com/file/d/1P5Hto6j-Oo_y1CdL9Q_C5LJsyG_BmXJK/view","label_stats":{"5.15.2":{"detections":3,"mean_conf":0.677,"max_conf":0.781}},"alt":409.78,"session":"2026-09-30_session_2026-09-30_14-10-32","kind":"sign"}},{"type":"Feature","geometry":{"type":"Point","coordinates":[44.8251637,41.6887371]},"properties":{"pole_id":191,"labels":["5.15.2"],"track_ids":[191],"conf":0.735,"n_frames":4,"first_ts":1790779340669070000,"last_ts":1790779340669070000,"image":"session_2026-09-30_14-10-32_checkpoint_017_photos/session_2026-09-30_14-10-32_checkpoint_017_sign_191.jpg","photo_url":"https://drive.google.com/thumbnail?id=1vRLR5pubI3atE_x2FdIWRnrRusCR9hiX&sz=w1200","photo_view":"https://drive.google.com/file/d/1vRLR5pubI3atE_x2FdIWRnrRusCR9hiX/view","label_stats":{"5.15.2":{"detections":3,"mean_conf":0.654,"max_conf":0.735}},"alt":409.73,"session":"2026-09-30_session_2026-09-30_14-10-32","kind":"sign"}},{"type":"Feature","geometry":{"type":"Point","coordinates":[44.8251858,41.6884796]},"properties":{"pole_id":192,"labels":["5.15.2"],"track_ids":[192],"conf":0.759,"n_frames":4,"first_ts":1790779340702414000,"last_ts":1790779340702414000,"image":"session_2026-09-30_14-10-32_checkpoint_017_photos/session_2026-09-30_14-10-32_checkpoint_017_sign_192.jpg","photo_url":"https://drive.google.com/thumbnail?id=1qvIAtvU6cis579YDbNTeDCeM95vG-w4V&sz=w1200","photo_view":"https://drive.google.com/file/d/1qvIAtvU6cis579YDbNTeDCeM95vG-w4V/view","label_stats":{"5.15.2":{"detections":3,"mean_conf":0.708,"max_conf":0.759}},"alt":409.67,"session":"2026-09-30_session_2026-09-30_14-10-32","kind":"sign"}},{"type":"Feature","geometry":{"type":"Point","coordinates":[44.8252,41.6881761]},"properties":{"pole_id":193,"labels":["5.15.2"],"track_ids":[193],"conf":0.728,"n_frames":4,"first_ts":1790779340735733000,"last_ts":1790779340735733000,"image":"session_2026-09-30_14-10-32_checkpoint_017_photos/session_2026-09-30_14-10-32_checkpoint_017_sign_193.jpg","photo_url":"https://drive.google.com/thumbnail?id=1W81AqGkTKT1SHmFwrHiYUECJDyZ7zCvg&sz=w1200","photo_view":"https://drive.google.com/file/d/1W81AqGkTKT1SHmFwrHiYUECJDyZ7zCvg/view","label_stats":{"5.15.2":{"detections":3,"mean_conf":0.672,"max_conf":0.728}},"alt":409.61,"session":"2026-09-30_session_2026-09-30_14-10-32","kind":"sign"}},{"type":"Feature","geometry":{"type":"Point","coordinates":[44.8252051,41.6878264]},"properties":{"pole_id":194,"labels":["5.15.2"],"track_ids":[194],"conf":0.758,"n_frames":4,"first_ts":1790779340769077000,"last_ts":1790779340769077000,"image":"session_2026-09-30_14-10-32_checkpoint_017_photos/session_2026-09-30_14-10-32_checkpoint_017_sign_194.jpg","photo_url":"https://drive.google.com/thumbnail?id=1qxVueN5kuFkjw4ncO9leT6clgDNN0Pqg&sz=w1200","photo_view":"https://drive.google.com/file/d/1qxVueN5kuFkjw4ncO9leT6clgDNN0Pqg/view","label_stats":{"5.15.2":{"detections":3,"mean_conf":0.675,"max_conf":0.758}},"alt":409.55,"session":"2026-09-30_session_2026-09-30_14-10-32","kind":"sign"}},{"type":"Feature","geometry":{"type":"Point","coordinates":[44.8251997,41.6874311]},"properties":{"pole_id":195,"labels":["5.15.2"],"track_ids":[195],"conf":0.779,"n_frames":4,"first_ts":1790779340802393000,"last_ts":1790779340802393000,"image":"session_2026-09-30_14-10-32_checkpoint_017_photos/session_2026-09-30_14-10-32_checkpoint_017_sign_195.jpg","photo_url":"https://drive.google.com/thumbnail?id=1fFtZiEECoG8yBbtdrCTmeWdj79calV6l&sz=w1200","photo_view":"https://drive.google.com/file/d/1fFtZiEECoG8yBbtdrCTmeWdj79calV6l/view","label_stats":{"5.15.2":{"detections":3,"mean_conf":0.71,"max_conf":0.779}},"alt":409.49,"session":"2026-09-30_session_2026-09-30_14-10-32","kind":"sign"}},{"type":"Feature","geometry":{"type":"Point","coordinates":[44.825183,41.6869898]},"properties":{"pole_id":196,"labels":["5.15.2"],"track_ids":[196],"conf":0.805,"n_frames":4,"first_ts":1790779340835739000,"last_ts":1790779340835739000,"image":"session_2026-09-30_14-10-32_checkpoint_017_photos/session_2026-09-30_14-10-32_checkpoint_017_sign_196.jpg","photo_url":"https://drive.google.com/thumbnail?id=1KtAZM4BNa_BDBRvCvisv5rNH_lklxvko&sz=w1200","photo_view":"https://drive.google.com/file/d/1KtAZM4BNa_BDBRvCvisv5rNH_lklxvko/view","label_stats":{"5.15.2":{"detections":3,"mean_conf":0.693,"max_conf":0.805}},"alt":409.43,"session":"2026-09-30_session_2026-09-30_14-10-32","kind":"sign"}},{"type":"Feature","geometry":{"type":"Point","coordinates":[44.8251535,41.686503]},"properties":{"pole_id":197,"labels":["5.15.2"],"track_ids":[197],"conf":0.804,"n_frames":4,"first_ts":1790779340869082000,"last_ts":1790779340869082000,"image":"session_2026-09-30_14-10-32_checkpoint_017_photos/session_2026-09-30_14-10-32_checkpoint_017_sign_197.jpg","photo_url":"https://drive.google.com/thumbnail?id=1wFuY1rallBZliDOgouQ3QMS1X_zY8jBn&sz=w1200","photo_view":"https://drive.google.com/file/d/1wFuY1rallBZliDOgouQ3QMS1X_zY8jBn/view","label_stats":{"5.15.2":{"detections":3,"mean_conf":0.712,"max_conf":0.804}},"alt":409.37,"session":"2026-09-30_session_2026-09-30_14-10-32","kind":"sign"}},{"type":"Feature","geometry":{"type":"Point","coordinates":[44.8251103,41.6859712]},"properties":{"pole_id":198,"labels":["5.15.2"],"track_ids":[198],"conf":0.774,"n_frames":4,"first_ts":1790779340902400000,"last_ts":1790779340902400000,"image":"session_2026-09-30_14-10-32_checkpoint_017_photos/session_2026-09-30_14-10-32_checkpoint_017_sign_198.jpg","photo_url":"https://drive.google.com/thumbnail?id=1VymIrujWawfCSAFT_BP9eZdWlBiyPjyb&sz=w1200","photo_view":"https://drive.google.com/file/d/1VymIrujWawfCSAFT_BP9eZdWlBiyPjyb/view","label_stats":{"5.15.2":{"detections":3,"mean_conf":0.697,"max_conf":0.774}},"alt":409.32,"session":"2026-09-30_session_2026-09-30_14-10-32","kind":"sign"}},{"type":"Feature","geometry":{"type":"Point","coordinates":[44.8250479,41.685501]},"properties":{"pole_id":199,"labels":["5.15.2"],"track_ids":[199],"conf":0.753,"n_frames":6,"first_ts":1790779340935746000,"last_ts":1790779344735705000,"image":"session_2026-09-30_14-10-32_checkpoint_017_photos/session_2026-09-30_14-10-32_checkpoint_017_sign_199.jpg","photo_url":"https://drive.google.com/thumbnail?id=1VDeYkVBfQ551c4g-lManAYz-T8ys_QJ3&sz=w1200","photo_view":"https://drive.google.com/file/d/1VDeYkVBfQ551c4g-lManAYz-T8ys_QJ3/view","label_stats":{"5.15.2":{"detections":345,"mean_conf":0.678,"max_conf":0.838}},"alt":409.71,"session":"2026-09-30_session_2026-09-30_14-10-32","kind":"sign"}},{"type":"Feature","geometry":{"type":"Point","coordinates":[44.8250407,41.6853998]},"properties":{"pole_id":200,"labels":["5.15.2"],"track_ids":[200],"conf":0.796,"n_frames":9,"first_ts":1790779340935746000,"last_ts":1790779344769048000,"image":"session_2026-09-30_14-10-32_checkpoint_017_photos/session_2026-09-30_14-10-32_checkpoint_017_sign_200.jpg","photo_url":"https://drive.google.com/thumbnail?id=1JFfSFHp1GylyMUB7z7ltVxuQ1w41-QDF&sz=w1200","photo_view":"https://drive.google.com/file/d/1JFfSFHp1GylyMUB7z7ltVxuQ1w41-QDF/view","label_stats":{"5.15.2":{"detections":348,"mean_conf":0.678,"max_conf":0.838}},"alt":409.51,"session":"2026-09-30_session_2026-09-30_14-10-32","kind":"sign"}},{"type":"Feature","geometry":{"type":"Point","coordinates":[44.8249777,41.684772]},"properties":{"pole_id":201,"labels":["5.15.2"],"track_ids":[201],"conf":0.725,"n_frames":5,"first_ts":1790779340969063000,"last_ts":1790779344902374000,"image":"session_2026-09-30_14-10-32_checkpoint_017_photos/session_2026-09-30_14-10-32_checkpoint_017_sign_201.jpg","photo_url":"https://drive.google.com/thumbnail?id=1JNlV-_hsP0ZVolSA7PeSdEoH00OmXqMh&sz=w1200","photo_view":"https://drive.google.com/file/d/1JNlV-_hsP0ZVolSA7PeSdEoH00OmXqMh/view","label_stats":{"5.15.2":{"detections":357,"mean_conf":0.679,"max_conf":0.838}},"alt":409.2,"session":"2026-09-30_session_2026-09-30_14-10-32","kind":"sign"}},{"type":"Feature","geometry":{"type":"Point","coordinates":[44.8249575,41.684878]},"properties":{"pole_id":202,"labels":["5.15.2"],"track_ids":[202],"conf":0.773,"n_frames":5,"first_ts":1790779340969063000,"last_ts":1790779344869028000,"image":"session_2026-09-30_14-10-32_checkpoint_017_photos/session_2026-09-30_14-10-32_checkpoint_017_sign_202.jpg","photo_url":"https://drive.google.com/thumbnail?id=1OFEfhLP_1RoVDC7ETJyf5fA5PRsOQQOL&sz=w1200","photo_view":"https://drive.google.com/file/d/1OFEfhLP_1RoVDC7ETJyf5fA5PRsOQQOL/view","label_stats":{"5.15.2":{"detections":354,"mean_conf":0.679,"max_conf":0.838}},"alt":409.87,"session":"2026-09-30_session_2026-09-30_14-10-32","kind":"sign"}},{"type":"Feature","geometry":{"type":"Point","coordinates":[44.8249479,41.6842162]},"properties":{"pole_id":203,"labels":["4.2.1"],"track_ids":[203],"conf":0.934,"n_frames":91,"first_ts":1790779341002408000,"last_ts":1790779344002367000,"image":"session_2026-09-30_14-10-32_checkpoint_017_photos/session_2026-09-30_14-10-32_checkpoint_017_sign_203.jpg","photo_url":"https://drive.google.com/thumbnail?id=1QT09CzxhMB9gXDNPY1d8vtPy3JJydcbA&sz=w1200","photo_view":"https://drive.google.com/file/d/1QT09CzxhMB9gXDNPY1d8vtPy3JJydcbA/view","label_stats":{"4.2.1":{"detections":181,"mean_conf":0.909,"max_conf":0.934}},"alt":413.54,"session":"2026-09-30_session_2026-09-30_14-10-32","kind":"sign"}},{"type":"Feature","geometry":{"type":"Point","coordinates":[44.8249387,41.6843748]},"properties":{"pole_id":204,"labels":["5.15.2"],"track_ids":[204],"conf":0.729,"n_frames":4,"first_ts":1790779344035711000,"last_ts":1790779344969035000,"image":"session_2026-09-30_14-10-32_checkpoint_017_photos/session_2026-09-30_14-10-32_checkpoint_017_sign_204.jpg","photo_url":"https://drive.google.com/thumbnail?id=115osHGeRvZ_5Awlx-F5pRgpHyp3gzA_-&sz=w1200","photo_view":"https://drive.google.com/file/d/115osHGeRvZ_5Awlx-F5pRgpHyp3gzA_-/view","label_stats":{"5.15.2":{"detections":87,"mean_conf":0.683,"max_conf":0.831}},"alt":409.09,"session":"2026-09-30_session_2026-09-30_14-10-32","kind":"sign"}},{"type":"Feature","geometry":{"type":"Point","coordinates":[44.8249158,41.684342]},"properties":{"pole_id":205,"labels":["4.2.1"],"track_ids":[205],"conf":0.917,"n_frames":17,"first_ts":1790779344035711000,"last_ts":1790779345702373000,"image":"session_2026-09-30_14-10-32_checkpoint_017_photos/session_2026-09-30_14-10-32_checkpoint_017_sign_205.jpg","photo_url":"https://drive.google.com/thumbnail?id=182FVZAMp2eqbzAaM3s5L6E58Y7ttvOQa&sz=w1200","photo_view":"https://drive.google.com/file/d/182FVZAMp2eqbzAaM3s5L6E58Y7ttvOQa/view","label_stats":{"4.2.1":{"detections":102,"mean_conf":0.902,"max_conf":0.933}},"alt":414.36,"session":"2026-09-30_session_2026-09-30_14-10-32","kind":"sign"}},{"type":"Feature","geometry":{"type":"Point","coordinates":[44.8249778,41.6845671]},"properties":{"pole_id":206,"labels":["5.15.2"],"track_ids":[206],"conf":0.728,"n_frames":4,"first_ts":1790779344069055000,"last_ts":1790779344069055000,"image":"session_2026-09-30_14-10-32_checkpoint_017_photos/session_2026-09-30_14-10-32_checkpoint_017_sign_206.jpg","photo_url":"https://drive.google.com/thumbnail?id=1XzWMXnzOIw_NPAfHPdLkYqC305lLbbvP&sz=w1200","photo_view":"https://drive.google.com/file/d/1XzWMXnzOIw_NPAfHPdLkYqC305lLbbvP/view","label_stats":{"5.15.2":{"detections":3,"mean_conf":0.661,"max_conf":0.728}},"alt":409.13,"session":"2026-09-30_session_2026-09-30_14-10-32","kind":"sign"}},{"type":"Feature","geometry":{"type":"Point","coordinates":[44.8250122,41.684745]},"properties":{"pole_id":207,"labels":["5.15.2"],"track_ids":[207],"conf":0.774,"n_frames":4,"first_ts":1790779344102372000,"last_ts":1790779344102372000,"image":"session_2026-09-30_14-10-32_checkpoint_017_photos/session_2026-09-30_14-10-32_checkpoint_017_sign_207.jpg","photo_url":"https://drive.google.com/thumbnail?id=1xl_J0BMOyTJdYEWBh68uBIQLDkI1BmNX&sz=w1200","photo_view":"https://drive.google.com/file/d/1xl_J0BMOyTJdYEWBh68uBIQLDkI1BmNX/view","label_stats":{"5.15.2":{"detections":3,"mean_conf":0.698,"max_conf":0.774}},"alt":409.16,"session":"2026-09-30_session_2026-09-30_14-10-32","kind":"sign"}},{"type":"Feature","geometry":{"type":"Point","coordinates":[44.825042,41.6849091]},"properties":{"pole_id":208,"labels":["5.15.2"],"track_ids":[208],"conf":0.773,"n_frames":4,"first_ts":1790779344135717000,"last_ts":1790779344135717000,"image":"session_2026-09-30_14-10-32_checkpoint_017_photos/session_2026-09-30_14-10-32_checkpoint_017_sign_208.jpg","photo_url":"https://drive.google.com/thumbnail?id=1sDxRXSChEGt2Y7wT1obPKtjaFQVTZCwM&sz=w1200","photo_view":"https://drive.google.com/file/d/1sDxRXSChEGt2Y7wT1obPKtjaFQVTZCwM/view","label_stats":{"5.15.2":{"detections":3,"mean_conf":0.695,"max_conf":0.773}},"alt":409.2,"session":"2026-09-30_session_2026-09-30_14-10-32","kind":"sign"}},{"type":"Feature","geometry":{"type":"Point","coordinates":[44.8250673,41.6850588]},"properties":{"pole_id":209,"labels":["5.15.2"],"track_ids":[209],"conf":0.792,"n_frames":4,"first_ts":1790779344169035000,"last_ts":1790779344169035000,"image":"session_2026-09-30_14-10-32_checkpoint_017_photos/session_2026-09-30_14-10-32_checkpoint_017_sign_209.jpg","photo_url":"https://drive.google.com/thumbnail?id=1TwowknqTuX8x0YRwvLIyyMtthee5f4gy&sz=w1200","photo_view":"https://drive.google.com/file/d/1TwowknqTuX8x0YRwvLIyyMtthee5f4gy/view","label_stats":{"5.15.2":{"detections":3,"mean_conf":0.668,"max_conf":0.792}},"alt":409.22,"session":"2026-09-30_session_2026-09-30_14-10-32","kind":"sign"}},{"type":"Feature","geometry":{"type":"Point","coordinates":[44.8250885,41.6851945]},"properties":{"pole_id":210,"labels":["5.15.2"],"track_ids":[210],"conf":0.831,"n_frames":4,"first_ts":1790779344202380000,"last_ts":1790779344202380000,"image":"session_2026-09-30_14-10-32_checkpoint_017_photos/session_2026-09-30_14-10-32_checkpoint_017_sign_210.jpg","photo_url":"https://drive.google.com/thumbnail?id=1aQjE2TxTA74nYG37SuqFfMlPHmFhmDhB&sz=w1200","photo_view":"https://drive.google.com/file/d/1aQjE2TxTA74nYG37SuqFfMlPHmFhmDhB/view","label_stats":{"5.15.2":{"detections":3,"mean_conf":0.714,"max_conf":0.831}},"alt":409.23,"session":"2026-09-30_session_2026-09-30_14-10-32","kind":"sign"}},{"type":"Feature","geometry":{"type":"Point","coordinates":[44.8251058,41.6853156]},"properties":{"pole_id":211,"labels":["5.15.2"],"track_ids":[211],"conf":0.795,"n_frames":4,"first_ts":1790779344235698000,"last_ts":1790779344235698000,"image":"session_2026-09-30_14-10-32_checkpoint_017_photos/session_2026-09-30_14-10-32_checkpoint_017_sign_211.jpg","photo_url":"https://drive.google.com/thumbnail?id=1D6lLwWS4DBdP_4RZLeGTtX7TieS8DYjB&sz=w1200","photo_view":"https://drive.google.com/file/d/1D6lLwWS4DBdP_4RZLeGTtX7TieS8DYjB/view","label_stats":{"5.15.2":{"detections":3,"mean_conf":0.693,"max_conf":0.795}},"alt":409.28,"session":"2026-09-30_session_2026-09-30_14-10-32","kind":"sign"}},{"type":"Feature","geometry":{"type":"Point","coordinates":[44.8251194,41.6854226]},"properties":{"pole_id":212,"labels":["5.15.2"],"track_ids":[212],"conf":0.809,"n_frames":5,"first_ts":1790779344235698000,"last_ts":1790779344269042000,"image":"session_2026-09-30_14-10-32_checkpoint_017_photos/session_2026-09-30_14-10-32_checkpoint_017_sign_212.jpg","photo_url":"https://drive.google.com/thumbnail?id=1kd_LZtpteHrJ1u3rSD4R8Q6v2FWLPgte&sz=w1200","photo_view":"https://drive.google.com/file/d/1kd_LZtpteHrJ1u3rSD4R8Q6v2FWLPgte/view","label_stats":{"5.15.2":{"detections":6,"mean_conf":0.703,"max_conf":0.809}},"alt":409.33,"session":"2026-09-30_session_2026-09-30_14-10-32","kind":"sign"}},{"type":"Feature","geometry":{"type":"Point","coordinates":[44.8251294,41.6855152]},"properties":{"pole_id":213,"labels":["5.15.2"],"track_ids":[213],"conf":0.757,"n_frames":5,"first_ts":1790779344269042000,"last_ts":1790779344302387000,"image":"session_2026-09-30_14-10-32_checkpoint_017_photos/session_2026-09-30_14-10-32_checkpoint_017_sign_213.jpg","photo_url":"https://drive.google.com/thumbnail?id=1D4u-LOrr8V41dGr1yc5ZeTQsjkyN9lVY&sz=w1200","photo_view":"https://drive.google.com/file/d/1D4u-LOrr8V41dGr1yc5ZeTQsjkyN9lVY/view","label_stats":{"5.15.2":{"detections":6,"mean_conf":0.692,"max_conf":0.809}},"alt":409.35,"session":"2026-09-30_session_2026-09-30_14-10-32","kind":"sign"}},{"type":"Feature","geometry":{"type":"Point","coordinates":[44.8251361,41.6855935]},"properties":{"pole_id":214,"labels":["5.15.2"],"track_ids":[214],"conf":0.735,"n_frames":5,"first_ts":1790779344302387000,"last_ts":1790779344335705000,"image":"session_2026-09-30_14-10-32_checkpoint_017_photos/session_2026-09-30_14-10-32_checkpoint_017_sign_214.jpg","photo_url":"https://drive.google.com/thumbnail?id=1D4Z6W0W8vV4etv-RGtZGVcXtiAkQl_Rw&sz=w1200","photo_view":"https://drive.google.com/file/d/1D4Z6W0W8vV4etv-RGtZGVcXtiAkQl_Rw/view","label_stats":{"5.15.2":{"detections":6,"mean_conf":0.668,"max_conf":0.757}},"alt":409.37,"session":"2026-09-30_session_2026-09-30_14-10-32","kind":"sign"}},{"type":"Feature","geometry":{"type":"Point","coordinates":[44.8251396,41.6856574]},"properties":{"pole_id":215,"labels":["5.15.2"],"track_ids":[215],"conf":0.702,"n_frames":5,"first_ts":1790779344335705000,"last_ts":1790779344369050000,"image":"session_2026-09-30_14-10-32_checkpoint_017_photos/session_2026-09-30_14-10-32_checkpoint_017_sign_215.jpg","photo_url":"https://drive.google.com/thumbnail?id=1k-Q9Jc-izROONT4R1Tp1ueiPW5qGpEQf&sz=w1200","photo_view":"https://drive.google.com/file/d/1k-Q9Jc-izROONT4R1Tp1ueiPW5qGpEQf/view","label_stats":{"5.15.2":{"detections":6,"mean_conf":0.657,"max_conf":0.735}},"alt":409.4,"session":"2026-09-30_session_2026-09-30_14-10-32","kind":"sign"}},{"type":"Feature","geometry":{"type":"Point","coordinates":[44.8251118,41.6857364]},"properties":{"pole_id":216,"labels":["5.15.2","2.1"],"track_ids":[216],"conf":0.817,"n_frames":10,"first_ts":1790779344369050000,"last_ts":1790779344635697000,"image":"session_2026-09-30_14-10-32_checkpoint_017_photos/session_2026-09-30_14-10-32_checkpoint_017_sign_216.jpg","photo_url":"https://drive.google.com/thumbnail?id=1MwqiPTwjO8sJvC-3XeroKWYybLll8qhw&sz=w1200","photo_view":"https://drive.google.com/file/d/1MwqiPTwjO8sJvC-3XeroKWYybLll8qhw/view","label_stats":{"2.1":{"detections":9,"mean_conf":0.867,"max_conf":0.885},"5.15.2":{"detections":27,"mean_conf":0.679,"max_conf":0.817}},"alt":409.57,"session":"2026-09-30_session_2026-09-30_14-10-32","kind":"sign"}},{"type":"Feature","geometry":{"type":"Point","coordinates":[44.8251273,41.6857623]},"properties":{"pole_id":217,"labels":["5.15.2"],"track_ids":[217],"conf":0.815,"n_frames":14,"first_ts":1790779344402367000,"last_ts":1790779344602381000,"image":"session_2026-09-30_14-10-32_checkpoint_017_photos/session_2026-09-30_14-10-32_checkpoint_017_sign_217.jpg","photo_url":"https://drive.google.com/thumbnail?id=1rXGfw01FA5SRGctrFXuC2wUpisXKZSky&sz=w1200","photo_view":"https://drive.google.com/file/d/1rXGfw01FA5SRGctrFXuC2wUpisXKZSky/view","label_stats":{"5.15.2":{"detections":21,"mean_conf":0.688,"max_conf":0.817}},"alt":409.53,"session":"2026-09-30_session_2026-09-30_14-10-32","kind":"sign"}},{"type":"Feature","geometry":{"type":"Point","coordinates":[44.8251401,41.6857069]},"properties":{"pole_id":218,"labels":["5.15.2"],"track_ids":[218],"conf":0.778,"n_frames":4,"first_ts":1790779344402367000,"last_ts":1790779344402367000,"image":"session_2026-09-30_14-10-32_checkpoint_017_photos/session_2026-09-30_14-10-32_checkpoint_017_sign_218.jpg","photo_url":"https://drive.google.com/thumbnail?id=1NABTspc9XETKZsb34sLiR-Iqaph2oho0&sz=w1200","photo_view":"https://drive.google.com/file/d/1NABTspc9XETKZsb34sLiR-Iqaph2oho0/view","label_stats":{"5.15.2":{"detections":3,"mean_conf":0.671,"max_conf":0.778}},"alt":409.44,"session":"2026-09-30_session_2026-09-30_14-10-32","kind":"sign"}},{"type":"Feature","geometry":{"type":"Point","coordinates":[44.8251646,41.6858295]},"properties":{"pole_id":219,"labels":["4.2.1"],"track_ids":[219],"conf":0.924,"n_frames":5,"first_ts":1790779344435711000,"last_ts":1790779344569036000,"image":"session_2026-09-30_14-10-32_checkpoint_017_photos/session_2026-09-30_14-10-32_checkpoint_017_sign_219.jpg","photo_url":"https://drive.google.com/thumbnail?id=18bQsUrXkQiD_rNorQtBRHBaJlhZYgXUd&sz=w1200","photo_view":"https://drive.google.com/file/d/18bQsUrXkQiD_rNorQtBRHBaJlhZYgXUd/view","label_stats":{"4.2.1":{"detections":10,"mean_conf":0.898,"max_conf":0.924}},"alt":413.98,"session":"2026-09-30_session_2026-09-30_14-10-32","kind":"sign"}},{"type":"Feature","geometry":{"type":"Point","coordinates":[44.8251155,41.6858327]},"properties":{"pole_id":220,"labels":["4.2.1"],"track_ids":[220],"conf":0.896,"n_frames":5,"first_ts":1790779344435711000,"last_ts":1790779344569036000,"image":"session_2026-09-30_14-10-32_checkpoint_017_photos/session_2026-09-30_14-10-32_checkpoint_017_sign_220.jpg","photo_url":"https://drive.google.com/thumbnail?id=1_z0exEe-fEL0Y4CvNRd-S5TW-r1bOD9n&sz=w1200","photo_view":"https://drive.google.com/file/d/1_z0exEe-fEL0Y4CvNRd-S5TW-r1bOD9n/view","label_stats":{"4.2.1":{"detections":10,"mean_conf":0.898,"max_conf":0.924}},"alt":416.97,"session":"2026-09-30_session_2026-09-30_14-10-32","kind":"sign"}},{"type":"Feature","geometry":{"type":"Point","coordinates":[44.8250936,41.6857003]},"properties":{"pole_id":221,"labels":["5.15.2"],"track_ids":[221],"conf":0.794,"n_frames":4,"first_ts":1790779344602381000,"last_ts":1790779344602381000,"image":"session_2026-09-30_14-10-32_checkpoint_017_photos/session_2026-09-30_14-10-32_checkpoint_017_sign_221.jpg","photo_url":"https://drive.google.com/thumbnail?id=176Ncd_7ill3hUUwLDhc-b1fKelk87q1T&sz=w1200","photo_view":"https://drive.google.com/file/d/176Ncd_7ill3hUUwLDhc-b1fKelk87q1T/view","label_stats":{"5.15.2":{"detections":3,"mean_conf":0.695,"max_conf":0.794}},"alt":409.62,"session":"2026-09-30_session_2026-09-30_14-10-32","kind":"sign"}},{"type":"Feature","geometry":{"type":"Point","coordinates":[44.8250796,41.6856485]},"properties":{"pole_id":222,"labels":["5.15.2"],"track_ids":[222],"conf":0.753,"n_frames":5,"first_ts":1790779344635697000,"last_ts":1790779344669043000,"image":"session_2026-09-30_14-10-32_checkpoint_017_photos/session_2026-09-30_14-10-32_checkpoint_017_sign_222.jpg","photo_url":"https://drive.google.com/thumbnail?id=1o824kIraKxWHwC2WgjL5_W0fvV6-iW-l&sz=w1200","photo_view":"https://drive.google.com/file/d/1o824kIraKxWHwC2WgjL5_W0fvV6-iW-l/view","label_stats":{"5.15.2":{"detections":6,"mean_conf":0.667,"max_conf":0.771}},"alt":409.65,"session":"2026-09-30_session_2026-09-30_14-10-32","kind":"sign"}},{"type":"Feature","geometry":{"type":"Point","coordinates":[44.8250642,41.6855821]},"properties":{"pole_id":223,"labels":["5.15.2"],"track_ids":[223],"conf":0.771,"n_frames":5,"first_ts":1790779344669043000,"last_ts":1790779344702386000,"image":"session_2026-09-30_14-10-32_checkpoint_017_photos/session_2026-09-30_14-10-32_checkpoint_017_sign_223.jpg","photo_url":"https://drive.google.com/thumbnail?id=1vkGGyNrRzWBY-wFeonY7lCwi144trG_i&sz=w1200","photo_view":"https://drive.google.com/file/d/1vkGGyNrRzWBY-wFeonY7lCwi144trG_i/view","label_stats":{"5.15.2":{"detections":6,"mean_conf":0.668,"max_conf":0.771}},"alt":409.68,"session":"2026-09-30_session_2026-09-30_14-10-32","kind":"sign"}},{"type":"Feature","geometry":{"type":"Point","coordinates":[44.8250127,41.6852955]},"properties":{"pole_id":224,"labels":["5.15.2"],"track_ids":[224],"conf":0.823,"n_frames":4,"first_ts":1790779344769048000,"last_ts":1790779344769048000,"image":"session_2026-09-30_14-10-32_checkpoint_017_photos/session_2026-09-30_14-10-32_checkpoint_017_sign_224.jpg","photo_url":"https://drive.google.com/thumbnail?id=15Bv7zMkLtkmUbJDoMenrT_uBa9Hn6FnK&sz=w1200","photo_view":"https://drive.google.com/file/d/15Bv7zMkLtkmUbJDoMenrT_uBa9Hn6FnK/view","label_stats":{"5.15.2":{"detections":3,"mean_conf":0.744,"max_conf":0.823}},"alt":409.77,"session":"2026-09-30_session_2026-09-30_14-10-32","kind":"sign"}},{"type":"Feature","geometry":{"type":"Point","coordinates":[44.8249944,41.6851709]},"properties":{"pole_id":225,"labels":["5.15.2"],"track_ids":[225],"conf":0.793,"n_frames":4,"first_ts":1790779344802367000,"last_ts":1790779344802367000,"image":"session_2026-09-30_14-10-32_checkpoint_017_photos/session_2026-09-30_14-10-32_checkpoint_017_sign_225.jpg","photo_url":"https://drive.google.com/thumbnail?id=1w5g6-DGf0GlbHXImLpb5hET1WIBYqhUl&sz=w1200","photo_view":"https://drive.google.com/file/d/1w5g6-DGf0GlbHXImLpb5hET1WIBYqhUl/view","label_stats":{"5.15.2":{"detections":3,"mean_conf":0.695,"max_conf":0.793}},"alt":409.8,"session":"2026-09-30_session_2026-09-30_14-10-32","kind":"sign"}},{"type":"Feature","geometry":{"type":"Point","coordinates":[44.8249759,41.6850317]},"properties":{"pole_id":226,"labels":["5.15.2"],"track_ids":[226],"conf":0.777,"n_frames":4,"first_ts":1790779344835710000,"last_ts":1790779344835710000,"image":"session_2026-09-30_14-10-32_checkpoint_017_photos/session_2026-09-30_14-10-32_checkpoint_017_sign_226.jpg","photo_url":"https://drive.google.com/thumbnail?id=1_lzZAV6UhDt18Ngu8gyMgX0uPBpgkUtd&sz=w1200","photo_view":"https://drive.google.com/file/d/1_lzZAV6UhDt18Ngu8gyMgX0uPBpgkUtd/view","label_stats":{"5.15.2":{"detections":3,"mean_conf":0.694,"max_conf":0.777}},"alt":409.83,"session":"2026-09-30_session_2026-09-30_14-10-32","kind":"sign"}},{"type":"Feature","geometry":{"type":"Point","coordinates":[44.8249393,41.6847096]},"properties":{"pole_id":227,"labels":["5.15.2"],"track_ids":[227],"conf":0.74,"n_frames":4,"first_ts":1790779344902374000,"last_ts":1790779344902374000,"image":"session_2026-09-30_14-10-32_checkpoint_017_photos/session_2026-09-30_14-10-32_checkpoint_017_sign_227.jpg","photo_url":"https://drive.google.com/thumbnail?id=1rGCjLAyNy7mP_wft9p5bP4B_Kje7U8ql&sz=w1200","photo_view":"https://drive.google.com/file/d/1rGCjLAyNy7mP_wft9p5bP4B_Kje7U8ql/view","label_stats":{"5.15.2":{"detections":3,"mean_conf":0.635,"max_conf":0.74}},"alt":409.9,"session":"2026-09-30_session_2026-09-30_14-10-32","kind":"sign"}},{"type":"Feature","geometry":{"type":"Point","coordinates":[44.8249214,41.6845266]},"properties":{"pole_id":228,"labels":["5.15.2"],"track_ids":[228],"conf":0.732,"n_frames":4,"first_ts":1790779344935718000,"last_ts":1790779344935718000,"image":"session_2026-09-30_14-10-32_checkpoint_017_photos/session_2026-09-30_14-10-32_checkpoint_017_sign_228.jpg","photo_url":"https://drive.google.com/thumbnail?id=13PibYh1BxHuOivPOTdQPdGXOlunncqPO&sz=w1200","photo_view":"https://drive.google.com/file/d/13PibYh1BxHuOivPOTdQPdGXOlunncqPO/view","label_stats":{"5.15.2":{"detections":3,"mean_conf":0.66,"max_conf":0.732}},"alt":409.93,"session":"2026-09-30_session_2026-09-30_14-10-32","kind":"sign"}},{"type":"Feature","geometry":{"type":"Point","coordinates":[44.824916,41.6843033]},"properties":{"pole_id":229,"labels":["4.2.1"],"track_ids":[229],"conf":0.926,"n_frames":9,"first_ts":1790779344969035000,"last_ts":1790779345835698000,"image":"session_2026-09-30_14-10-32_checkpoint_017_photos/session_2026-09-30_14-10-32_checkpoint_017_sign_229.jpg","photo_url":"https://drive.google.com/thumbnail?id=1RBZOfn_I8tvPCLcc4FSWS9xHzoWvQThT&sz=w1200","photo_view":"https://drive.google.com/file/d/1RBZOfn_I8tvPCLcc4FSWS9xHzoWvQThT/view","label_stats":{"4.2.1":{"detections":54,"mean_conf":0.9,"max_conf":0.933}},"alt":414.36,"session":"2026-09-30_session_2026-09-30_14-10-32","kind":"sign"}},{"type":"Feature","geometry":{"type":"Point","coordinates":[44.8249164,41.6842664]},"properties":{"pole_id":230,"labels":["4.2.1"],"track_ids":[230],"conf":0.926,"n_frames":8,"first_ts":1790779345069042000,"last_ts":1790779346002368000,"image":"session_2026-09-30_14-10-32_checkpoint_017_photos/session_2026-09-30_14-10-32_checkpoint_017_sign_230.jpg","photo_url":"https://drive.google.com/thumbnail?id=1Zo0lOZiLvhTO1t2pbpJsppv8A3S-ymia&sz=w1200","photo_view":"https://drive.google.com/file/d/1Zo0lOZiLvhTO1t2pbpJsppv8A3S-ymia/view","label_stats":{"4.2.1":{"detections":58,"mean_conf":0.901,"max_conf":0.926}},"alt":414.36,"session":"2026-09-30_session_2026-09-30_14-10-32","kind":"sign"}},{"type":"Feature","geometry":{"type":"Point","coordinates":[44.8252208,41.6850387]},"properties":{"pole_id":231,"labels":["5.15.2"],"track_ids":[231],"conf":0.818,"n_frames":4,"first_ts":1790779346035686000,"last_ts":1790779346035686000,"image":"session_2026-09-30_14-10-32_checkpoint_017_photos/session_2026-09-30_14-10-32_checkpoint_017_sign_231.jpg","photo_url":"https://drive.google.com/thumbnail?id=18ai2E1ghCQMh2ExnbnPJKxxdwLJAihep&sz=w1200","photo_view":"https://drive.google.com/file/d/18ai2E1ghCQMh2ExnbnPJKxxdwLJAihep/view","label_stats":{"5.15.2":{"detections":3,"mean_conf":0.736,"max_conf":0.818}},"alt":409.79,"session":"2026-09-30_session_2026-09-30_14-10-32","kind":"sign"}},{"type":"Feature","geometry":{"type":"Point","coordinates":[44.8255231,41.6858124]},"properties":{"pole_id":232,"labels":["5.15.2"],"track_ids":[232],"conf":0.805,"n_frames":4,"first_ts":1790779346069029000,"last_ts":1790779346069029000,"image":"session_2026-09-30_14-10-32_checkpoint_017_photos/session_2026-09-30_14-10-32_checkpoint_017_sign_232.jpg","photo_url":"https://drive.google.com/thumbnail?id=1VmWntmn3EFtQwLtVL_6A152djsvn1PtN&sz=w1200","photo_view":"https://drive.google.com/file/d/1VmWntmn3EFtQwLtVL_6A152djsvn1PtN/view","label_stats":{"5.15.2":{"detections":3,"mean_conf":0.724,"max_conf":0.805}},"alt":409.77,"session":"2026-09-30_session_2026-09-30_14-10-32","kind":"sign"}},{"type":"Feature","geometry":{"type":"Point","coordinates":[44.8258185,41.6865259]},"properties":{"pole_id":233,"labels":["5.15.2"],"track_ids":[233],"conf":0.76,"n_frames":4,"first_ts":1790779346102375000,"last_ts":1790779346102375000,"image":"session_2026-09-30_14-10-32_checkpoint_017_photos/session_2026-09-30_14-10-32_checkpoint_017_sign_233.jpg","photo_url":"https://drive.google.com/thumbnail?id=1XX5_dw8eN7n-EzWIa7ktT_fOFRkNW5OZ&sz=w1200","photo_view":"https://drive.google.com/file/d/1XX5_dw8eN7n-EzWIa7ktT_fOFRkNW5OZ/view","label_stats":{"5.15.2":{"detections":3,"mean_conf":0.679,"max_conf":0.76}},"alt":409.74,"session":"2026-09-30_session_2026-09-30_14-10-32","kind":"sign"}},{"type":"Feature","geometry":{"type":"Point","coordinates":[44.826105,41.6871786]},"properties":{"pole_id":234,"labels":["5.15.2"],"track_ids":[234],"conf":0.757,"n_frames":4,"first_ts":1790779346135692000,"last_ts":1790779346135692000,"image":"session_2026-09-30_14-10-32_checkpoint_017_photos/session_2026-09-30_14-10-32_checkpoint_017_sign_234.jpg","photo_url":"https://drive.google.com/thumbnail?id=1SL5BjX2igzG3Y2z7v59ouKBbD4eUW9xk&sz=w1200","photo_view":"https://drive.google.com/file/d/1SL5BjX2igzG3Y2z7v59ouKBbD4eUW9xk/view","label_stats":{"5.15.2":{"detections":3,"mean_conf":0.657,"max_conf":0.757}},"alt":409.72,"session":"2026-09-30_session_2026-09-30_14-10-32","kind":"sign"}},{"type":"Feature","geometry":{"type":"Point","coordinates":[44.826381,41.6877717]},"properties":{"pole_id":235,"labels":["5.15.2"],"track_ids":[235],"conf":0.685,"n_frames":4,"first_ts":1790779346169037000,"last_ts":1790779346169037000,"image":"session_2026-09-30_14-10-32_checkpoint_017_photos/session_2026-09-30_14-10-32_checkpoint_017_sign_235.jpg","photo_url":"https://drive.google.com/thumbnail?id=1dLXOWRQRw6g9oCSkg-AVci_fIpkMJ9ty&sz=w1200","photo_view":"https://drive.google.com/file/d/1dLXOWRQRw6g9oCSkg-AVci_fIpkMJ9ty/view","label_stats":{"5.15.2":{"detections":3,"mean_conf":0.607,"max_conf":0.685}},"alt":409.69,"session":"2026-09-30_session_2026-09-30_14-10-32","kind":"sign"}},{"type":"Feature","geometry":{"type":"Point","coordinates":[44.8266446,41.6883046]},"properties":{"pole_id":236,"labels":["5.15.2"],"track_ids":[236],"conf":0.759,"n_frames":4,"first_ts":1790779346202354000,"last_ts":1790779346202354000,"image":"session_2026-09-30_14-10-32_checkpoint_017_photos/session_2026-09-30_14-10-32_checkpoint_017_sign_236.jpg","photo_url":"https://drive.google.com/thumbnail?id=1Bj8p3YJPYD2dNGcK1-_X6PaE8-_GDpJ3&sz=w1200","photo_view":"https://drive.google.com/file/d/1Bj8p3YJPYD2dNGcK1-_X6PaE8-_GDpJ3/view","label_stats":{"5.15.2":{"detections":3,"mean_conf":0.656,"max_conf":0.759}},"alt":409.66,"session":"2026-09-30_session_2026-09-30_14-10-32","kind":"sign"}},{"type":"Feature","geometry":{"type":"Point","coordinates":[44.8268945,41.6887782]},"properties":{"pole_id":237,"labels":["5.15.2"],"track_ids":[237],"conf":0.752,"n_frames":4,"first_ts":1790779346235698000,"last_ts":1790779346235698000,"image":"session_2026-09-30_14-10-32_checkpoint_017_photos/session_2026-09-30_14-10-32_checkpoint_017_sign_237.jpg","photo_url":"https://drive.google.com/thumbnail?id=1g6Pjpzsp6EhPoVSXvDzxw6I2rwuffPCN&sz=w1200","photo_view":"https://drive.google.com/file/d/1g6Pjpzsp6EhPoVSXvDzxw6I2rwuffPCN/view","label_stats":{"5.15.2":{"detections":3,"mean_conf":0.666,"max_conf":0.752}},"alt":409.63,"session":"2026-09-30_session_2026-09-30_14-10-32","kind":"sign"}},{"type":"Feature","geometry":{"type":"Point","coordinates":[44.8271283,41.689192]},"properties":{"pole_id":238,"labels":["5.15.2"],"track_ids":[238],"conf":0.798,"n_frames":4,"first_ts":1790779346269015000,"last_ts":1790779346269015000,"image":"session_2026-09-30_14-10-32_checkpoint_017_photos/session_2026-09-30_14-10-32_checkpoint_017_sign_238.jpg","photo_url":"https://drive.google.com/thumbnail?id=1aYesp1AUUoUVyyDZGX_WTM277oiq0F1J&sz=w1200","photo_view":"https://drive.google.com/file/d/1aYesp1AUUoUVyyDZGX_WTM277oiq0F1J/view","label_stats":{"5.15.2":{"detections":3,"mean_conf":0.732,"max_conf":0.798}},"alt":409.6,"session":"2026-09-30_session_2026-09-30_14-10-32","kind":"sign"}},{"type":"Feature","geometry":{"type":"Point","coordinates":[44.8273449,41.6895471]},"properties":{"pole_id":239,"labels":["5.15.2"],"track_ids":[239],"conf":0.767,"n_frames":4,"first_ts":1790779346302360000,"last_ts":1790779346302360000,"image":"session_2026-09-30_14-10-32_checkpoint_017_photos/session_2026-09-30_14-10-32_checkpoint_017_sign_239.jpg","photo_url":"https://drive.google.com/thumbnail?id=1pq7FyFCYb6cch0mtWRDqpwZqwPdsbt4m&sz=w1200","photo_view":"https://drive.google.com/file/d/1pq7FyFCYb6cch0mtWRDqpwZqwPdsbt4m/view","label_stats":{"5.15.2":{"detections":3,"mean_conf":0.673,"max_conf":0.767}},"alt":409.58,"session":"2026-09-30_session_2026-09-30_14-10-32","kind":"sign"}},{"type":"Feature","geometry":{"type":"Point","coordinates":[44.8275421,41.6898434]},"properties":{"pole_id":240,"labels":["5.15.2"],"track_ids":[240],"conf":0.782,"n_frames":4,"first_ts":1790779346335711000,"last_ts":1790779346335711000,"image":"session_2026-09-30_14-10-32_checkpoint_017_photos/session_2026-09-30_14-10-32_checkpoint_017_sign_240.jpg","photo_url":"https://drive.google.com/thumbnail?id=1gclP68wyoSEALn9m1IChIAt6Kk19VauU&sz=w1200","photo_view":"https://drive.google.com/file/d/1gclP68wyoSEALn9m1IChIAt6Kk19VauU/view","label_stats":{"5.15.2":{"detections":3,"mean_conf":0.685,"max_conf":0.782}},"alt":409.56,"session":"2026-09-30_session_2026-09-30_14-10-32","kind":"sign"}},{"type":"Feature","geometry":{"type":"Point","coordinates":[44.8277182,41.6900808]},"properties":{"pole_id":241,"labels":["5.15.2"],"track_ids":[241],"conf":0.709,"n_frames":4,"first_ts":1790779346369026000,"last_ts":1790779346369026000,"image":"session_2026-09-30_14-10-32_checkpoint_017_photos/session_2026-09-30_14-10-32_checkpoint_017_sign_241.jpg","photo_url":"https://drive.google.com/thumbnail?id=1somzoRTeREqkqTLdfJZdydId-Tw0XrGq&sz=w1200","photo_view":"https://drive.google.com/file/d/1somzoRTeREqkqTLdfJZdydId-Tw0XrGq/view","label_stats":{"5.15.2":{"detections":3,"mean_conf":0.642,"max_conf":0.709}},"alt":409.53,"session":"2026-09-30_session_2026-09-30_14-10-32","kind":"sign"}},{"type":"Feature","geometry":{"type":"Point","coordinates":[44.8278717,41.6902604]},"properties":{"pole_id":242,"labels":["5.15.2"],"track_ids":[242],"conf":0.729,"n_frames":4,"first_ts":1790779346402370000,"last_ts":1790779346402370000,"image":"session_2026-09-30_14-10-32_checkpoint_017_photos/session_2026-09-30_14-10-32_checkpoint_017_sign_242.jpg","photo_url":"https://drive.google.com/thumbnail?id=1Oc1BAmi3BMhZvLSn5kAAD4vAprDa3VTn&sz=w1200","photo_view":"https://drive.google.com/file/d/1Oc1BAmi3BMhZvLSn5kAAD4vAprDa3VTn/view","label_stats":{"5.15.2":{"detections":3,"mean_conf":0.674,"max_conf":0.729}},"alt":409.5,"session":"2026-09-30_session_2026-09-30_14-10-32","kind":"sign"}},{"type":"Feature","geometry":{"type":"Point","coordinates":[44.8280007,41.6903821]},"properties":{"pole_id":243,"labels":["5.15.2"],"track_ids":[243],"conf":0.742,"n_frames":4,"first_ts":1790779346435689000,"last_ts":1790779346435689000,"image":"session_2026-09-30_14-10-32_checkpoint_017_photos/session_2026-09-30_14-10-32_checkpoint_017_sign_243.jpg","photo_url":"https://drive.google.com/thumbnail?id=1aFcWuiagvVvjU-5lxMWytCSN5x9vPJvU&sz=w1200","photo_view":"https://drive.google.com/file/d/1aFcWuiagvVvjU-5lxMWytCSN5x9vPJvU/view","label_stats":{"5.15.2":{"detections":3,"mean_conf":0.659,"max_conf":0.742}},"alt":409.48,"session":"2026-09-30_session_2026-09-30_14-10-32","kind":"sign"}},{"type":"Feature","geometry":{"type":"Point","coordinates":[44.8281035,41.6904465]},"properties":{"pole_id":244,"labels":["5.15.2"],"track_ids":[244],"conf":0.749,"n_frames":4,"first_ts":1790779346469032000,"last_ts":1790779346469032000,"image":"session_2026-09-30_14-10-32_checkpoint_017_photos/session_2026-09-30_14-10-32_checkpoint_017_sign_244.jpg","photo_url":"https://drive.google.com/thumbnail?id=1YPPcXqToIR9d9onK6IH8ajVAvhq0Pd1C&sz=w1200","photo_view":"https://drive.google.com/file/d/1YPPcXqToIR9d9onK6IH8ajVAvhq0Pd1C/view","label_stats":{"5.15.2":{"detections":3,"mean_conf":0.637,"max_conf":0.749}},"alt":409.44,"session":"2026-09-30_session_2026-09-30_14-10-32","kind":"sign"}},{"type":"Feature","geometry":{"type":"Point","coordinates":[44.8281786,41.6904542]},"properties":{"pole_id":245,"labels":["5.15.2"],"track_ids":[245],"conf":0.75,"n_frames":4,"first_ts":1790779346502352000,"last_ts":1790779346502352000,"image":"session_2026-09-30_14-10-32_checkpoint_017_photos/session_2026-09-30_14-10-32_checkpoint_017_sign_245.jpg","photo_url":"https://drive.google.com/thumbnail?id=13qUf1Hlw3k55_OEJoVerm6jMb0p9ZrOm&sz=w1200","photo_view":"https://drive.google.com/file/d/13qUf1Hlw3k55_OEJoVerm6jMb0p9ZrOm/view","label_stats":{"5.15.2":{"detections":3,"mean_conf":0.64,"max_conf":0.75}},"alt":409.42,"session":"2026-09-30_session_2026-09-30_14-10-32","kind":"sign"}},{"type":"Feature","geometry":{"type":"Point","coordinates":[44.8282243,41.6904053]},"properties":{"pole_id":246,"labels":["5.15.2"],"track_ids":[246],"conf":0.834,"n_frames":4,"first_ts":1790779346535696000,"last_ts":1790779346535696000,"image":"session_2026-09-30_14-10-32_checkpoint_017_photos/session_2026-09-30_14-10-32_checkpoint_017_sign_246.jpg","photo_url":"https://drive.google.com/thumbnail?id=1VpA_40QyYbK4pIBjkMEmifl9a-CF82NB&sz=w1200","photo_view":"https://drive.google.com/file/d/1VpA_40QyYbK4pIBjkMEmifl9a-CF82NB/view","label_stats":{"5.15.2":{"detections":3,"mean_conf":0.703,"max_conf":0.834}},"alt":409.39,"session":"2026-09-30_session_2026-09-30_14-10-32","kind":"sign"}},{"type":"Feature","geometry":{"type":"Point","coordinates":[44.8282388,41.6903005]},"properties":{"pole_id":247,"labels":["5.15.2"],"track_ids":[247],"conf":0.82,"n_frames":4,"first_ts":1790779346569038000,"last_ts":1790779346569038000,"image":"session_2026-09-30_14-10-32_checkpoint_017_photos/session_2026-09-30_14-10-32_checkpoint_017_sign_247.jpg","photo_url":"https://drive.google.com/thumbnail?id=1n2y3GGLSOsM3BCaSkzZUTFbO98KZ0gq_&sz=w1200","photo_view":"https://drive.google.com/file/d/1n2y3GGLSOsM3BCaSkzZUTFbO98KZ0gq_/view","label_stats":{"5.15.2":{"detections":3,"mean_conf":0.721,"max_conf":0.82}},"alt":409.36,"session":"2026-09-30_session_2026-09-30_14-10-32","kind":"sign"}},{"type":"Feature","geometry":{"type":"Point","coordinates":[44.8282207,41.6901405]},"properties":{"pole_id":248,"labels":["5.15.2"],"track_ids":[248],"conf":0.82,"n_frames":4,"first_ts":1790779346602357000,"last_ts":1790779346602357000,"image":"session_2026-09-30_14-10-32_checkpoint_017_photos/session_2026-09-30_14-10-32_checkpoint_017_sign_248.jpg","photo_url":"https://drive.google.com/thumbnail?id=1h6abTJqjZIXXAJGbHP1GM0Cos3RnmLmp&sz=w1200","photo_view":"https://drive.google.com/file/d/1h6abTJqjZIXXAJGbHP1GM0Cos3RnmLmp/view","label_stats":{"5.15.2":{"detections":3,"mean_conf":0.717,"max_conf":0.82}},"alt":409.35,"session":"2026-09-30_session_2026-09-30_14-10-32","kind":"sign"}},{"type":"Feature","geometry":{"type":"Point","coordinates":[44.8281682,41.6899255]},"properties":{"pole_id":249,"labels":["5.15.2"],"track_ids":[249],"conf":0.743,"n_frames":4,"first_ts":1790779346635701000,"last_ts":1790779346635701000,"image":"session_2026-09-30_14-10-32_checkpoint_017_photos/session_2026-09-30_14-10-32_checkpoint_017_sign_249.jpg","photo_url":"https://drive.google.com/thumbnail?id=1Df1AaLGgqPjb3c0Q3liv2YOXU_mFIo6A&sz=w1200","photo_view":"https://drive.google.com/file/d/1Df1AaLGgqPjb3c0Q3liv2YOXU_mFIo6A/view","label_stats":{"5.15.2":{"detections":3,"mean_conf":0.664,"max_conf":0.743}},"alt":409.31,"session":"2026-09-30_session_2026-09-30_14-10-32","kind":"sign"}},{"type":"Feature","geometry":{"type":"Point","coordinates":[44.8280798,41.6896564]},"properties":{"pole_id":250,"labels":["5.15.2"],"track_ids":[250],"conf":0.743,"n_frames":4,"first_ts":1790779346669020000,"last_ts":1790779346669020000,"image":"session_2026-09-30_14-10-32_checkpoint_017_photos/session_2026-09-30_14-10-32_checkpoint_017_sign_250.jpg","photo_url":"https://drive.google.com/thumbnail?id=1cDVp67D0ZBDgjPAZrIkq8Uc5wOeuoG3g&sz=w1200","photo_view":"https://drive.google.com/file/d/1cDVp67D0ZBDgjPAZrIkq8Uc5wOeuoG3g/view","label_stats":{"5.15.2":{"detections":3,"mean_conf":0.687,"max_conf":0.743}},"alt":409.29,"session":"2026-09-30_session_2026-09-30_14-10-32","kind":"sign"}},{"type":"Feature","geometry":{"type":"Point","coordinates":[44.8279539,41.6893335]},"properties":{"pole_id":251,"labels":["5.15.2"],"track_ids":[251],"conf":0.747,"n_frames":4,"first_ts":1790779346702363000,"last_ts":1790779346702363000,"image":"session_2026-09-30_14-10-32_checkpoint_017_photos/session_2026-09-30_14-10-32_checkpoint_017_sign_251.jpg","photo_url":"https://drive.google.com/thumbnail?id=1ZnS0HzBlnBI8_L7KSnTLnVbQRJ0g2kG6&sz=w1200","photo_view":"https://drive.google.com/file/d/1ZnS0HzBlnBI8_L7KSnTLnVbQRJ0g2kG6/view","label_stats":{"5.15.2":{"detections":3,"mean_conf":0.689,"max_conf":0.747}},"alt":409.27,"session":"2026-09-30_session_2026-09-30_14-10-32","kind":"sign"}},{"type":"Feature","geometry":{"type":"Point","coordinates":[44.8277889,41.6889579]},"properties":{"pole_id":252,"labels":["5.15.2"],"track_ids":[252],"conf":0.718,"n_frames":4,"first_ts":1790779346735678000,"last_ts":1790779346735678000,"image":"session_2026-09-30_14-10-32_checkpoint_017_photos/session_2026-09-30_14-10-32_checkpoint_017_sign_252.jpg","photo_url":"https://drive.google.com/thumbnail?id=1w67UXwVjR3vHMFnvcviSPZvARvCdyv0F&sz=w1200","photo_view":"https://drive.google.com/file/d/1w67UXwVjR3vHMFnvcviSPZvARvCdyv0F/view","label_stats":{"5.15.2":{"detections":3,"mean_conf":0.652,"max_conf":0.718}},"alt":409.24,"session":"2026-09-30_session_2026-09-30_14-10-32","kind":"sign"}},{"type":"Feature","geometry":{"type":"Point","coordinates":[44.8275831,41.6885296]},"properties":{"pole_id":253,"labels":["5.15.2"],"track_ids":[253],"conf":0.794,"n_frames":4,"first_ts":1790779346769026000,"last_ts":1790779346769026000,"image":"session_2026-09-30_14-10-32_checkpoint_017_photos/session_2026-09-30_14-10-32_checkpoint_017_sign_253.jpg","photo_url":"https://drive.google.com/thumbnail?id=1wWDciPqKSMwixO6Bz03jPrq01FdLS_Do&sz=w1200","photo_view":"https://drive.google.com/file/d/1wWDciPqKSMwixO6Bz03jPrq01FdLS_Do/view","label_stats":{"5.15.2":{"detections":3,"mean_conf":0.723,"max_conf":0.794}},"alt":409.2,"session":"2026-09-30_session_2026-09-30_14-10-32","kind":"sign"}},{"type":"Feature","geometry":{"type":"Point","coordinates":[44.8273351,41.6880496]},"properties":{"pole_id":254,"labels":["5.15.2"],"track_ids":[254],"conf":0.8,"n_frames":4,"first_ts":1790779346802370000,"last_ts":1790779346802370000,"image":"session_2026-09-30_14-10-32_checkpoint_017_photos/session_2026-09-30_14-10-32_checkpoint_017_sign_254.jpg","photo_url":"https://drive.google.com/thumbnail?id=1TRHTRAD7GSlcxhq4V8iIGhkNBPK8Bmhj&sz=w1200","photo_view":"https://drive.google.com/file/d/1TRHTRAD7GSlcxhq4V8iIGhkNBPK8Bmhj/view","label_stats":{"5.15.2":{"detections":3,"mean_conf":0.755,"max_conf":0.8}},"alt":409.19,"session":"2026-09-30_session_2026-09-30_14-10-32","kind":"sign"}},{"type":"Feature","geometry":{"type":"Point","coordinates":[44.8270438,41.6875191]},"properties":{"pole_id":255,"labels":["5.15.2"],"track_ids":[255],"conf":0.734,"n_frames":4,"first_ts":1790779346835686000,"last_ts":1790779346835686000,"image":"session_2026-09-30_14-10-32_checkpoint_017_photos/session_2026-09-30_14-10-32_checkpoint_017_sign_255.jpg","photo_url":"https://drive.google.com/thumbnail?id=15dct_3_24D04UOAc3uV7yuM7CAFJqXx-&sz=w1200","photo_view":"https://drive.google.com/file/d/15dct_3_24D04UOAc3uV7yuM7CAFJqXx-/view","label_stats":{"5.15.2":{"detections":3,"mean_conf":0.655,"max_conf":0.734}},"alt":409.16,"session":"2026-09-30_session_2026-09-30_14-10-32","kind":"sign"}},{"type":"Feature","geometry":{"type":"Point","coordinates":[44.826707,41.6869378]},"properties":{"pole_id":256,"labels":["5.15.2"],"track_ids":[256],"conf":0.754,"n_frames":4,"first_ts":1790779346869032000,"last_ts":1790779346869032000,"image":"session_2026-09-30_14-10-32_checkpoint_017_photos/session_2026-09-30_14-10-32_checkpoint_017_sign_256.jpg","photo_url":"https://drive.google.com/thumbnail?id=1jRbTLRk-kvpk4dxDKH2gGlEZHXHCt7jD&sz=w1200","photo_view":"https://drive.google.com/file/d/1jRbTLRk-kvpk4dxDKH2gGlEZHXHCt7jD/view","label_stats":{"5.15.2":{"detections":3,"mean_conf":0.678,"max_conf":0.754}},"alt":409.12,"session":"2026-09-30_session_2026-09-30_14-10-32","kind":"sign"}},{"type":"Feature","geometry":{"type":"Point","coordinates":[44.8263239,41.6863076]},"properties":{"pole_id":257,"labels":["5.15.2"],"track_ids":[257],"conf":0.795,"n_frames":4,"first_ts":1790779346902349000,"last_ts":1790779346902349000,"image":"session_2026-09-30_14-10-32_checkpoint_017_photos/session_2026-09-30_14-10-32_checkpoint_017_sign_257.jpg","photo_url":"https://drive.google.com/thumbnail?id=14UKknwIGrHK1tqgrLZ4A-yVkYN8IF572&sz=w1200","photo_view":"https://drive.google.com/file/d/14UKknwIGrHK1tqgrLZ4A-yVkYN8IF572/view","label_stats":{"5.15.2":{"detections":3,"mean_conf":0.705,"max_conf":0.795}},"alt":409.1,"session":"2026-09-30_session_2026-09-30_14-10-32","kind":"sign"}},{"type":"Feature","geometry":{"type":"Point","coordinates":[44.8258924,41.6856282]},"properties":{"pole_id":258,"labels":["5.15.2"],"track_ids":[258],"conf":0.756,"n_frames":4,"first_ts":1790779346935693000,"last_ts":1790779346935693000,"image":"session_2026-09-30_14-10-32_checkpoint_017_photos/session_2026-09-30_14-10-32_checkpoint_017_sign_258.jpg","photo_url":"https://drive.google.com/thumbnail?id=1U4MGOgm6gkztkEGkdPu2qVaqqyPhBOJ_&sz=w1200","photo_view":"https://drive.google.com/file/d/1U4MGOgm6gkztkEGkdPu2qVaqqyPhBOJ_/view","label_stats":{"5.15.2":{"detections":3,"mean_conf":0.676,"max_conf":0.756}},"alt":409.07,"session":"2026-09-30_session_2026-09-30_14-10-32","kind":"sign"}},{"type":"Feature","geometry":{"type":"Point","coordinates":[44.8254119,41.6849016]},"properties":{"pole_id":259,"labels":["5.15.2"],"track_ids":[259],"conf":0.728,"n_frames":6,"first_ts":1790779346969010000,"last_ts":1790779349002329000,"image":"session_2026-09-30_14-10-32_checkpoint_017_photos/session_2026-09-30_14-10-32_checkpoint_017_sign_259.jpg","photo_url":"https://drive.google.com/thumbnail?id=1Sf4CFMcWoeeLE6BHboIA5aWin0bPpmLl&sz=w1200","photo_view":"https://drive.google.com/file/d/1Sf4CFMcWoeeLE6BHboIA5aWin0bPpmLl/view","label_stats":{"5.15.2":{"detections":186,"mean_conf":0.684,"max_conf":0.839}},"alt":409.04,"session":"2026-09-30_session_2026-09-30_14-10-32","kind":"sign"}},{"type":"Feature","geometry":{"type":"Point","coordinates":[44.8250467,41.684245]},"properties":{"pole_id":260,"labels":["5.15.2"],"track_ids":[260],"conf":0.708,"n_frames":4,"first_ts":1790779347002355000,"last_ts":1790779347002355000,"image":"session_2026-09-30_14-10-32_checkpoint_017_photos/session_2026-09-30_14-10-32_checkpoint_017_sign_260.jpg","photo_url":"https://drive.google.com/thumbnail?id=1lqC_pPJZSXzJoZgHqL0eY7LlLCEe7OVl&sz=w1200","photo_view":"https://drive.google.com/file/d/1lqC_pPJZSXzJoZgHqL0eY7LlLCEe7OVl/view","label_stats":{"5.15.2":{"detections":3,"mean_conf":0.648,"max_conf":0.708}},"alt":409.01,"session":"2026-09-30_session_2026-09-30_14-10-32","kind":"sign"}},{"type":"Feature","geometry":{"type":"Point","coordinates":[44.8267983,41.6850726]},"properties":{"pole_id":261,"labels":["5.15.2"],"track_ids":[261],"conf":0.71,"n_frames":4,"first_ts":1790779347035700000,"last_ts":1790779347035700000,"image":"session_2026-09-30_14-10-32_checkpoint_017_photos/session_2026-09-30_14-10-32_checkpoint_017_sign_261.jpg","photo_url":"https://drive.google.com/thumbnail?id=1RQOtkhfLdmozpSoh01VlS24mNKpJXU98&sz=w1200","photo_view":"https://drive.google.com/file/d/1RQOtkhfLdmozpSoh01VlS24mNKpJXU98/view","label_stats":{"5.15.2":{"detections":3,"mean_conf":0.629,"max_conf":0.71}},"alt":409.01,"session":"2026-09-30_session_2026-09-30_14-10-32","kind":"sign"}},{"type":"Feature","geometry":{"type":"Point","coordinates":[44.8284507,41.6858181]},"properties":{"pole_id":262,"labels":["5.15.2"],"track_ids":[262],"conf":0.71,"n_frames":4,"first_ts":1790779347069018000,"last_ts":1790779347069018000,"image":"session_2026-09-30_14-10-32_checkpoint_017_photos/session_2026-09-30_14-10-32_checkpoint_017_sign_262.jpg","photo_url":"https://drive.google.com/thumbnail?id=1K1VZVr2TIEAnqaO0nMsJkA-IqhLYrChA&sz=w1200","photo_view":"https://drive.google.com/file/d/1K1VZVr2TIEAnqaO0nMsJkA-IqhLYrChA/view","label_stats":{"5.15.2":{"detections":3,"mean_conf":0.648,"max_conf":0.71}},"alt":409.0,"session":"2026-09-30_session_2026-09-30_14-10-32","kind":"sign"}},{"type":"Feature","geometry":{"type":"Point","coordinates":[44.8300034,41.6864848]},"properties":{"pole_id":263,"labels":["5.15.2"],"track_ids":[263],"conf":0.746,"n_frames":4,"first_ts":1790779347102363000,"last_ts":1790779347102363000,"image":"session_2026-09-30_14-10-32_checkpoint_017_photos/session_2026-09-30_14-10-32_checkpoint_017_sign_263.jpg","photo_url":"https://drive.google.com/thumbnail?id=1CGQNuglf04JxKl8uuU8ekJyxfcXgdibE&sz=w1200","photo_view":"https://drive.google.com/file/d/1CGQNuglf04JxKl8uuU8ekJyxfcXgdibE/view","label_stats":{"5.15.2":{"detections":3,"mean_conf":0.648,"max_conf":0.746}},"alt":409.0,"session":"2026-09-30_session_2026-09-30_14-10-32","kind":"sign"}},{"type":"Feature","geometry":{"type":"Point","coordinates":[44.8314506,41.687074]},"properties":{"pole_id":264,"labels":["5.15.2"],"track_ids":[264],"conf":0.784,"n_frames":4,"first_ts":1790779347135679000,"last_ts":1790779347135679000,"image":"session_2026-09-30_14-10-32_checkpoint_017_photos/session_2026-09-30_14-10-32_checkpoint_017_sign_264.jpg","photo_url":"https://drive.google.com/thumbnail?id=1kahUjw43qX5LMqIspqqWtSBoZZXI3g0x&sz=w1200","photo_view":"https://drive.google.com/file/d/1kahUjw43qX5LMqIspqqWtSBoZZXI3g0x/view","label_stats":{"5.15.2":{"detections":3,"mean_conf":0.698,"max_conf":0.784}},"alt":409.0,"session":"2026-09-30_session_2026-09-30_14-10-32","kind":"sign"}},{"type":"Feature","geometry":{"type":"Point","coordinates":[44.8327918,41.6875889]},"properties":{"pole_id":265,"labels":["5.15.2"],"track_ids":[265],"conf":0.808,"n_frames":4,"first_ts":1790779347169023000,"last_ts":1790779347169023000,"image":"session_2026-09-30_14-10-32_checkpoint_017_photos/session_2026-09-30_14-10-32_checkpoint_017_sign_265.jpg","photo_url":"https://drive.google.com/thumbnail?id=104fDPemA4gTbE5vMJFzh7crYdcUvqpa4&sz=w1200","photo_view":"https://drive.google.com/file/d/104fDPemA4gTbE5vMJFzh7crYdcUvqpa4/view","label_stats":{"5.15.2":{"detections":3,"mean_conf":0.716,"max_conf":0.808}},"alt":408.99,"session":"2026-09-30_session_2026-09-30_14-10-32","kind":"sign"}},{"type":"Feature","geometry":{"type":"Point","coordinates":[44.834023,41.6880315]},"properties":{"pole_id":266,"labels":["5.15.2"],"track_ids":[266],"conf":0.784,"n_frames":4,"first_ts":1790779347202369000,"last_ts":1790779347202369000,"image":"session_2026-09-30_14-10-32_checkpoint_017_photos/session_2026-09-30_14-10-32_checkpoint_017_sign_266.jpg","photo_url":"https://drive.google.com/thumbnail?id=1VV3a0IJG0Tj5XSYKlPjm8SywmpKwOZ9X&sz=w1200","photo_view":"https://drive.google.com/file/d/1VV3a0IJG0Tj5XSYKlPjm8SywmpKwOZ9X/view","label_stats":{"5.15.2":{"detections":3,"mean_conf":0.695,"max_conf":0.784}},"alt":408.99,"session":"2026-09-30_session_2026-09-30_14-10-32","kind":"sign"}},{"type":"Feature","geometry":{"type":"Point","coordinates":[44.8351401,41.6884039]},"properties":{"pole_id":267,"labels":["5.15.2"],"track_ids":[267],"conf":0.756,"n_frames":4,"first_ts":1790779347235685000,"last_ts":1790779347235685000,"image":"session_2026-09-30_14-10-32_checkpoint_017_photos/session_2026-09-30_14-10-32_checkpoint_017_sign_267.jpg","photo_url":"https://drive.google.com/thumbnail?id=1iAWS3GoO1Q7VTYFFtjTrvj-5Muy7A51G&sz=w1200","photo_view":"https://drive.google.com/file/d/1iAWS3GoO1Q7VTYFFtjTrvj-5Muy7A51G/view","label_stats":{"5.15.2":{"detections":3,"mean_conf":0.717,"max_conf":0.756}},"alt":408.98,"session":"2026-09-30_session_2026-09-30_14-10-32","kind":"sign"}},{"type":"Feature","geometry":{"type":"Point","coordinates":[44.8361426,41.6887095]},"properties":{"pole_id":268,"labels":["5.15.2"],"track_ids":[268],"conf":0.748,"n_frames":4,"first_ts":1790779347269030000,"last_ts":1790779347269030000,"image":"session_2026-09-30_14-10-32_checkpoint_017_photos/session_2026-09-30_14-10-32_checkpoint_017_sign_268.jpg","photo_url":"https://drive.google.com/thumbnail?id=18h_EHO-0tw6pxcRfOU1DbbTkjFZ2yu9p&sz=w1200","photo_view":"https://drive.google.com/file/d/18h_EHO-0tw6pxcRfOU1DbbTkjFZ2yu9p/view","label_stats":{"5.15.2":{"detections":3,"mean_conf":0.658,"max_conf":0.748}},"alt":408.97,"session":"2026-09-30_session_2026-09-30_14-10-32","kind":"sign"}},{"type":"Feature","geometry":{"type":"Point","coordinates":[44.837026,41.6889502]},"properties":{"pole_id":269,"labels":["5.15.2"],"track_ids":[269],"conf":0.753,"n_frames":4,"first_ts":1790779347302348000,"last_ts":1790779347302348000,"image":"session_2026-09-30_14-10-32_checkpoint_017_photos/session_2026-09-30_14-10-32_checkpoint_017_sign_269.jpg","photo_url":"https://drive.google.com/thumbnail?id=1cLO1E1zA0UvoMaJjLda1awDmfld1ro6V&sz=w1200","photo_view":"https://drive.google.com/file/d/1cLO1E1zA0UvoMaJjLda1awDmfld1ro6V/view","label_stats":{"5.15.2":{"detections":3,"mean_conf":0.676,"max_conf":0.753}},"alt":408.97,"session":"2026-09-30_session_2026-09-30_14-10-32","kind":"sign"}},{"type":"Feature","geometry":{"type":"Point","coordinates":[44.8377894,41.689129]},"properties":{"pole_id":270,"labels":["5.15.2"],"track_ids":[270],"conf":0.766,"n_frames":4,"first_ts":1790779347335693000,"last_ts":1790779347335693000,"image":"session_2026-09-30_14-10-32_checkpoint_017_photos/session_2026-09-30_14-10-32_checkpoint_017_sign_270.jpg","photo_url":"https://drive.google.com/thumbnail?id=1h3FLzeCvAgOt62E994_bFHrI1qyT9aM-&sz=w1200","photo_view":"https://drive.google.com/file/d/1h3FLzeCvAgOt62E994_bFHrI1qyT9aM-/view","label_stats":{"5.15.2":{"detections":3,"mean_conf":0.681,"max_conf":0.766}},"alt":408.96,"session":"2026-09-30_session_2026-09-30_14-10-32","kind":"sign"}},{"type":"Feature","geometry":{"type":"Point","coordinates":[44.8384291,41.6892484]},"properties":{"pole_id":271,"labels":["5.15.2"],"track_ids":[271],"conf":0.753,"n_frames":4,"first_ts":1790779347369010000,"last_ts":1790779347369010000,"image":"session_2026-09-30_14-10-32_checkpoint_017_photos/session_2026-09-30_14-10-32_checkpoint_017_sign_271.jpg","photo_url":"https://drive.google.com/thumbnail?id=1TOG_VF-pQkknEYwP73DNwJAXuV-sz4ez&sz=w1200","photo_view":"https://drive.google.com/file/d/1TOG_VF-pQkknEYwP73DNwJAXuV-sz4ez/view","label_stats":{"5.15.2":{"detections":3,"mean_conf":0.672,"max_conf":0.753}},"alt":408.96,"session":"2026-09-30_session_2026-09-30_14-10-32","kind":"sign"}},{"type":"Feature","geometry":{"type":"Point","coordinates":[44.8389439,41.6893114]},"properties":{"pole_id":272,"labels":["5.15.2"],"track_ids":[272],"conf":0.768,"n_frames":4,"first_ts":1790779347402355000,"last_ts":1790779347402355000,"image":"session_2026-09-30_14-10-32_checkpoint_017_photos/session_2026-09-30_14-10-32_checkpoint_017_sign_272.jpg","photo_url":"https://drive.google.com/thumbnail?id=1nxMM35BOVT4UMkb9O3BOFYIeTU77dsM0&sz=w1200","photo_view":"https://drive.google.com/file/d/1nxMM35BOVT4UMkb9O3BOFYIeTU77dsM0/view","label_stats":{"5.15.2":{"detections":3,"mean_conf":0.677,"max_conf":0.768}},"alt":408.96,"session":"2026-09-30_session_2026-09-30_14-10-32","kind":"sign"}},{"type":"Feature","geometry":{"type":"Point","coordinates":[44.839331,41.6893205]},"properties":{"pole_id":273,"labels":["5.15.2"],"track_ids":[273],"conf":0.825,"n_frames":4,"first_ts":1790779347435699000,"last_ts":1790779347435699000,"image":"session_2026-09-30_14-10-32_checkpoint_017_photos/session_2026-09-30_14-10-32_checkpoint_017_sign_273.jpg","photo_url":"https://drive.google.com/thumbnail?id=1VrMsuwb2dLz_ucKDV-WIezjpJua63o-Q&sz=w1200","photo_view":"https://drive.google.com/file/d/1VrMsuwb2dLz_ucKDV-WIezjpJua63o-Q/view","label_stats":{"5.15.2":{"detections":3,"mean_conf":0.73,"max_conf":0.825}},"alt":408.94,"session":"2026-09-30_session_2026-09-30_14-10-32","kind":"sign"}},{"type":"Feature","geometry":{"type":"Point","coordinates":[44.8395882,41.6892788]},"properties":{"pole_id":274,"labels":["5.15.2"],"track_ids":[274],"conf":0.757,"n_frames":4,"first_ts":1790779347469017000,"last_ts":1790779347469017000,"image":"session_2026-09-30_14-10-32_checkpoint_017_photos/session_2026-09-30_14-10-32_checkpoint_017_sign_274.jpg","photo_url":"https://drive.google.com/thumbnail?id=1wZQIAFVxihRapmkM6Q4CJQChhVhrPuIF&sz=w1200","photo_view":"https://drive.google.com/file/d/1wZQIAFVxihRapmkM6Q4CJQChhVhrPuIF/view","label_stats":{"5.15.2":{"detections":3,"mean_conf":0.666,"max_conf":0.757}},"alt":408.94,"session":"2026-09-30_session_2026-09-30_14-10-32","kind":"sign"}},{"type":"Feature","geometry":{"type":"Point","coordinates":[44.839714,41.6891891]},"properties":{"pole_id":275,"labels":["5.15.2"],"track_ids":[275],"conf":0.761,"n_frames":4,"first_ts":1790779347502360000,"last_ts":1790779347502360000,"image":"session_2026-09-30_14-10-32_checkpoint_017_photos/session_2026-09-30_14-10-32_checkpoint_017_sign_275.jpg","photo_url":"https://drive.google.com/thumbnail?id=1ef8El2VMik33J0_viOpidGaH6ZJGPLqR&sz=w1200","photo_view":"https://drive.google.com/file/d/1ef8El2VMik33J0_viOpidGaH6ZJGPLqR/view","label_stats":{"5.15.2":{"detections":3,"mean_conf":0.691,"max_conf":0.761}},"alt":408.94,"session":"2026-09-30_session_2026-09-30_14-10-32","kind":"sign"}},{"type":"Feature","geometry":{"type":"Point","coordinates":[44.8397062,41.6890544]},"properties":{"pole_id":276,"labels":["5.15.2"],"track_ids":[276],"conf":0.75,"n_frames":4,"first_ts":1790779347535680000,"last_ts":1790779347535680000,"image":"session_2026-09-30_14-10-32_checkpoint_017_photos/session_2026-09-30_14-10-32_checkpoint_017_sign_276.jpg","photo_url":"https://drive.google.com/thumbnail?id=1iAYK82oZPuYFwqXlszQBfRJIsrIIrs0G&sz=w1200","photo_view":"https://drive.google.com/file/d/1iAYK82oZPuYFwqXlszQBfRJIsrIIrs0G/view","label_stats":{"5.15.2":{"detections":3,"mean_conf":0.679,"max_conf":0.75}},"alt":408.93,"session":"2026-09-30_session_2026-09-30_14-10-32","kind":"sign"}},{"type":"Feature","geometry":{"type":"Point","coordinates":[44.8395632,41.6888777]},"properties":{"pole_id":277,"labels":["5.15.2"],"track_ids":[277],"conf":0.745,"n_frames":4,"first_ts":1790779347569022000,"last_ts":1790779347569022000,"image":"session_2026-09-30_14-10-32_checkpoint_017_photos/session_2026-09-30_14-10-32_checkpoint_017_sign_277.jpg","photo_url":"https://drive.google.com/thumbnail?id=1M_N3WGJU8hRr2oHbOiS5fnwd5O_Oa-XP&sz=w1200","photo_view":"https://drive.google.com/file/d/1M_N3WGJU8hRr2oHbOiS5fnwd5O_Oa-XP/view","label_stats":{"5.15.2":{"detections":3,"mean_conf":0.677,"max_conf":0.745}},"alt":408.94,"session":"2026-09-30_session_2026-09-30_14-10-32","kind":"sign"}},{"type":"Feature","geometry":{"type":"Point","coordinates":[44.8392835,41.688662]},"properties":{"pole_id":278,"labels":["5.15.2"],"track_ids":[278],"conf":0.778,"n_frames":4,"first_ts":1790779347602341000,"last_ts":1790779347602341000,"image":"session_2026-09-30_14-10-32_checkpoint_017_photos/session_2026-09-30_14-10-32_checkpoint_017_sign_278.jpg","photo_url":"https://drive.google.com/thumbnail?id=1A-NPs9ecrIOTozH8SB8CMLFHb1m17ynl&sz=w1200","photo_view":"https://drive.google.com/file/d/1A-NPs9ecrIOTozH8SB8CMLFHb1m17ynl/view","label_stats":{"5.15.2":{"detections":3,"mean_conf":0.72,"max_conf":0.778}},"alt":408.93,"session":"2026-09-30_session_2026-09-30_14-10-32","kind":"sign"}},{"type":"Feature","geometry":{"type":"Point","coordinates":[44.8388654,41.6884104]},"properties":{"pole_id":279,"labels":["5.15.2"],"track_ids":[279],"conf":0.788,"n_frames":4,"first_ts":1790779347635686000,"last_ts":1790779347635686000,"image":"session_2026-09-30_14-10-32_checkpoint_017_photos/session_2026-09-30_14-10-32_checkpoint_017_sign_279.jpg","photo_url":"https://drive.google.com/thumbnail?id=1iFm6xirhmMMbYEwCCIkqAYNxhzhG8IpA&sz=w1200","photo_view":"https://drive.google.com/file/d/1iFm6xirhmMMbYEwCCIkqAYNxhzhG8IpA/view","label_stats":{"5.15.2":{"detections":3,"mean_conf":0.681,"max_conf":0.788}},"alt":408.93,"session":"2026-09-30_session_2026-09-30_14-10-32","kind":"sign"}},{"type":"Feature","geometry":{"type":"Point","coordinates":[44.8383076,41.6881257]},"properties":{"pole_id":280,"labels":["5.15.2"],"track_ids":[280],"conf":0.839,"n_frames":4,"first_ts":1790779347669030000,"last_ts":1790779347669030000,"image":"session_2026-09-30_14-10-32_checkpoint_017_photos/session_2026-09-30_14-10-32_checkpoint_017_sign_280.jpg","photo_url":"https://drive.google.com/thumbnail?id=1UPoXjr-SWuIWWpcYbYfun2asfND8Qkz6&sz=w1200","photo_view":"https://drive.google.com/file/d/1UPoXjr-SWuIWWpcYbYfun2asfND8Qkz6/view","label_stats":{"5.15.2":{"detections":3,"mean_conf":0.744,"max_conf":0.839}},"alt":408.92,"session":"2026-09-30_session_2026-09-30_14-10-32","kind":"sign"}},{"type":"Feature","geometry":{"type":"Point","coordinates":[44.8376094,41.6878115]},"properties":{"pole_id":281,"labels":["5.15.2"],"track_ids":[281],"conf":0.815,"n_frames":4,"first_ts":1790779347702348000,"last_ts":1790779347702348000,"image":"session_2026-09-30_14-10-32_checkpoint_017_photos/session_2026-09-30_14-10-32_checkpoint_017_sign_281.jpg","photo_url":"https://drive.google.com/thumbnail?id=1KS-QzFLvrLUA4eyamA80wdrRhRZh6fDI&sz=w1200","photo_view":"https://drive.google.com/file/d/1KS-QzFLvrLUA4eyamA80wdrRhRZh6fDI/view","label_stats":{"5.15.2":{"detections":3,"mean_conf":0.724,"max_conf":0.815}},"alt":408.91,"session":"2026-09-30_session_2026-09-30_14-10-32","kind":"sign"}},{"type":"Feature","geometry":{"type":"Point","coordinates":[44.8367687,41.6874703]},"properties":{"pole_id":282,"labels":["5.15.2"],"track_ids":[282],"conf":0.816,"n_frames":4,"first_ts":1790779347735692000,"last_ts":1790779347735692000,"image":"session_2026-09-30_14-10-32_checkpoint_017_photos/session_2026-09-30_14-10-32_checkpoint_017_sign_282.jpg","photo_url":"https://drive.google.com/thumbnail?id=1HcmocWZS-x9wkzY1UZMHZmUAT7-qddDa&sz=w1200","photo_view":"https://drive.google.com/file/d/1HcmocWZS-x9wkzY1UZMHZmUAT7-qddDa/view","label_stats":{"5.15.2":{"detections":3,"mean_conf":0.707,"max_conf":0.816}},"alt":408.9,"session":"2026-09-30_session_2026-09-30_14-10-32","kind":"sign"}},{"type":"Feature","geometry":{"type":"Point","coordinates":[44.8357857,41.687106]},"properties":{"pole_id":283,"labels":["5.15.2"],"track_ids":[283],"conf":0.806,"n_frames":4,"first_ts":1790779347769010000,"last_ts":1790779347769010000,"image":"session_2026-09-30_14-10-32_checkpoint_017_photos/session_2026-09-30_14-10-32_checkpoint_017_sign_283.jpg","photo_url":"https://drive.google.com/thumbnail?id=1t0tZzntluAbB56pJTPMSiPAxiiZZ12Ny&sz=w1200","photo_view":"https://drive.google.com/file/d/1t0tZzntluAbB56pJTPMSiPAxiiZZ12Ny/view","label_stats":{"5.15.2":{"detections":3,"mean_conf":0.727,"max_conf":0.806}},"alt":408.89,"session":"2026-09-30_session_2026-09-30_14-10-32","kind":"sign"}},{"type":"Feature","geometry":{"type":"Point","coordinates":[44.8346581,41.686721]},"properties":{"pole_id":284,"labels":["5.15.2"],"track_ids":[284],"conf":0.773,"n_frames":4,"first_ts":1790779347802355000,"last_ts":1790779347802355000,"image":"session_2026-09-30_14-10-32_checkpoint_017_photos/session_2026-09-30_14-10-32_checkpoint_017_sign_284.jpg","photo_url":"https://drive.google.com/thumbnail?id=1VGMOzMCkOQBSJT5ZMrHzhjBiOQ-2Lbuv&sz=w1200","photo_view":"https://drive.google.com/file/d/1VGMOzMCkOQBSJT5ZMrHzhjBiOQ-2Lbuv/view","label_stats":{"5.15.2":{"detections":3,"mean_conf":0.681,"max_conf":0.773}},"alt":408.9,"session":"2026-09-30_session_2026-09-30_14-10-32","kind":"sign"}},{"type":"Feature","geometry":{"type":"Point","coordinates":[44.8333869,41.6863193]},"properties":{"pole_id":285,"labels":["5.15.2"],"track_ids":[285],"conf":0.802,"n_frames":4,"first_ts":1790779347835674000,"last_ts":1790779347835674000,"image":"session_2026-09-30_14-10-32_checkpoint_017_photos/session_2026-09-30_14-10-32_checkpoint_017_sign_285.jpg","photo_url":"https://drive.google.com/thumbnail?id=1s2oMY-OGKM6fGre8yv5oHYjWosO92HSG&sz=w1200","photo_view":"https://drive.google.com/file/d/1s2oMY-OGKM6fGre8yv5oHYjWosO92HSG/view","label_stats":{"5.15.2":{"detections":3,"mean_conf":0.714,"max_conf":0.802}},"alt":408.89,"session":"2026-09-30_session_2026-09-30_14-10-32","kind":"sign"}},{"type":"Feature","geometry":{"type":"Point","coordinates":[44.8319695,41.6859034]},"properties":{"pole_id":286,"labels":["5.15.2"],"track_ids":[286],"conf":0.77,"n_frames":4,"first_ts":1790779347869017000,"last_ts":1790779347869017000,"image":"session_2026-09-30_14-10-32_checkpoint_017_photos/session_2026-09-30_14-10-32_checkpoint_017_sign_286.jpg","photo_url":"https://drive.google.com/thumbnail?id=1ptWHngMtsV8vFa1srsIoabHkVHz76uCO&sz=w1200","photo_view":"https://drive.google.com/file/d/1ptWHngMtsV8vFa1srsIoabHkVHz76uCO/view","label_stats":{"5.15.2":{"detections":3,"mean_conf":0.698,"max_conf":0.77}},"alt":408.88,"session":"2026-09-30_session_2026-09-30_14-10-32","kind":"sign"}},{"type":"Feature","geometry":{"type":"Point","coordinates":[44.8304064,41.6854766]},"properties":{"pole_id":287,"labels":["5.15.2"],"track_ids":[287],"conf":0.765,"n_frames":4,"first_ts":1790779347902362000,"last_ts":1790779347902362000,"image":"session_2026-09-30_14-10-32_checkpoint_017_photos/session_2026-09-30_14-10-32_checkpoint_017_sign_287.jpg","photo_url":"https://drive.google.com/thumbnail?id=194OKOjRH-L6iCRqER0avKFoyo553Hf4N&sz=w1200","photo_view":"https://drive.google.com/file/d/194OKOjRH-L6iCRqER0avKFoyo553Hf4N/view","label_stats":{"5.15.2":{"detections":3,"mean_conf":0.691,"max_conf":0.765}},"alt":408.88,"session":"2026-09-30_session_2026-09-30_14-10-32","kind":"sign"}},{"type":"Feature","geometry":{"type":"Point","coordinates":[44.8286987,41.6850427]},"properties":{"pole_id":288,"labels":["5.15.2"],"track_ids":[288],"conf":0.792,"n_frames":4,"first_ts":1790779347935678000,"last_ts":1790779347935678000,"image":"session_2026-09-30_14-10-32_checkpoint_017_photos/session_2026-09-30_14-10-32_checkpoint_017_sign_288.jpg","photo_url":"https://drive.google.com/thumbnail?id=1Om9jHQTqw-9UzO1_Abf4t-FIlmhsc72E&sz=w1200","photo_view":"https://drive.google.com/file/d/1Om9jHQTqw-9UzO1_Abf4t-FIlmhsc72E/view","label_stats":{"5.15.2":{"detections":3,"mean_conf":0.76,"max_conf":0.792}},"alt":408.88,"session":"2026-09-30_session_2026-09-30_14-10-32","kind":"sign"}},{"type":"Feature","geometry":{"type":"Point","coordinates":[44.8268432,41.6846047]},"properties":{"pole_id":289,"labels":["5.15.2"],"track_ids":[289],"conf":0.802,"n_frames":4,"first_ts":1790779347969024000,"last_ts":1790779347969024000,"image":"session_2026-09-30_14-10-32_checkpoint_017_photos/session_2026-09-30_14-10-32_checkpoint_017_sign_289.jpg","photo_url":"https://drive.google.com/thumbnail?id=1l3QBsQEuGDuk4X5D21HqzjLv4HmEBdGB&sz=w1200","photo_view":"https://drive.google.com/file/d/1l3QBsQEuGDuk4X5D21HqzjLv4HmEBdGB/view","label_stats":{"5.15.2":{"detections":3,"mean_conf":0.723,"max_conf":0.802}},"alt":408.88,"session":"2026-09-30_session_2026-09-30_14-10-32","kind":"sign"}},{"type":"Feature","geometry":{"type":"Point","coordinates":[44.8255139,41.684472]},"properties":{"pole_id":290,"labels":["5.15.2"],"track_ids":[290],"conf":0.837,"n_frames":4,"first_ts":1790779348002342000,"last_ts":1790779348002342000,"image":"session_2026-09-30_14-10-32_checkpoint_017_photos/session_2026-09-30_14-10-32_checkpoint_017_sign_290.jpg","photo_url":"https://drive.google.com/thumbnail?id=13VO4pzNCDj6SETJDl7R6AodAxVOC9ldx&sz=w1200","photo_view":"https://drive.google.com/file/d/13VO4pzNCDj6SETJDl7R6AodAxVOC9ldx/view","label_stats":{"5.15.2":{"detections":3,"mean_conf":0.771,"max_conf":0.837}},"alt":408.86,"session":"2026-09-30_session_2026-09-30_14-10-32","kind":"sign"}},{"type":"Feature","geometry":{"type":"Point","coordinates":[44.8326356,41.6883868]},"properties":{"pole_id":291,"labels":["5.15.2"],"track_ids":[291],"conf":0.809,"n_frames":4,"first_ts":1790779348035687000,"last_ts":1790779348035687000,"image":"session_2026-09-30_14-10-32_checkpoint_017_photos/session_2026-09-30_14-10-32_checkpoint_017_sign_291.jpg","photo_url":"https://drive.google.com/thumbnail?id=1Thel1rgJwOeStQhVFX4rBNAZQBK-dnft&sz=w1200","photo_view":"https://drive.google.com/file/d/1Thel1rgJwOeStQhVFX4rBNAZQBK-dnft/view","label_stats":{"5.15.2":{"detections":3,"mean_conf":0.721,"max_conf":0.809}},"alt":408.88,"session":"2026-09-30_session_2026-09-30_14-10-32","kind":"sign"}},{"type":"Feature","geometry":{"type":"Point","coordinates":[44.8390783,41.6922739]},"properties":{"pole_id":292,"labels":["5.15.2"],"track_ids":[292],"conf":0.832,"n_frames":4,"first_ts":1790779348069005000,"last_ts":1790779348069005000,"image":"session_2026-09-30_14-10-32_checkpoint_017_photos/session_2026-09-30_14-10-32_checkpoint_017_sign_292.jpg","photo_url":"https://drive.google.com/thumbnail?id=1zqAQ2bExtelV8l8JD-VnHf86uzWDyBUu&sz=w1200","photo_view":"https://drive.google.com/file/d/1zqAQ2bExtelV8l8JD-VnHf86uzWDyBUu/view","label_stats":{"5.15.2":{"detections":3,"mean_conf":0.713,"max_conf":0.832}},"alt":408.89,"session":"2026-09-30_session_2026-09-30_14-10-32","kind":"sign"}},{"type":"Feature","geometry":{"type":"Point","coordinates":[44.8448554,41.6961065]},"properties":{"pole_id":293,"labels":["5.15.2"],"track_ids":[293],"conf":0.778,"n_frames":4,"first_ts":1790779348102349000,"last_ts":1790779348102349000,"image":"session_2026-09-30_14-10-32_checkpoint_017_photos/session_2026-09-30_14-10-32_checkpoint_017_sign_293.jpg","photo_url":"https://drive.google.com/thumbnail?id=1mJrcHiWZ0hu8NB0F1PmSQdXxyYdrqpxH&sz=w1200","photo_view":"https://drive.google.com/file/d/1mJrcHiWZ0hu8NB0F1PmSQdXxyYdrqpxH/view","label_stats":{"5.15.2":{"detections":3,"mean_conf":0.701,"max_conf":0.778}},"alt":408.88,"session":"2026-09-30_session_2026-09-30_14-10-32","kind":"sign"}},{"type":"Feature","geometry":{"type":"Point","coordinates":[44.8499679,41.6998503]},"properties":{"pole_id":294,"labels":["5.15.2"],"track_ids":[294],"conf":0.776,"n_frames":4,"first_ts":1790779348135693000,"last_ts":1790779348135693000,"image":"session_2026-09-30_14-10-32_checkpoint_017_photos/session_2026-09-30_14-10-32_checkpoint_017_sign_294.jpg","photo_url":"https://drive.google.com/thumbnail?id=1ObE1-euCEqYrS0FXtpXTTWIxVYgHRaeE&sz=w1200","photo_view":"https://drive.google.com/file/d/1ObE1-euCEqYrS0FXtpXTTWIxVYgHRaeE/view","label_stats":{"5.15.2":{"detections":3,"mean_conf":0.684,"max_conf":0.776}},"alt":408.91,"session":"2026-09-30_session_2026-09-30_14-10-32","kind":"sign"}},{"type":"Feature","geometry":{"type":"Point","coordinates":[44.8544211,41.7034707]},"properties":{"pole_id":295,"labels":["5.15.2"],"track_ids":[295],"conf":0.739,"n_frames":4,"first_ts":1790779348169010000,"last_ts":1790779348169010000,"image":"session_2026-09-30_14-10-32_checkpoint_017_photos/session_2026-09-30_14-10-32_checkpoint_017_sign_295.jpg","photo_url":"https://drive.google.com/thumbnail?id=1HaeOBCedN5Oj3u_BAHzUelTpmmmQ3ehG&sz=w1200","photo_view":"https://drive.google.com/file/d/1HaeOBCedN5Oj3u_BAHzUelTpmmmQ3ehG/view","label_stats":{"5.15.2":{"detections":3,"mean_conf":0.647,"max_conf":0.739}},"alt":408.9,"session":"2026-09-30_session_2026-09-30_14-10-32","kind":"sign"}},{"type":"Feature","geometry":{"type":"Point","coordinates":[44.8582337,41.706943]},"properties":{"pole_id":296,"labels":["5.15.2"],"track_ids":[296],"conf":0.785,"n_frames":4,"first_ts":1790779348202356000,"last_ts":1790779348202356000,"image":"session_2026-09-30_14-10-32_checkpoint_017_photos/session_2026-09-30_14-10-32_checkpoint_017_sign_296.jpg","photo_url":"https://drive.google.com/thumbnail?id=1_SE0BQa1gKRZc8JPjDruR9n4ARTgQ2ks&sz=w1200","photo_view":"https://drive.google.com/file/d/1_SE0BQa1gKRZc8JPjDruR9n4ARTgQ2ks/view","label_stats":{"5.15.2":{"detections":3,"mean_conf":0.665,"max_conf":0.785}},"alt":408.9,"session":"2026-09-30_session_2026-09-30_14-10-32","kind":"sign"}},{"type":"Feature","geometry":{"type":"Point","coordinates":[44.8614132,41.7102306]},"properties":{"pole_id":297,"labels":["5.15.2"],"track_ids":[297],"conf":0.811,"n_frames":4,"first_ts":1790779348235672000,"last_ts":1790779348235672000,"image":"session_2026-09-30_14-10-32_checkpoint_017_photos/session_2026-09-30_14-10-32_checkpoint_017_sign_297.jpg","photo_url":"https://drive.google.com/thumbnail?id=16eP9CTBTGvjRB8i-jisjJE4d9bXhQYy4&sz=w1200","photo_view":"https://drive.google.com/file/d/16eP9CTBTGvjRB8i-jisjJE4d9bXhQYy4/view","label_stats":{"5.15.2":{"detections":3,"mean_conf":0.691,"max_conf":0.811}},"alt":408.9,"session":"2026-09-30_session_2026-09-30_14-10-32","kind":"sign"}},{"type":"Feature","geometry":{"type":"Point","coordinates":[44.8639817,41.7133098]},"properties":{"pole_id":298,"labels":["5.15.2"],"track_ids":[298],"conf":0.805,"n_frames":4,"first_ts":1790779348269017000,"last_ts":1790779348269017000,"image":"session_2026-09-30_14-10-32_checkpoint_017_photos/session_2026-09-30_14-10-32_checkpoint_017_sign_298.jpg","photo_url":"https://drive.google.com/thumbnail?id=1pyDZFMjsQSnRzxDnn02HdolyU4eTtei7&sz=w1200","photo_view":"https://drive.google.com/file/d/1pyDZFMjsQSnRzxDnn02HdolyU4eTtei7/view","label_stats":{"5.15.2":{"detections":3,"mean_conf":0.678,"max_conf":0.805}},"alt":408.91,"session":"2026-09-30_session_2026-09-30_14-10-32","kind":"sign"}},{"type":"Feature","geometry":{"type":"Point","coordinates":[44.8659537,41.7161465]},"properties":{"pole_id":299,"labels":["5.15.2"],"track_ids":[299],"conf":0.789,"n_frames":4,"first_ts":1790779348302334000,"last_ts":1790779348302334000,"image":"session_2026-09-30_14-10-32_checkpoint_017_photos/session_2026-09-30_14-10-32_checkpoint_017_sign_299.jpg","photo_url":"https://drive.google.com/thumbnail?id=153HYjUaSN97G4EkF7wXJFxZrLbBXNl0n&sz=w1200","photo_view":"https://drive.google.com/file/d/153HYjUaSN97G4EkF7wXJFxZrLbBXNl0n/view","label_stats":{"5.15.2":{"detections":3,"mean_conf":0.724,"max_conf":0.789}},"alt":408.92,"session":"2026-09-30_session_2026-09-30_14-10-32","kind":"sign"}},{"type":"Feature","geometry":{"type":"Point","coordinates":[44.8673542,41.7187178]},"properties":{"pole_id":300,"labels":["5.15.2"],"track_ids":[300],"conf":0.767,"n_frames":4,"first_ts":1790779348335680000,"last_ts":1790779348335680000,"image":"session_2026-09-30_14-10-32_checkpoint_017_photos/session_2026-09-30_14-10-32_checkpoint_017_sign_300.jpg","photo_url":"https://drive.google.com/thumbnail?id=1vsM663T3YgBYLLuY2OUIxyYYcW0-2t2d&sz=w1200","photo_view":"https://drive.google.com/file/d/1vsM663T3YgBYLLuY2OUIxyYYcW0-2t2d/view","label_stats":{"5.15.2":{"detections":3,"mean_conf":0.703,"max_conf":0.767}},"alt":408.92,"session":"2026-09-30_session_2026-09-30_14-10-32","kind":"sign"}},{"type":"Feature","geometry":{"type":"Point","coordinates":[44.868205,41.7209942]},"properties":{"pole_id":301,"labels":["5.15.2"],"track_ids":[301],"conf":0.756,"n_frames":4,"first_ts":1790779348369025000,"last_ts":1790779348369025000,"image":"session_2026-09-30_14-10-32_checkpoint_017_photos/session_2026-09-30_14-10-32_checkpoint_017_sign_301.jpg","photo_url":"https://drive.google.com/thumbnail?id=1nhcFIc2G2fw6sLNt0GVLwBBjFQfDKFgw&sz=w1200","photo_view":"https://drive.google.com/file/d/1nhcFIc2G2fw6sLNt0GVLwBBjFQfDKFgw/view","label_stats":{"5.15.2":{"detections":3,"mean_conf":0.673,"max_conf":0.756}},"alt":408.93,"session":"2026-09-30_session_2026-09-30_14-10-32","kind":"sign"}},{"type":"Feature","geometry":{"type":"Point","coordinates":[44.8685319,41.7229487]},"properties":{"pole_id":302,"labels":["5.15.2"],"track_ids":[302],"conf":0.748,"n_frames":4,"first_ts":1790779348402341000,"last_ts":1790779348402341000,"image":"session_2026-09-30_14-10-32_checkpoint_017_photos/session_2026-09-30_14-10-32_checkpoint_017_sign_302.jpg","photo_url":"https://drive.google.com/thumbnail?id=1a5iYjOpPn3CVki-5uyPTV9NO7507VSGe&sz=w1200","photo_view":"https://drive.google.com/file/d/1a5iYjOpPn3CVki-5uyPTV9NO7507VSGe/view","label_stats":{"5.15.2":{"detections":3,"mean_conf":0.68,"max_conf":0.748}},"alt":408.93,"session":"2026-09-30_session_2026-09-30_14-10-32","kind":"sign"}},{"type":"Feature","geometry":{"type":"Point","coordinates":[44.868364,41.7245605]},"properties":{"pole_id":303,"labels":["5.15.2"],"track_ids":[303],"conf":0.692,"n_frames":4,"first_ts":1790779348435688000,"last_ts":1790779348435688000,"image":"session_2026-09-30_14-10-32_checkpoint_017_photos/session_2026-09-30_14-10-32_checkpoint_017_sign_303.jpg","photo_url":"https://drive.google.com/thumbnail?id=1Oli128JI8SNzBOIpVq9YRc2O1cu2Ysna&sz=w1200","photo_view":"https://drive.google.com/file/d/1Oli128JI8SNzBOIpVq9YRc2O1cu2Ysna/view","label_stats":{"5.15.2":{"detections":3,"mean_conf":0.632,"max_conf":0.692}},"alt":408.94,"session":"2026-09-30_session_2026-09-30_14-10-32","kind":"sign"}},{"type":"Feature","geometry":{"type":"Point","coordinates":[44.8677316,41.7258038]},"properties":{"pole_id":304,"labels":["5.15.2"],"track_ids":[304],"conf":0.751,"n_frames":4,"first_ts":1790779348469004000,"last_ts":1790779348469004000,"image":"session_2026-09-30_14-10-32_checkpoint_017_photos/session_2026-09-30_14-10-32_checkpoint_017_sign_304.jpg","photo_url":"https://drive.google.com/thumbnail?id=1G4iStE8eKyY0VAkEIALVZmLE0KyDFhkT&sz=w1200","photo_view":"https://drive.google.com/file/d/1G4iStE8eKyY0VAkEIALVZmLE0KyDFhkT/view","label_stats":{"5.15.2":{"detections":3,"mean_conf":0.682,"max_conf":0.751}},"alt":408.95,"session":"2026-09-30_session_2026-09-30_14-10-32","kind":"sign"}},{"type":"Feature","geometry":{"type":"Point","coordinates":[44.8666656,41.7266593]},"properties":{"pole_id":305,"labels":["5.15.2"],"track_ids":[305],"conf":0.753,"n_frames":4,"first_ts":1790779348502348000,"last_ts":1790779348502348000,"image":"session_2026-09-30_14-10-32_checkpoint_017_photos/session_2026-09-30_14-10-32_checkpoint_017_sign_305.jpg","photo_url":"https://drive.google.com/thumbnail?id=192I9YRyrtml3edBOhS2sfLavnGwvn7kt&sz=w1200","photo_view":"https://drive.google.com/file/d/192I9YRyrtml3edBOhS2sfLavnGwvn7kt/view","label_stats":{"5.15.2":{"detections":3,"mean_conf":0.666,"max_conf":0.753}},"alt":408.95,"session":"2026-09-30_session_2026-09-30_14-10-32","kind":"sign"}},{"type":"Feature","geometry":{"type":"Point","coordinates":[44.8652018,41.7271058]},"properties":{"pole_id":306,"labels":["5.15.2"],"track_ids":[306],"conf":0.753,"n_frames":4,"first_ts":1790779348535665000,"last_ts":1790779348535665000,"image":"session_2026-09-30_14-10-32_checkpoint_017_photos/session_2026-09-30_14-10-32_checkpoint_017_sign_306.jpg","photo_url":"https://drive.google.com/thumbnail?id=162QcJB6epLl_hG7jFEgflCSiqbldM6rT&sz=w1200","photo_view":"https://drive.google.com/file/d/162QcJB6epLl_hG7jFEgflCSiqbldM6rT/view","label_stats":{"5.15.2":{"detections":3,"mean_conf":0.67,"max_conf":0.753}},"alt":408.96,"session":"2026-09-30_session_2026-09-30_14-10-32","kind":"sign"}},{"type":"Feature","geometry":{"type":"Point","coordinates":[44.8633732,41.7271259]},"properties":{"pole_id":307,"labels":["5.15.2"],"track_ids":[307],"conf":0.819,"n_frames":4,"first_ts":1790779348569011000,"last_ts":1790779348569011000,"image":"session_2026-09-30_14-10-32_checkpoint_017_photos/session_2026-09-30_14-10-32_checkpoint_017_sign_307.jpg","photo_url":"https://drive.google.com/thumbnail?id=1ecyRL4EmwlBDPE1bXvqNr6az-7zAVKNZ&sz=w1200","photo_view":"https://drive.google.com/file/d/1ecyRL4EmwlBDPE1bXvqNr6az-7zAVKNZ/view","label_stats":{"5.15.2":{"detections":3,"mean_conf":0.737,"max_conf":0.819}},"alt":408.97,"session":"2026-09-30_session_2026-09-30_14-10-32","kind":"sign"}},{"type":"Feature","geometry":{"type":"Point","coordinates":[44.861218,41.7267025]},"properties":{"pole_id":308,"labels":["5.15.2"],"track_ids":[308],"conf":0.78,"n_frames":4,"first_ts":1790779348602355000,"last_ts":1790779348602355000,"image":"session_2026-09-30_14-10-32_checkpoint_017_photos/session_2026-09-30_14-10-32_checkpoint_017_sign_308.jpg","photo_url":"https://drive.google.com/thumbnail?id=1NBOF2zNF_PHDbGpBhV7a-HFHm_Znh8v3&sz=w1200","photo_view":"https://drive.google.com/file/d/1NBOF2zNF_PHDbGpBhV7a-HFHm_Znh8v3/view","label_stats":{"5.15.2":{"detections":3,"mean_conf":0.712,"max_conf":0.78}},"alt":408.97,"session":"2026-09-30_session_2026-09-30_14-10-32","kind":"sign"}},{"type":"Feature","geometry":{"type":"Point","coordinates":[44.8587763,41.7258217]},"properties":{"pole_id":309,"labels":["5.15.2"],"track_ids":[309],"conf":0.779,"n_frames":4,"first_ts":1790779348635674000,"last_ts":1790779348635674000,"image":"session_2026-09-30_14-10-32_checkpoint_017_photos/session_2026-09-30_14-10-32_checkpoint_017_sign_309.jpg","photo_url":"https://drive.google.com/thumbnail?id=1ivx1apMtUTnauiGQHJbyPxikTqQdFkTr&sz=w1200","photo_view":"https://drive.google.com/file/d/1ivx1apMtUTnauiGQHJbyPxikTqQdFkTr/view","label_stats":{"5.15.2":{"detections":3,"mean_conf":0.692,"max_conf":0.779}},"alt":408.98,"session":"2026-09-30_session_2026-09-30_14-10-32","kind":"sign"}},{"type":"Feature","geometry":{"type":"Point","coordinates":[44.8560842,41.7244696]},"properties":{"pole_id":310,"labels":["5.15.2"],"track_ids":[310],"conf":0.709,"n_frames":4,"first_ts":1790779348669018000,"last_ts":1790779348669018000,"image":"session_2026-09-30_14-10-32_checkpoint_017_photos/session_2026-09-30_14-10-32_checkpoint_017_sign_310.jpg","photo_url":"https://drive.google.com/thumbnail?id=1utDYZEsc0vliM4CyqmxyNGRjvm-CfmGb&sz=w1200","photo_view":"https://drive.google.com/file/d/1utDYZEsc0vliM4CyqmxyNGRjvm-CfmGb/view","label_stats":{"5.15.2":{"detections":3,"mean_conf":0.646,"max_conf":0.709}},"alt":408.99,"session":"2026-09-30_session_2026-09-30_14-10-32","kind":"sign"}},{"type":"Feature","geometry":{"type":"Point","coordinates":[44.8531862,41.7226371]},"properties":{"pole_id":311,"labels":["5.15.2"],"track_ids":[311],"conf":0.696,"n_frames":4,"first_ts":1790779348702335000,"last_ts":1790779348702335000,"image":"session_2026-09-30_14-10-32_checkpoint_017_photos/session_2026-09-30_14-10-32_checkpoint_017_sign_311.jpg","photo_url":"https://drive.google.com/thumbnail?id=130km2ZAwT-0yHrMKU7kY6JipBGprIL2h&sz=w1200","photo_view":"https://drive.google.com/file/d/130km2ZAwT-0yHrMKU7kY6JipBGprIL2h/view","label_stats":{"5.15.2":{"detections":3,"mean_conf":0.637,"max_conf":0.696}},"alt":408.99,"session":"2026-09-30_session_2026-09-30_14-10-32","kind":"sign"}},{"type":"Feature","geometry":{"type":"Point","coordinates":[44.850119,41.7203126]},"properties":{"pole_id":312,"labels":["5.15.2"],"track_ids":[312],"conf":0.737,"n_frames":4,"first_ts":1790779348735679000,"last_ts":1790779348735679000,"image":"session_2026-09-30_14-10-32_checkpoint_017_photos/session_2026-09-30_14-10-32_checkpoint_017_sign_312.jpg","photo_url":"https://drive.google.com/thumbnail?id=1RY1Qnfc3zSLOjEWmX7ovTrOHTevqxQeS&sz=w1200","photo_view":"https://drive.google.com/file/d/1RY1Qnfc3zSLOjEWmX7ovTrOHTevqxQeS/view","label_stats":{"5.15.2":{"detections":3,"mean_conf":0.682,"max_conf":0.737}},"alt":409.0,"session":"2026-09-30_session_2026-09-30_14-10-32","kind":"sign"}},{"type":"Feature","geometry":{"type":"Point","coordinates":[44.8469294,41.7174925]},"properties":{"pole_id":313,"labels":["5.15.2"],"track_ids":[313],"conf":0.706,"n_frames":4,"first_ts":1790779348768998000,"last_ts":1790779348768998000,"image":"session_2026-09-30_14-10-32_checkpoint_017_photos/session_2026-09-30_14-10-32_checkpoint_017_sign_313.jpg","photo_url":"https://drive.google.com/thumbnail?id=1Fe766nIcfFwaoTMLfaTIhTYnhhImOFmi&sz=w1200","photo_view":"https://drive.google.com/file/d/1Fe766nIcfFwaoTMLfaTIhTYnhhImOFmi/view","label_stats":{"5.15.2":{"detections":3,"mean_conf":0.66,"max_conf":0.706}},"alt":409.01,"session":"2026-09-30_session_2026-09-30_14-10-32","kind":"sign"}},{"type":"Feature","geometry":{"type":"Point","coordinates":[44.8436555,41.7141676]},"properties":{"pole_id":314,"labels":["5.15.2"],"track_ids":[314],"conf":0.701,"n_frames":4,"first_ts":1790779348802343000,"last_ts":1790779348802343000,"image":"session_2026-09-30_14-10-32_checkpoint_017_photos/session_2026-09-30_14-10-32_checkpoint_017_sign_314.jpg","photo_url":"https://drive.google.com/thumbnail?id=1FwUOG3gKWO1vcq9NiJA9jVXhYmlFXTQb&sz=w1200","photo_view":"https://drive.google.com/file/d/1FwUOG3gKWO1vcq9NiJA9jVXhYmlFXTQb/view","label_stats":{"5.15.2":{"detections":3,"mean_conf":0.634,"max_conf":0.701}},"alt":409.01,"session":"2026-09-30_session_2026-09-30_14-10-32","kind":"sign"}},{"type":"Feature","geometry":{"type":"Point","coordinates":[44.8403427,41.7103371]},"properties":{"pole_id":315,"labels":["5.15.2"],"track_ids":[315],"conf":0.714,"n_frames":4,"first_ts":1790779348835687000,"last_ts":1790779348835687000,"image":"session_2026-09-30_14-10-32_checkpoint_017_photos/session_2026-09-30_14-10-32_checkpoint_017_sign_315.jpg","photo_url":"https://drive.google.com/thumbnail?id=1LtGw7kC2KYlRpB4BikZV0y4cv04wxsub&sz=w1200","photo_view":"https://drive.google.com/file/d/1LtGw7kC2KYlRpB4BikZV0y4cv04wxsub/view","label_stats":{"5.15.2":{"detections":3,"mean_conf":0.652,"max_conf":0.714}},"alt":409.03,"session":"2026-09-30_session_2026-09-30_14-10-32","kind":"sign"}},{"type":"Feature","geometry":{"type":"Point","coordinates":[44.837035,41.7060038]},"properties":{"pole_id":316,"labels":["5.15.2"],"track_ids":[316],"conf":0.709,"n_frames":4,"first_ts":1790779348869004000,"last_ts":1790779348869004000,"image":"session_2026-09-30_14-10-32_checkpoint_017_photos/session_2026-09-30_14-10-32_checkpoint_017_sign_316.jpg","photo_url":"https://drive.google.com/thumbnail?id=1BXdHCZQCLcje_4rWq0hjOp6Mi-HH0yde&sz=w1200","photo_view":"https://drive.google.com/file/d/1BXdHCZQCLcje_4rWq0hjOp6Mi-HH0yde/view","label_stats":{"5.15.2":{"detections":3,"mean_conf":0.633,"max_conf":0.709}},"alt":409.03,"session":"2026-09-30_session_2026-09-30_14-10-32","kind":"sign"}},{"type":"Feature","geometry":{"type":"Point","coordinates":[44.8337717,41.7011616]},"properties":{"pole_id":317,"labels":["5.15.2"],"track_ids":[317],"conf":0.757,"n_frames":4,"first_ts":1790779348902349000,"last_ts":1790779348902349000,"image":"session_2026-09-30_14-10-32_checkpoint_017_photos/session_2026-09-30_14-10-32_checkpoint_017_sign_317.jpg","photo_url":"https://drive.google.com/thumbnail?id=132TVe6L1VwrqpJIVMRl_R3bkbpk-HnKz&sz=w1200","photo_view":"https://drive.google.com/file/d/132TVe6L1VwrqpJIVMRl_R3bkbpk-HnKz/view","label_stats":{"5.15.2":{"detections":3,"mean_conf":0.664,"max_conf":0.757}},"alt":409.04,"session":"2026-09-30_session_2026-09-30_14-10-32","kind":"sign"}},{"type":"Feature","geometry":{"type":"Point","coordinates":[44.8306008,41.6958219]},"properties":{"pole_id":318,"labels":["5.15.2"],"track_ids":[318],"conf":0.745,"n_frames":4,"first_ts":1790779348935666000,"last_ts":1790779348935666000,"image":"session_2026-09-30_14-10-32_checkpoint_017_photos/session_2026-09-30_14-10-32_checkpoint_017_sign_318.jpg","photo_url":"https://drive.google.com/thumbnail?id=1tkTnIhTBpSDN83V68vG3w1YyEC8T2jqo&sz=w1200","photo_view":"https://drive.google.com/file/d/1tkTnIhTBpSDN83V68vG3w1YyEC8T2jqo/view","label_stats":{"5.15.2":{"detections":3,"mean_conf":0.67,"max_conf":0.745}},"alt":409.05,"session":"2026-09-30_session_2026-09-30_14-10-32","kind":"sign"}},{"type":"Feature","geometry":{"type":"Point","coordinates":[44.8275593,41.689981]},"properties":{"pole_id":319,"labels":["5.15.2"],"track_ids":[319],"conf":0.716,"n_frames":4,"first_ts":1790779348969011000,"last_ts":1790779348969011000,"image":"session_2026-09-30_14-10-32_checkpoint_017_photos/session_2026-09-30_14-10-32_checkpoint_017_sign_319.jpg","photo_url":"https://drive.google.com/thumbnail?id=1NWX-7_LZ-Q2ANw--dJJVSv_5FGKWdX6H&sz=w1200","photo_view":"https://drive.google.com/file/d/1NWX-7_LZ-Q2ANw--dJJVSv_5FGKWdX6H/view","label_stats":{"5.15.2":{"detections":3,"mean_conf":0.627,"max_conf":0.716}},"alt":409.06,"session":"2026-09-30_session_2026-09-30_14-10-32","kind":"sign"}},{"type":"Feature","geometry":{"type":"Point","coordinates":[44.8254277,41.6848133]},"properties":{"pole_id":320,"labels":["5.15.2"],"track_ids":[320],"conf":0.712,"n_frames":4,"first_ts":1790779349002329000,"last_ts":1790779349002329000,"image":"session_2026-09-30_14-10-32_checkpoint_017_photos/session_2026-09-30_14-10-32_checkpoint_017_sign_320.jpg","photo_url":"https://drive.google.com/thumbnail?id=14J0xV6yPVBkzaDsoC49M90nILzXKazKp&sz=w1200","photo_view":"https://drive.google.com/file/d/14J0xV6yPVBkzaDsoC49M90nILzXKazKp/view","label_stats":{"5.15.2":{"detections":3,"mean_conf":0.661,"max_conf":0.712}},"alt":409.06,"session":"2026-09-30_session_2026-09-30_14-10-32","kind":"sign"}},{"type":"Feature","geometry":{"type":"Point","coordinates":[44.8333454,41.6943506]},"properties":{"pole_id":321,"labels":["5.15.2"],"track_ids":[321],"conf":0.728,"n_frames":4,"first_ts":1790779349035673000,"last_ts":1790779349035673000,"image":"session_2026-09-30_14-10-32_checkpoint_017_photos/session_2026-09-30_14-10-32_checkpoint_017_sign_321.jpg","photo_url":"https://drive.google.com/thumbnail?id=1j7fjbQMAl-1lVPyCP2P7uauwgaJYrmT_&sz=w1200","photo_view":"https://drive.google.com/file/d/1j7fjbQMAl-1lVPyCP2P7uauwgaJYrmT_/view","label_stats":{"5.15.2":{"detections":3,"mean_conf":0.668,"max_conf":0.728}},"alt":409.05,"session":"2026-09-30_session_2026-09-30_14-10-32","kind":"sign"}},{"type":"Feature","geometry":{"type":"Point","coordinates":[44.8415452,41.7029771]},"properties":{"pole_id":322,"labels":["5.15.2"],"track_ids":[322],"conf":0.738,"n_frames":4,"first_ts":1790779349069018000,"last_ts":1790779349069018000,"image":"session_2026-09-30_14-10-32_checkpoint_017_photos/session_2026-09-30_14-10-32_checkpoint_017_sign_322.jpg","photo_url":"https://drive.google.com/thumbnail?id=1kbdkxbRYVMURNyK492oLuF7lpmnuJPzo&sz=w1200","photo_view":"https://drive.google.com/file/d/1kbdkxbRYVMURNyK492oLuF7lpmnuJPzo/view","label_stats":{"5.15.2":{"detections":3,"mean_conf":0.668,"max_conf":0.738}},"alt":409.04,"session":"2026-09-30_session_2026-09-30_14-10-32","kind":"sign"}},{"type":"Feature","geometry":{"type":"Point","coordinates":[44.849914,41.710672]},"properties":{"pole_id":323,"labels":["5.15.2"],"track_ids":[323],"conf":0.764,"n_frames":4,"first_ts":1790779349102335000,"last_ts":1790779349102335000,"image":"session_2026-09-30_14-10-32_checkpoint_017_photos/session_2026-09-30_14-10-32_checkpoint_017_sign_323.jpg","photo_url":"https://drive.google.com/thumbnail?id=1UeQevhn4b45OfgbEq_7VgRVhHiwgNX9D&sz=w1200","photo_view":"https://drive.google.com/file/d/1UeQevhn4b45OfgbEq_7VgRVhHiwgNX9D/view","label_stats":{"5.15.2":{"detections":3,"mean_conf":0.708,"max_conf":0.764}},"alt":409.04,"session":"2026-09-30_session_2026-09-30_14-10-32","kind":"sign"}},{"type":"Feature","geometry":{"type":"Point","coordinates":[44.858358,41.7174403]},"properties":{"pole_id":324,"labels":["5.15.2"],"track_ids":[324],"conf":0.768,"n_frames":4,"first_ts":1790779349135681000,"last_ts":1790779349135681000,"image":"session_2026-09-30_14-10-32_checkpoint_017_photos/session_2026-09-30_14-10-32_checkpoint_017_sign_324.jpg","photo_url":"https://drive.google.com/thumbnail?id=1UwHUcQeZXY7EeDZ2w1bjz5hQhYsflUTX&sz=w1200","photo_view":"https://drive.google.com/file/d/1UwHUcQeZXY7EeDZ2w1bjz5hQhYsflUTX/view","label_stats":{"5.15.2":{"detections":3,"mean_conf":0.696,"max_conf":0.768}},"alt":409.02,"session":"2026-09-30_session_2026-09-30_14-10-32","kind":"sign"}},{"type":"Feature","geometry":{"type":"Point","coordinates":[44.8667534,41.7232696]},"properties":{"pole_id":325,"labels":["5.15.2"],"track_ids":[325],"conf":0.754,"n_frames":4,"first_ts":1790779349168998000,"last_ts":1790779349168998000,"image":"session_2026-09-30_14-10-32_checkpoint_017_photos/session_2026-09-30_14-10-32_checkpoint_017_sign_325.jpg","photo_url":"https://drive.google.com/thumbnail?id=1Y8lhqfBMTCsO4ODs2uj6iL2GR6_7BLsm&sz=w1200","photo_view":"https://drive.google.com/file/d/1Y8lhqfBMTCsO4ODs2uj6iL2GR6_7BLsm/view","label_stats":{"5.15.2":{"detections":3,"mean_conf":0.669,"max_conf":0.754}},"alt":409.01,"session":"2026-09-30_session_2026-09-30_14-10-32","kind":"sign"}},{"type":"Feature","geometry":{"type":"Point","coordinates":[44.8750086,41.7281759]},"properties":{"pole_id":326,"labels":["5.15.2"],"track_ids":[326],"conf":0.736,"n_frames":4,"first_ts":1790779349202342000,"last_ts":1790779349202342000,"image":"session_2026-09-30_14-10-32_checkpoint_017_photos/session_2026-09-30_14-10-32_checkpoint_017_sign_326.jpg","photo_url":"https://drive.google.com/thumbnail?id=1Vf6NAcdFBz9goWsRGZ0rbO_pNj1moIlS&sz=w1200","photo_view":"https://drive.google.com/file/d/1Vf6NAcdFBz9goWsRGZ0rbO_pNj1moIlS/view","label_stats":{"5.15.2":{"detections":3,"mean_conf":0.668,"max_conf":0.736}},"alt":409.01,"session":"2026-09-30_session_2026-09-30_14-10-32","kind":"sign"}},{"type":"Feature","geometry":{"type":"Point","coordinates":[44.8830035,41.7321644]},"properties":{"pole_id":327,"labels":["5.15.2"],"track_ids":[327],"conf":0.736,"n_frames":4,"first_ts":1790779349235660000,"last_ts":1790779349235660000,"image":"session_2026-09-30_14-10-32_checkpoint_017_photos/session_2026-09-30_14-10-32_checkpoint_017_sign_327.jpg","photo_url":"https://drive.google.com/thumbnail?id=1o4xS6gG_rUn3JJafV2O-XYzIwaCkc5-m&sz=w1200","photo_view":"https://drive.google.com/file/d/1o4xS6gG_rUn3JJafV2O-XYzIwaCkc5-m/view","label_stats":{"5.15.2":{"detections":3,"mean_conf":0.666,"max_conf":0.736}},"alt":409.0,"session":"2026-09-30_session_2026-09-30_14-10-32","kind":"sign"}},{"type":"Feature","geometry":{"type":"Point","coordinates":[44.8906458,41.7352617]},"properties":{"pole_id":328,"labels":["5.15.2"],"track_ids":[328],"conf":0.697,"n_frames":4,"first_ts":1790779349269005000,"last_ts":1790779349269005000,"image":"session_2026-09-30_14-10-32_checkpoint_017_photos/session_2026-09-30_14-10-32_checkpoint_017_sign_328.jpg","photo_url":"https://drive.google.com/thumbnail?id=1Hkx61QVFSrgvIPG6-q6cEnJGP8uOr7hy&sz=w1200","photo_view":"https://drive.google.com/file/d/1Hkx61QVFSrgvIPG6-q6cEnJGP8uOr7hy/view","label_stats":{"5.15.2":{"detections":3,"mean_conf":0.618,"max_conf":0.697}},"alt":408.99,"session":"2026-09-30_session_2026-09-30_14-10-32","kind":"sign"}},{"type":"Feature","geometry":{"type":"Point","coordinates":[44.8978264,41.7374906]},"properties":{"pole_id":329,"labels":["5.15.2"],"track_ids":[329],"conf":0.646,"n_frames":4,"first_ts":1790779349302349000,"last_ts":1790779349302349000,"image":"session_2026-09-30_14-10-32_checkpoint_017_photos/session_2026-09-30_14-10-32_checkpoint_017_sign_329.jpg","photo_url":"https://drive.google.com/thumbnail?id=11DLPvzpILOHwGWxZDTOGYJ9PzHPwZRn9&sz=w1200","photo_view":"https://drive.google.com/file/d/11DLPvzpILOHwGWxZDTOGYJ9PzHPwZRn9/view","label_stats":{"5.15.2":{"detections":3,"mean_conf":0.592,"max_conf":0.646}},"alt":408.98,"session":"2026-09-30_session_2026-09-30_14-10-32","kind":"sign"}},{"type":"Feature","geometry":{"type":"Point","coordinates":[44.9044421,41.7388838]},"properties":{"pole_id":330,"labels":["5.15.2"],"track_ids":[330],"conf":0.71,"n_frames":4,"first_ts":1790779349335666000,"last_ts":1790779349335666000,"image":"session_2026-09-30_14-10-32_checkpoint_017_photos/session_2026-09-30_14-10-32_checkpoint_017_sign_330.jpg","photo_url":"https://drive.google.com/thumbnail?id=1f4iNucyZ-luofv83gw8p8vo_nwYKgi1M&sz=w1200","photo_view":"https://drive.google.com/file/d/1f4iNucyZ-luofv83gw8p8vo_nwYKgi1M/view","label_stats":{"5.15.2":{"detections":3,"mean_conf":0.663,"max_conf":0.71}},"alt":408.97,"session":"2026-09-30_session_2026-09-30_14-10-32","kind":"sign"}},{"type":"Feature","geometry":{"type":"Point","coordinates":[44.9104093,41.7394828]},"properties":{"pole_id":331,"labels":["5.15.2"],"track_ids":[331],"conf":0.691,"n_frames":4,"first_ts":1790779349369012000,"last_ts":1790779349369012000,"image":"session_2026-09-30_14-10-32_checkpoint_017_photos/session_2026-09-30_14-10-32_checkpoint_017_sign_331.jpg","photo_url":"https://drive.google.com/thumbnail?id=1rTYfShQna3i1OFKmuHZr2Q6sRT9ZDbPq&sz=w1200","photo_view":"https://drive.google.com/file/d/1rTYfShQna3i1OFKmuHZr2Q6sRT9ZDbPq/view","label_stats":{"5.15.2":{"detections":3,"mean_conf":0.61,"max_conf":0.691}},"alt":408.96,"session":"2026-09-30_session_2026-09-30_14-10-32","kind":"sign"}},{"type":"Feature","geometry":{"type":"Point","coordinates":[44.9156287,41.739332]},"properties":{"pole_id":332,"labels":["5.15.2"],"track_ids":[332],"conf":0.682,"n_frames":4,"first_ts":1790779349402330000,"last_ts":1790779349402330000,"image":"session_2026-09-30_14-10-32_checkpoint_017_photos/session_2026-09-30_14-10-32_checkpoint_017_sign_332.jpg","photo_url":"https://drive.google.com/thumbnail?id=1krkZSV-4uIgxZUvMK_hnKK1kOOuJHA9c&sz=w1200","photo_view":"https://drive.google.com/file/d/1krkZSV-4uIgxZUvMK_hnKK1kOOuJHA9c/view","label_stats":{"5.15.2":{"detections":3,"mean_conf":0.612,"max_conf":0.682}},"alt":408.95,"session":"2026-09-30_session_2026-09-30_14-10-32","kind":"sign"}},{"type":"Feature","geometry":{"type":"Point","coordinates":[44.920025,41.7384822]},"properties":{"pole_id":333,"labels":["5.15.2"],"track_ids":[333],"conf":0.705,"n_frames":4,"first_ts":1790779349435673000,"last_ts":1790779349435673000,"image":"session_2026-09-30_14-10-32_checkpoint_017_photos/session_2026-09-30_14-10-32_checkpoint_017_sign_333.jpg","photo_url":"https://drive.google.com/thumbnail?id=1uVMlT2VzTe9ZXtAOwX64fj61FRFhnsu_&sz=w1200","photo_view":"https://drive.google.com/file/d/1uVMlT2VzTe9ZXtAOwX64fj61FRFhnsu_/view","label_stats":{"5.15.2":{"detections":3,"mean_conf":0.613,"max_conf":0.705}},"alt":408.94,"session":"2026-09-30_session_2026-09-30_14-10-32","kind":"sign"}},{"type":"Feature","geometry":{"type":"Point","coordinates":[44.923514,41.7369907]},"properties":{"pole_id":334,"labels":["5.15.2"],"track_ids":[334],"conf":0.694,"n_frames":4,"first_ts":1790779349468992000,"last_ts":1790779349468992000,"image":"session_2026-09-30_14-10-32_checkpoint_017_photos/session_2026-09-30_14-10-32_checkpoint_017_sign_334.jpg","photo_url":"https://drive.google.com/thumbnail?id=1w0UNFqs2TpKeXdMEOf_6FPWRAF9VfhQm&sz=w1200","photo_view":"https://drive.google.com/file/d/1w0UNFqs2TpKeXdMEOf_6FPWRAF9VfhQm/view","label_stats":{"5.15.2":{"detections":3,"mean_conf":0.613,"max_conf":0.694}},"alt":408.93,"session":"2026-09-30_session_2026-09-30_14-10-32","kind":"sign"}},{"type":"Feature","geometry":{"type":"Point","coordinates":[44.9260302,41.7349163]},"properties":{"pole_id":335,"labels":["5.15.2"],"track_ids":[335],"conf":0.745,"n_frames":4,"first_ts":1790779349502335000,"last_ts":1790779349502335000,"image":"session_2026-09-30_14-10-32_checkpoint_017_photos/session_2026-09-30_14-10-32_checkpoint_017_sign_335.jpg","photo_url":"https://drive.google.com/thumbnail?id=1R8-tnRiK8Uz-0-ipnBpAXuik9oeLZcDt&sz=w1200","photo_view":"https://drive.google.com/file/d/1R8-tnRiK8Uz-0-ipnBpAXuik9oeLZcDt/view","label_stats":{"5.15.2":{"detections":3,"mean_conf":0.659,"max_conf":0.745}},"alt":408.92,"session":"2026-09-30_session_2026-09-30_14-10-32","kind":"sign"}},{"type":"Feature","geometry":{"type":"Point","coordinates":[44.9275074,41.732325]},"properties":{"pole_id":336,"labels":["5.15.2"],"track_ids":[336],"conf":0.722,"n_frames":4,"first_ts":1790779349535681000,"last_ts":1790779349535681000,"image":"session_2026-09-30_14-10-32_checkpoint_017_photos/session_2026-09-30_14-10-32_checkpoint_017_sign_336.jpg","photo_url":"https://drive.google.com/thumbnail?id=11EQ0VSkM-dl5YfrMXdbIVMc6XKcA11ca&sz=w1200","photo_view":"https://drive.google.com/file/d/11EQ0VSkM-dl5YfrMXdbIVMc6XKcA11ca/view","label_stats":{"5.15.2":{"detections":3,"mean_conf":0.608,"max_conf":0.722}},"alt":408.91,"session":"2026-09-30_session_2026-09-30_14-10-32","kind":"sign"}},{"type":"Feature","geometry":{"type":"Point","coordinates":[44.9278899,41.7292889]},"properties":{"pole_id":337,"labels":["5.15.2"],"track_ids":[337],"conf":0.686,"n_frames":4,"first_ts":1790779349568998000,"last_ts":1790779349568998000,"image":"session_2026-09-30_14-10-32_checkpoint_017_photos/session_2026-09-30_14-10-32_checkpoint_017_sign_337.jpg","photo_url":"https://drive.google.com/thumbnail?id=1FRXAR3MacIa7eMK2kAuOsDKtAoo8N2mq&sz=w1200","photo_view":"https://drive.google.com/file/d/1FRXAR3MacIa7eMK2kAuOsDKtAoo8N2mq/view","label_stats":{"5.15.2":{"detections":3,"mean_conf":0.618,"max_conf":0.686}},"alt":408.9,"session":"2026-09-30_session_2026-09-30_14-10-32","kind":"sign"}},{"type":"Feature","geometry":{"type":"Point","coordinates":[44.927131,41.7258752]},"properties":{"pole_id":338,"labels":["5.15.2"],"track_ids":[338],"conf":0.646,"n_frames":4,"first_ts":1790779349602343000,"last_ts":1790779349602343000,"image":"session_2026-09-30_14-10-32_checkpoint_017_photos/session_2026-09-30_14-10-32_checkpoint_017_sign_338.jpg","photo_url":"https://drive.google.com/thumbnail?id=1FYa4gQSXWuWnN0Zf5SN_N4npB2D0AVBG&sz=w1200","photo_view":"https://drive.google.com/file/d/1FYa4gQSXWuWnN0Zf5SN_N4npB2D0AVBG/view","label_stats":{"5.15.2":{"detections":3,"mean_conf":0.588,"max_conf":0.646}},"alt":408.89,"session":"2026-09-30_session_2026-09-30_14-10-32","kind":"sign"}},{"type":"Feature","geometry":{"type":"Point","coordinates":[44.9251932,41.7221648]},"properties":{"pole_id":339,"labels":["5.15.2"],"track_ids":[339],"conf":0.715,"n_frames":4,"first_ts":1790779349635661000,"last_ts":1790779349635661000,"image":"session_2026-09-30_14-10-32_checkpoint_017_photos/session_2026-09-30_14-10-32_checkpoint_017_sign_339.jpg","photo_url":"https://drive.google.com/thumbnail?id=1FSbbl1RnkC-0ZlSB7c_EQJ6gaOa7lMvc&sz=w1200","photo_view":"https://drive.google.com/file/d/1FSbbl1RnkC-0ZlSB7c_EQJ6gaOa7lMvc/view","label_stats":{"5.15.2":{"detections":3,"mean_conf":0.623,"max_conf":0.715}},"alt":408.88,"session":"2026-09-30_session_2026-09-30_14-10-32","kind":"sign"}},{"type":"Feature","geometry":{"type":"Point","coordinates":[44.9220437,41.718229]},"properties":{"pole_id":340,"labels":["5.15.2"],"track_ids":[340],"conf":0.7,"n_frames":4,"first_ts":1790779349669005000,"last_ts":1790779349669005000,"image":"session_2026-09-30_14-10-32_checkpoint_017_photos/session_2026-09-30_14-10-32_checkpoint_017_sign_340.jpg","photo_url":"https://drive.google.com/thumbnail?id=1awZDf_6BLjiAGCN_WCw5bPlPavJQ-jjh&sz=w1200","photo_view":"https://drive.google.com/file/d/1awZDf_6BLjiAGCN_WCw5bPlPavJQ-jjh/view","label_stats":{"5.15.2":{"detections":3,"mean_conf":0.635,"max_conf":0.7}},"alt":408.87,"session":"2026-09-30_session_2026-09-30_14-10-32","kind":"sign"}},{"type":"Feature","geometry":{"type":"Point","coordinates":[44.9176666,41.7141524]},"properties":{"pole_id":341,"labels":["5.15.2"],"track_ids":[341],"conf":0.732,"n_frames":4,"first_ts":1790779349702323000,"last_ts":1790779349702323000,"image":"session_2026-09-30_14-10-32_checkpoint_017_photos/session_2026-09-30_14-10-32_checkpoint_017_sign_341.jpg","photo_url":"https://drive.google.com/thumbnail?id=1oLwYbve-2konuVUXaKSnx_qhfNoZYzHC&sz=w1200","photo_view":"https://drive.google.com/file/d/1oLwYbve-2konuVUXaKSnx_qhfNoZYzHC/view","label_stats":{"5.15.2":{"detections":3,"mean_conf":0.638,"max_conf":0.732}},"alt":408.86,"session":"2026-09-30_session_2026-09-30_14-10-32","kind":"sign"}},{"type":"Feature","geometry":{"type":"Point","coordinates":[44.912043,41.7100093]},"properties":{"pole_id":342,"labels":["5.15.2"],"track_ids":[342],"conf":0.763,"n_frames":4,"first_ts":1790779349735668000,"last_ts":1790779349735668000,"image":"session_2026-09-30_14-10-32_checkpoint_017_photos/session_2026-09-30_14-10-32_checkpoint_017_sign_342.jpg","photo_url":"https://drive.google.com/thumbnail?id=1_yVAjXh1-DpNTgfcLyEwyuh_VsL8_rce&sz=w1200","photo_view":"https://drive.google.com/file/d/1_yVAjXh1-DpNTgfcLyEwyuh_VsL8_rce/view","label_stats":{"5.15.2":{"detections":3,"mean_conf":0.671,"max_conf":0.763}},"alt":408.85,"session":"2026-09-30_session_2026-09-30_14-10-32","kind":"sign"}},{"type":"Feature","geometry":{"type":"Point","coordinates":[44.9051739,41.7058842]},"properties":{"pole_id":343,"labels":["5.15.2"],"track_ids":[343],"conf":0.794,"n_frames":4,"first_ts":1790779349769012000,"last_ts":1790779349769012000,"image":"session_2026-09-30_14-10-32_checkpoint_017_photos/session_2026-09-30_14-10-32_checkpoint_017_sign_343.jpg","photo_url":"https://drive.google.com/thumbnail?id=1pzpu9wd3xDfGk1ZXbEeQ-KCxTPRsRnH_&sz=w1200","photo_view":"https://drive.google.com/file/d/1pzpu9wd3xDfGk1ZXbEeQ-KCxTPRsRnH_/view","label_stats":{"5.15.2":{"detections":3,"mean_conf":0.678,"max_conf":0.794}},"alt":408.85,"session":"2026-09-30_session_2026-09-30_14-10-32","kind":"sign"}},{"type":"Feature","geometry":{"type":"Point","coordinates":[44.8970732,41.7018593]},"properties":{"pole_id":344,"labels":["5.15.2"],"track_ids":[344],"conf":0.694,"n_frames":4,"first_ts":1790779349802329000,"last_ts":1790779349802329000,"image":"session_2026-09-30_14-10-32_checkpoint_017_photos/session_2026-09-30_14-10-32_checkpoint_017_sign_344.jpg","photo_url":"https://drive.google.com/thumbnail?id=1aDxNRxk6wHSwibeyTj_7ezYvuaezZOZ9&sz=w1200","photo_view":"https://drive.google.com/file/d/1aDxNRxk6wHSwibeyTj_7ezYvuaezZOZ9/view","label_stats":{"5.15.2":{"detections":3,"mean_conf":0.623,"max_conf":0.694}},"alt":408.84,"session":"2026-09-30_session_2026-09-30_14-10-32","kind":"sign"}},{"type":"Feature","geometry":{"type":"Point","coordinates":[44.8877434,41.6980079]},"properties":{"pole_id":345,"labels":["5.15.2"],"track_ids":[345],"conf":0.71,"n_frames":4,"first_ts":1790779349835673000,"last_ts":1790779349835673000,"image":"session_2026-09-30_14-10-32_checkpoint_017_photos/session_2026-09-30_14-10-32_checkpoint_017_sign_345.jpg","photo_url":"https://drive.google.com/thumbnail?id=1vvAtVO4gUWvE64qnjlB_WUpCcEe22jef&sz=w1200","photo_view":"https://drive.google.com/file/d/1vvAtVO4gUWvE64qnjlB_WUpCcEe22jef/view","label_stats":{"5.15.2":{"detections":3,"mean_conf":0.637,"max_conf":0.71}},"alt":408.82,"session":"2026-09-30_session_2026-09-30_14-10-32","kind":"sign"}},{"type":"Feature","geometry":{"type":"Point","coordinates":[44.8772249,41.6944144]},"properties":{"pole_id":346,"labels":["5.15.2"],"track_ids":[346],"conf":0.698,"n_frames":4,"first_ts":1790779349868991000,"last_ts":1790779349868991000,"image":"session_2026-09-30_14-10-32_checkpoint_017_photos/session_2026-09-30_14-10-32_checkpoint_017_sign_346.jpg","photo_url":"https://drive.google.com/thumbnail?id=1CeV9Wz1zyDuHJvzgtygU8BqCHkuhG-Ko&sz=w1200","photo_view":"https://drive.google.com/file/d/1CeV9Wz1zyDuHJvzgtygU8BqCHkuhG-Ko/view","label_stats":{"5.15.2":{"detections":3,"mean_conf":0.638,"max_conf":0.698}},"alt":408.81,"session":"2026-09-30_session_2026-09-30_14-10-32","kind":"sign"}},{"type":"Feature","geometry":{"type":"Point","coordinates":[44.8655344,41.6911492]},"properties":{"pole_id":347,"labels":["5.15.2"],"track_ids":[347],"conf":0.741,"n_frames":4,"first_ts":1790779349902337000,"last_ts":1790779349902337000,"image":"session_2026-09-30_14-10-32_checkpoint_017_photos/session_2026-09-30_14-10-32_checkpoint_017_sign_347.jpg","photo_url":"https://drive.google.com/thumbnail?id=1koj-C7Cg7xR3XUh3Smeb13BY4qNEJ6Gq&sz=w1200","photo_view":"https://drive.google.com/file/d/1koj-C7Cg7xR3XUh3Smeb13BY4qNEJ6Gq/view","label_stats":{"5.15.2":{"detections":3,"mean_conf":0.667,"max_conf":0.741}},"alt":408.8,"session":"2026-09-30_session_2026-09-30_14-10-32","kind":"sign"}},{"type":"Feature","geometry":{"type":"Point","coordinates":[44.8527235,41.6882893]},"properties":{"pole_id":348,"labels":["5.15.2"],"track_ids":[348],"conf":0.741,"n_frames":4,"first_ts":1790779349935681000,"last_ts":1790779349935681000,"image":"session_2026-09-30_14-10-32_checkpoint_017_photos/session_2026-09-30_14-10-32_checkpoint_017_sign_348.jpg","photo_url":"https://drive.google.com/thumbnail?id=1O70HpwtY5drMA_vUYjjsLCRAeSnj8Soj&sz=w1200","photo_view":"https://drive.google.com/file/d/1O70HpwtY5drMA_vUYjjsLCRAeSnj8Soj/view","label_stats":{"5.15.2":{"detections":3,"mean_conf":0.664,"max_conf":0.741}},"alt":408.79,"session":"2026-09-30_session_2026-09-30_14-10-32","kind":"sign"}},{"type":"Feature","geometry":{"type":"Point","coordinates":[44.8388542,41.685907]},"properties":{"pole_id":349,"labels":["5.15.2"],"track_ids":[349],"conf":0.723,"n_frames":4,"first_ts":1790779349968998000,"last_ts":1790779349968998000,"image":"session_2026-09-30_14-10-32_checkpoint_017_photos/session_2026-09-30_14-10-32_checkpoint_017_sign_349.jpg","photo_url":"https://drive.google.com/thumbnail?id=1aP9Q-Kl0HnH5GeXblQlfgl6A6gL9ed9a&sz=w1200","photo_view":"https://drive.google.com/file/d/1aP9Q-Kl0HnH5GeXblQlfgl6A6gL9ed9a/view","label_stats":{"5.15.2":{"detections":3,"mean_conf":0.637,"max_conf":0.723}},"alt":408.78,"session":"2026-09-30_session_2026-09-30_14-10-32","kind":"sign"}},{"type":"Feature","geometry":{"type":"Point","coordinates":[44.8250588,41.6841406]},"properties":{"pole_id":350,"labels":["5.15.2","2.1"],"track_ids":[350],"conf":0.88,"n_frames":72,"first_ts":1790779350002343000,"last_ts":1790779355002309000,"image":"session_2026-09-30_14-10-32_checkpoint_017_photos/session_2026-09-30_14-10-32_checkpoint_017_sign_350.jpg","photo_url":"https://drive.google.com/thumbnail?id=19RkOBpXh3n5EU58W_0o3K19ZyJhbMbkG&sz=w1200","photo_view":"https://drive.google.com/file/d/19RkOBpXh3n5EU58W_0o3K19ZyJhbMbkG/view","label_stats":{"2.1":{"detections":151,"mean_conf":0.883,"max_conf":0.946},"5.15.2":{"detections":447,"mean_conf":0.692,"max_conf":0.925}},"alt":408.11,"session":"2026-09-30_session_2026-09-30_14-10-32","kind":"sign"}},{"type":"Feature","geometry":{"type":"Point","coordinates":[44.825078,41.6841072]},"properties":{"pole_id":351,"labels":["5.15.2"],"track_ids":[351],"conf":0.883,"n_frames":83,"first_ts":1790779350002343000,"last_ts":1790779356002296000,"image":"session_2026-09-30_14-10-32_checkpoint_017_photos/session_2026-09-30_14-10-32_checkpoint_017_sign_351.jpg","photo_url":"https://drive.google.com/thumbnail?id=1ZloIeD3pHn362kQ27QcnDxqYCXhR6Xel&sz=w1200","photo_view":"https://drive.google.com/file/d/1ZloIeD3pHn362kQ27QcnDxqYCXhR6Xel/view","label_stats":{"5.15.2":{"detections":480,"mean_conf":0.689,"max_conf":0.925}},"alt":408.04,"session":"2026-09-30_session_2026-09-30_14-10-32","kind":"sign"}},{"type":"Feature","geometry":{"type":"Point","coordinates":[44.8251028,41.684132]},"properties":{"pole_id":352,"labels":["5.15.2","4.2.1"],"track_ids":[352],"conf":0.721,"n_frames":13,"first_ts":1790779350002343000,"last_ts":1790779357368940000,"image":"session_2026-09-30_14-10-32_checkpoint_017_photos/session_2026-09-30_14-10-32_checkpoint_017_sign_352.jpg","photo_url":"https://drive.google.com/thumbnail?id=19624ctdSkp8owyY1bqTQP61-V42ZegAH&sz=w1200","photo_view":"https://drive.google.com/file/d/19624ctdSkp8owyY1bqTQP61-V42ZegAH/view","label_stats":{"4.2.1":{"detections":379,"mean_conf":0.892,"max_conf":0.947},"5.15.2":{"detections":480,"mean_conf":0.689,"max_conf":0.925}},"alt":408.75,"session":"2026-09-30_session_2026-09-30_14-10-32","kind":"sign"}},{"type":"Feature","geometry":{"type":"Point","coordinates":[44.8250275,41.6841758]},"properties":{"pole_id":353,"labels":["5.15.2","2.1"],"track_ids":[353],"conf":0.746,"n_frames":9,"first_ts":1790779350002343000,"last_ts":1790779355002309000,"image":"session_2026-09-30_14-10-32_checkpoint_017_photos/session_2026-09-30_14-10-32_checkpoint_017_sign_353.jpg","photo_url":"https://drive.google.com/thumbnail?id=1uujPMsf7JZakglDdVT8Z1P94df6-Nff6&sz=w1200","photo_view":"https://drive.google.com/file/d/1uujPMsf7JZakglDdVT8Z1P94df6-Nff6/view","label_stats":{"2.1":{"detections":151,"mean_conf":0.883,"max_conf":0.946},"5.15.2":{"detections":447,"mean_conf":0.692,"max_conf":0.925}},"alt":408.2,"session":"2026-09-30_session_2026-09-30_14-10-32","kind":"sign"}},{"type":"Feature","geometry":{"type":"Point","coordinates":[44.8251274,41.6840983]},"properties":{"pole_id":354,"labels":["5.15.2","4.2.1"],"track_ids":[354],"conf":0.915,"n_frames":37,"first_ts":1790779350035661000,"last_ts":1790779355035625000,"image":"session_2026-09-30_14-10-32_checkpoint_017_photos/session_2026-09-30_14-10-32_checkpoint_017_sign_354.jpg","photo_url":"https://drive.google.com/thumbnail?id=1dWh0HZ6N9sqMnUzQ8rzqBK6kvuCgL80m&sz=w1200","photo_view":"https://drive.google.com/file/d/1dWh0HZ6N9sqMnUzQ8rzqBK6kvuCgL80m/view","label_stats":{"4.2.1":{"detections":302,"mean_conf":0.907,"max_conf":0.937},"5.15.2":{"detections":447,"mean_conf":0.693,"max_conf":0.925}},"alt":408.75,"session":"2026-09-30_session_2026-09-30_14-10-32","kind":"sign"}},{"type":"Feature","geometry":{"type":"Point","coordinates":[44.8251446,41.6840568]},"properties":{"pole_id":355,"labels":["4.2.1"],"track_ids":[355],"conf":0.934,"n_frames":32,"first_ts":1790779350069006000,"last_ts":1790779355035625000,"image":"session_2026-09-30_14-10-32_checkpoint_017_photos/session_2026-09-30_14-10-32_checkpoint_017_sign_355.jpg","photo_url":"https://drive.google.com/thumbnail?id=13xk0M3ywLFUWjvaWvZqhflz0EOGpS1n_&sz=w1200","photo_view":"https://drive.google.com/file/d/13xk0M3ywLFUWjvaWvZqhflz0EOGpS1n_/view","label_stats":{"4.2.1":{"detections":300,"mean_conf":0.907,"max_conf":0.937}},"alt":415.44,"session":"2026-09-30_session_2026-09-30_14-10-32","kind":"sign"}},{"type":"Feature","geometry":{"type":"Point","coordinates":[44.8251648,41.68409]},"properties":{"pole_id":356,"labels":["5.15.2","4.2.1"],"track_ids":[356],"conf":0.744,"n_frames":13,"first_ts":1790779350069006000,"last_ts":1790779354968964000,"image":"session_2026-09-30_14-10-32_checkpoint_017_photos/session_2026-09-30_14-10-32_checkpoint_017_sign_356.jpg","photo_url":"https://drive.google.com/thumbnail?id=13GCEbwvsoL3OinQs2p_ASZwPbgD7qB_0&sz=w1200","photo_view":"https://drive.google.com/file/d/13GCEbwvsoL3OinQs2p_ASZwPbgD7qB_0/view","label_stats":{"4.2.1":{"detections":296,"mean_conf":0.906,"max_conf":0.937},"5.15.2":{"detections":439,"mean_conf":0.692,"max_conf":0.925}},"alt":408.74,"session":"2026-09-30_session_2026-09-30_14-10-32","kind":"sign"}},{"type":"Feature","geometry":{"type":"Point","coordinates":[44.8251969,41.6840644]},"properties":{"pole_id":357,"labels":["5.15.2","2.1"],"track_ids":[357],"conf":0.92,"n_frames":28,"first_ts":1790779350102324000,"last_ts":1790779354902300000,"image":"session_2026-09-30_14-10-32_checkpoint_017_photos/session_2026-09-30_14-10-32_checkpoint_017_sign_357.jpg","photo_url":"https://drive.google.com/thumbnail?id=140dt2WxGYYAMZMfATjacl96fTuKBBZJV&sz=w1200","photo_view":"https://drive.google.com/file/d/140dt2WxGYYAMZMfATjacl96fTuKBBZJV/view","label_stats":{"2.1":{"detections":145,"mean_conf":0.883,"max_conf":0.946},"5.15.2":{"detections":430,"mean_conf":0.691,"max_conf":0.925}},"alt":408.63,"session":"2026-09-30_session_2026-09-30_14-10-32","kind":"sign"}},{"type":"Feature","geometry":{"type":"Point","coordinates":[44.8251748,41.6840384]},"properties":{"pole_id":358,"labels":["4.2.1","5.15.2"],"track_ids":[358],"conf":0.937,"n_frames":13,"first_ts":1790779350135667000,"last_ts":1790779355968952000,"image":"session_2026-09-30_14-10-32_checkpoint_017_photos/session_2026-09-30_14-10-32_checkpoint_017_sign_358.jpg","photo_url":"https://drive.google.com/thumbnail?id=1juVyzkQEPMLnXBrgxuGrEtLggvFLNa1w&sz=w1200","photo_view":"https://drive.google.com/file/d/1juVyzkQEPMLnXBrgxuGrEtLggvFLNa1w/view","label_stats":{"4.2.1":{"detections":331,"mean_conf":0.898,"max_conf":0.937},"5.15.2":{"detections":468,"mean_conf":0.69,"max_conf":0.925}},"alt":413.01,"session":"2026-09-30_session_2026-09-30_14-10-32","kind":"sign"}},{"type":"Feature","geometry":{"type":"Point","coordinates":[44.8252336,41.6840389]},"properties":{"pole_id":359,"labels":["5.15.2","2.1"],"track_ids":[359],"conf":0.876,"n_frames":31,"first_ts":1790779350135667000,"last_ts":1790779354935617000,"image":"session_2026-09-30_14-10-32_checkpoint_017_photos/session_2026-09-30_14-10-32_checkpoint_017_sign_359.jpg","photo_url":"https://drive.google.com/thumbnail?id=1GLNpaArQE6dRlWRViNyXZH04_dl3_Q6O&sz=w1200","photo_view":"https://drive.google.com/file/d/1GLNpaArQE6dRlWRViNyXZH04_dl3_Q6O/view","label_stats":{"2.1":{"detections":145,"mean_conf":0.884,"max_conf":0.946},"5.15.2":{"detections":430,"mean_conf":0.692,"max_conf":0.925}},"alt":408.65,"session":"2026-09-30_session_2026-09-30_14-10-32","kind":"sign"}},{"type":"Feature","geometry":{"type":"Point","coordinates":[44.8252174,41.6839956]},"properties":{"pole_id":360,"labels":["5.15.2","4.2.1"],"track_ids":[360],"conf":0.849,"n_frames":16,"first_ts":1790779350169012000,"last_ts":1790779355068971000,"image":"session_2026-09-30_14-10-32_checkpoint_017_photos/session_2026-09-30_14-10-32_checkpoint_017_sign_360.jpg","photo_url":"https://drive.google.com/thumbnail?id=1aKLOWbg1Jz9M3DsLy1CQVfZYkMkjsIrl&sz=w1200","photo_view":"https://drive.google.com/file/d/1aKLOWbg1Jz9M3DsLy1CQVfZYkMkjsIrl/view","label_stats":{"4.2.1":{"detections":296,"mean_conf":0.906,"max_conf":0.937},"5.15.2":{"detections":438,"mean_conf":0.694,"max_conf":0.925}},"alt":408.52,"session":"2026-09-30_session_2026-09-30_14-10-32","kind":"sign"}},{"type":"Feature","geometry":{"type":"Point","coordinates":[44.8252722,41.6840067]},"properties":{"pole_id":361,"labels":["5.15.2","4.2.1"],"track_ids":[361],"conf":0.92,"n_frames":69,"first_ts":1790779350202330000,"last_ts":1790779354902300000,"image":"session_2026-09-30_14-10-32_checkpoint_017_photos/session_2026-09-30_14-10-32_checkpoint_017_sign_361.jpg","photo_url":"https://drive.google.com/thumbnail?id=1nUm4xZ0Y9epPWCVeH5XPmZkhfpN0C-Ma&sz=w1200","photo_view":"https://drive.google.com/file/d/1nUm4xZ0Y9epPWCVeH5XPmZkhfpN0C-Ma/view","label_stats":{"4.2.1":{"detections":284,"mean_conf":0.907,"max_conf":0.931},"5.15.2":{"detections":421,"mean_conf":0.692,"max_conf":0.925}},"alt":408.7,"session":"2026-09-30_session_2026-09-30_14-10-32","kind":"sign"}},{"type":"Feature","geometry":{"type":"Point","coordinates":[44.8252971,41.6839618]},"properties":{"pole_id":362,"labels":["4.2.1"],"track_ids":[362],"conf":0.925,"n_frames":9,"first_ts":1790779350268993000,"last_ts":1790779355068971000,"image":"session_2026-09-30_14-10-32_checkpoint_017_photos/session_2026-09-30_14-10-32_checkpoint_017_sign_362.jpg","photo_url":"https://drive.google.com/thumbnail?id=1sj-pZxmfnExvff71CkzRW7l1N_G40rzc&sz=w1200","photo_view":"https://drive.google.com/file/d/1sj-pZxmfnExvff71CkzRW7l1N_G40rzc/view","label_stats":{"4.2.1":{"detections":290,"mean_conf":0.906,"max_conf":0.937}},"alt":413.13,"session":"2026-09-30_session_2026-09-30_14-10-32","kind":"sign"}},{"type":"Feature","geometry":{"type":"Point","coordinates":[44.8253324,41.6839849]},"properties":{"pole_id":363,"labels":["4.2.1","5.15.2"],"track_ids":[363],"conf":0.899,"n_frames":13,"first_ts":1790779350302337000,"last_ts":1790779354868957000,"image":"session_2026-09-30_14-10-32_checkpoint_017_photos/session_2026-09-30_14-10-32_checkpoint_017_sign_363.jpg","photo_url":"https://drive.google.com/thumbnail?id=1MKX_YBtUywhiFWlqFVvMpzHBWDTtYLtt&sz=w1200","photo_view":"https://drive.google.com/file/d/1MKX_YBtUywhiFWlqFVvMpzHBWDTtYLtt/view","label_stats":{"4.2.1":{"detections":276,"mean_conf":0.906,"max_conf":0.931},"5.15.2":{"detections":409,"mean_conf":0.69,"max_conf":0.925}},"alt":415.17,"session":"2026-09-30_session_2026-09-30_14-10-32","kind":"sign"}},{"type":"Feature","geometry":{"type":"Point","coordinates":[44.8253255,41.6839386]},"properties":{"pole_id":364,"labels":["4.2.1"],"track_ids":[364],"conf":0.931,"n_frames":10,"first_ts":1790779350368999000,"last_ts":1790779354835639000,"image":"session_2026-09-30_14-10-32_checkpoint_017_photos/session_2026-09-30_14-10-32_checkpoint_017_sign_364.jpg","photo_url":"https://drive.google.com/thumbnail?id=1gyWOFc0ZeQMEZVqZ0dSXjpWXJj2k1uQw&sz=w1200","photo_view":"https://drive.google.com/file/d/1gyWOFc0ZeQMEZVqZ0dSXjpWXJj2k1uQw/view","label_stats":{"4.2.1":{"detections":270,"mean_conf":0.906,"max_conf":0.931}},"alt":413.11,"session":"2026-09-30_session_2026-09-30_14-10-32","kind":"sign"}},{"type":"Feature","geometry":{"type":"Point","coordinates":[44.8253631,41.6839644]},"properties":{"pole_id":365,"labels":["4.2.1","5.15.2"],"track_ids":[365],"conf":0.925,"n_frames":20,"first_ts":1790779350368999000,"last_ts":1790779354835639000,"image":"session_2026-09-30_14-10-32_checkpoint_017_photos/session_2026-09-30_14-10-32_checkpoint_017_sign_365.jpg","photo_url":"https://drive.google.com/thumbnail?id=1jkBwtgvaf_APm8KxRMeMa2WLRNDHs6EL&sz=w1200","photo_view":"https://drive.google.com/file/d/1jkBwtgvaf_APm8KxRMeMa2WLRNDHs6EL/view","label_stats":{"4.2.1":{"detections":270,"mean_conf":0.906,"max_conf":0.931},"5.15.2":{"detections":400,"mean_conf":0.69,"max_conf":0.925}},"alt":415.77,"session":"2026-09-30_session_2026-09-30_14-10-32","kind":"sign"}},{"type":"Feature","geometry":{"type":"Point","coordinates":[44.8252834,41.6839335]},"properties":{"pole_id":366,"labels":["5.15.2","4.2.1","2.1"],"track_ids":[366],"conf":0.857,"n_frames":10,"first_ts":1790779351102337000,"last_ts":1790779355102288000,"image":"session_2026-09-30_14-10-32_checkpoint_017_photos/session_2026-09-30_14-10-32_checkpoint_017_sign_366.jpg","photo_url":"https://drive.google.com/thumbnail?id=1IrfCXfG0DU71DdTw3WZz1Dov1cqDvz69&sz=w1200","photo_view":"https://drive.google.com/file/d/1IrfCXfG0DU71DdTw3WZz1Dov1cqDvz69/view","label_stats":{"2.1":{"detections":121,"mean_conf":0.888,"max_conf":0.946},"4.2.1":{"detections":242,"mean_conf":0.905,"max_conf":0.937},"5.15.2":{"detections":358,"mean_conf":0.705,"max_conf":0.925}},"alt":408.37,"session":"2026-09-30_session_2026-09-30_14-10-32","kind":"sign"}},{"type":"Feature","geometry":{"type":"Point","coordinates":[44.8253212,41.6838761]},"properties":{"pole_id":367,"labels":["4.2.1","5.15.2"],"track_ids":[367],"conf":0.914,"n_frames":8,"first_ts":1790779351135656000,"last_ts":1790779355902288000,"image":"session_2026-09-30_14-10-32_checkpoint_017_photos/session_2026-09-30_14-10-32_checkpoint_017_sign_367.jpg","photo_url":"https://drive.google.com/thumbnail?id=1WHmhYa326uxxx1YRWpy0iwID0EpUQsql&sz=w1200","photo_view":"https://drive.google.com/file/d/1WHmhYa326uxxx1YRWpy0iwID0EpUQsql/view","label_stats":{"4.2.1":{"detections":269,"mean_conf":0.896,"max_conf":0.937},"5.15.2":{"detections":379,"mean_conf":0.698,"max_conf":0.925}},"alt":410.61,"session":"2026-09-30_session_2026-09-30_14-10-32","kind":"sign"}},{"type":"Feature","geometry":{"type":"Point","coordinates":[44.8252547,41.6839479]},"properties":{"pole_id":368,"labels":["5.15.2"],"track_ids":[368],"conf":0.757,"n_frames":8,"first_ts":1790779351135656000,"last_ts":1790779355935634000,"image":"session_2026-09-30_14-10-32_checkpoint_017_photos/session_2026-09-30_14-10-32_checkpoint_017_sign_368.jpg","photo_url":"https://drive.google.com/thumbnail?id=1BbKYg_APDSb8ylwvkMJFyGlZYDDdwdhD&sz=w1200","photo_view":"https://drive.google.com/file/d/1BbKYg_APDSb8ylwvkMJFyGlZYDDdwdhD/view","label_stats":{"5.15.2":{"detections":379,"mean_conf":0.698,"max_conf":0.925}},"alt":408.25,"session":"2026-09-30_session_2026-09-30_14-10-32","kind":"sign"}},{"type":"Feature","geometry":{"type":"Point","coordinates":[44.8253061,41.6839051]},"properties":{"pole_id":369,"labels":["5.15.2"],"track_ids":[369],"conf":0.772,"n_frames":6,"first_ts":1790779351135656000,"last_ts":1790779351835649000,"image":"session_2026-09-30_14-10-32_checkpoint_017_photos/session_2026-09-30_14-10-32_checkpoint_017_sign_369.jpg","photo_url":"https://drive.google.com/thumbnail?id=1pLqbwrRi5iwNhq35CXfev85OJi7ywkDa&sz=w1200","photo_view":"https://drive.google.com/file/d/1pLqbwrRi5iwNhq35CXfev85OJi7ywkDa/view","label_stats":{"5.15.2":{"detections":66,"mean_conf":0.672,"max_conf":0.835}},"alt":408.49,"session":"2026-09-30_session_2026-09-30_14-10-32","kind":"sign"}},{"type":"Feature","geometry":{"type":"Point","coordinates":[44.8253577,41.6838629]},"properties":{"pole_id":370,"labels":["5.15.2","4.2.1","2.1"],"track_ids":[370],"conf":0.82,"n_frames":15,"first_ts":1790779351169000000,"last_ts":1790779355135633000,"image":"session_2026-09-30_14-10-32_checkpoint_017_photos/session_2026-09-30_14-10-32_checkpoint_017_sign_370.jpg","photo_url":"https://drive.google.com/thumbnail?id=1z4Es7ftivbAL_C_XPQIMUN-WZrMRFjIa&sz=w1200","photo_view":"https://drive.google.com/file/d/1z4Es7ftivbAL_C_XPQIMUN-WZrMRFjIa/view","label_stats":{"2.1":{"detections":120,"mean_conf":0.888,"max_conf":0.946},"4.2.1":{"detections":240,"mean_conf":0.904,"max_conf":0.937},"5.15.2":{"detections":355,"mean_conf":0.706,"max_conf":0.925}},"alt":408.49,"session":"2026-09-30_session_2026-09-30_14-10-32","kind":"sign"}},{"type":"Feature","geometry":{"type":"Point","coordinates":[44.8254136,41.6838026]},"properties":{"pole_id":371,"labels":["5.15.2","4.2.1"],"track_ids":[371],"conf":0.786,"n_frames":17,"first_ts":1790779351202317000,"last_ts":1790779355868944000,"image":"session_2026-09-30_14-10-32_checkpoint_017_photos/session_2026-09-30_14-10-32_checkpoint_017_sign_371.jpg","photo_url":"https://drive.google.com/thumbnail?id=1lM80TqS3Wmey66hjeBds737nzhZaRpYd&sz=w1200","photo_view":"https://drive.google.com/file/d/1lM80TqS3Wmey66hjeBds737nzhZaRpYd/view","label_stats":{"4.2.1":{"detections":264,"mean_conf":0.896,"max_conf":0.937},"5.15.2":{"detections":373,"mean_conf":0.699,"max_conf":0.925}},"alt":408.49,"session":"2026-09-30_session_2026-09-30_14-10-32","kind":"sign"}},{"type":"Feature","geometry":{"type":"Point","coordinates":[44.8254329,41.6837722]},"properties":{"pole_id":372,"labels":["5.15.2","2.1"],"track_ids":[372],"conf":0.782,"n_frames":17,"first_ts":1790779351235663000,"last_ts":1790779353035650000,"image":"session_2026-09-30_14-10-32_checkpoint_017_photos/session_2026-09-30_14-10-32_checkpoint_017_sign_372.jpg","photo_url":"https://drive.google.com/thumbnail?id=1btK1EPoBGBDO019JN45c1DzMdUaCOOjb&sz=w1200","photo_view":"https://drive.google.com/file/d/1btK1EPoBGBDO019JN45c1DzMdUaCOOjb/view","label_stats":{"2.1":{"detections":55,"mean_conf":0.879,"max_conf":0.91},"5.15.2":{"detections":164,"mean_conf":0.663,"max_conf":0.835}},"alt":408.3,"session":"2026-09-30_session_2026-09-30_14-10-32","kind":"sign"}},{"type":"Feature","geometry":{"type":"Point","coordinates":[44.825376,41.6838313]},"properties":{"pole_id":373,"labels":["5.15.2"],"track_ids":[373],"conf":0.759,"n_frames":6,"first_ts":1790779351235663000,"last_ts":1790779351768987000,"image":"session_2026-09-30_14-10-32_checkpoint_017_photos/session_2026-09-30_14-10-32_checkpoint_017_sign_373.jpg","photo_url":"https://drive.google.com/thumbnail?id=16gsaR7dmHmpGqR6pNOQ4ouH0aflJJ5Nf&sz=w1200","photo_view":"https://drive.google.com/file/d/16gsaR7dmHmpGqR6pNOQ4ouH0aflJJ5Nf/view","label_stats":{"5.15.2":{"detections":51,"mean_conf":0.674,"max_conf":0.835}},"alt":408.37,"session":"2026-09-30_session_2026-09-30_14-10-32","kind":"sign"}},{"type":"Feature","geometry":{"type":"Point","coordinates":[44.825464,41.6837396]},"properties":{"pole_id":374,"labels":["5.15.2","4.2.1"],"track_ids":[374],"conf":0.816,"n_frames":19,"first_ts":1790779351268980000,"last_ts":1790779355835626000,"image":"session_2026-09-30_14-10-32_checkpoint_017_photos/session_2026-09-30_14-10-32_checkpoint_017_sign_374.jpg","photo_url":"https://drive.google.com/thumbnail?id=1Za5S2fmAmWzOjm1iCB3mMMu5FcY9XCmU&sz=w1200","photo_view":"https://drive.google.com/file/d/1Za5S2fmAmWzOjm1iCB3mMMu5FcY9XCmU/view","label_stats":{"4.2.1":{"detections":259,"mean_conf":0.896,"max_conf":0.937},"5.15.2":{"detections":367,"mean_conf":0.7,"max_conf":0.925}},"alt":408.43,"session":"2026-09-30_session_2026-09-30_14-10-32","kind":"sign"}},{"type":"Feature","geometry":{"type":"Point","coordinates":[44.8254973,41.68371]},"properties":{"pole_id":375,"labels":["5.15.2","4.2.1"],"track_ids":[375],"conf":0.835,"n_frames":33,"first_ts":1790779351302325000,"last_ts":1790779353035650000,"image":"session_2026-09-30_14-10-32_checkpoint_017_photos/session_2026-09-30_14-10-32_checkpoint_017_sign_375.jpg","photo_url":"https://drive.google.com/thumbnail?id=1SUAKx1_Q5_WYGsUtE6i6zmEEPwC8D8HI&sz=w1200","photo_view":"https://drive.google.com/file/d/1SUAKx1_Q5_WYGsUtE6i6zmEEPwC8D8HI/view","label_stats":{"4.2.1":{"detections":106,"mean_conf":0.909,"max_conf":0.93},"5.15.2":{"detections":158,"mean_conf":0.663,"max_conf":0.835}},"alt":408.39,"session":"2026-09-30_session_2026-09-30_14-10-32","kind":"sign"}},{"type":"Feature","geometry":{"type":"Point","coordinates":[44.8255415,41.6836942]},"properties":{"pole_id":376,"labels":["4.2.1","5.15.2"],"track_ids":[376],"conf":0.905,"n_frames":11,"first_ts":1790779351335668000,"last_ts":1790779355235639000,"image":"session_2026-09-30_14-10-32_checkpoint_017_photos/session_2026-09-30_14-10-32_checkpoint_017_sign_376.jpg","photo_url":"https://drive.google.com/thumbnail?id=1xdq6FSU3x3-PQ-hpPrWuBHSSPdqcObQr&sz=w1200","photo_view":"https://drive.google.com/file/d/1xdq6FSU3x3-PQ-hpPrWuBHSSPdqcObQr/view","label_stats":{"4.2.1":{"detections":236,"mean_conf":0.898,"max_conf":0.937},"5.15.2":{"detections":347,"mean_conf":0.708,"max_conf":0.925}},"alt":410.32,"session":"2026-09-30_session_2026-09-30_14-10-32","kind":"sign"}},{"type":"Feature","geometry":{"type":"Point","coordinates":[44.8255179,41.6836598]},"properties":{"pole_id":377,"labels":["4.2.1"],"track_ids":[377],"conf":0.93,"n_frames":5,"first_ts":1790779351368987000,"last_ts":1790779355802282000,"image":"session_2026-09-30_14-10-32_checkpoint_017_photos/session_2026-09-30_14-10-32_checkpoint_017_sign_377.jpg","photo_url":"https://drive.google.com/thumbnail?id=1aJG1ZsN1NPqqocQMej5gnpYVxtNw1TDQ&sz=w1200","photo_view":"https://drive.google.com/file/d/1aJG1ZsN1NPqqocQMej5gnpYVxtNw1TDQ/view","label_stats":{"4.2.1":{"detections":252,"mean_conf":0.896,"max_conf":0.937}},"alt":412.84,"session":"2026-09-30_session_2026-09-30_14-10-32","kind":"sign"}},{"type":"Feature","geometry":{"type":"Point","coordinates":[44.8255781,41.6836592]},"properties":{"pole_id":378,"labels":["4.2.1"],"track_ids":[378],"conf":0.911,"n_frames":9,"first_ts":1790779351402331000,"last_ts":1790779355268958000,"image":"session_2026-09-30_14-10-32_checkpoint_017_photos/session_2026-09-30_14-10-32_checkpoint_017_sign_378.jpg","photo_url":"https://drive.google.com/thumbnail?id=1Ks8D7DFdk4Xe76PfVbxESyBZxPP-_780&sz=w1200","photo_view":"https://drive.google.com/file/d/1Ks8D7DFdk4Xe76PfVbxESyBZxPP-_780/view","label_stats":{"4.2.1":{"detections":234,"mean_conf":0.896,"max_conf":0.937}},"alt":415.81,"session":"2026-09-30_session_2026-09-30_14-10-32","kind":"sign"}},{"type":"Feature","geometry":{"type":"Point","coordinates":[44.8255391,41.6836342]},"properties":{"pole_id":379,"labels":["4.2.1"],"track_ids":[379],"conf":0.922,"n_frames":5,"first_ts":1790779351435649000,"last_ts":1790779351569001000,"image":"session_2026-09-30_14-10-32_checkpoint_017_photos/session_2026-09-30_14-10-32_checkpoint_017_sign_379.jpg","photo_url":"https://drive.google.com/thumbnail?id=1RZbSY5WYWpb6xUdEskfI8PSCq3exBgfE&sz=w1200","photo_view":"https://drive.google.com/file/d/1RZbSY5WYWpb6xUdEskfI8PSCq3exBgfE/view","label_stats":{"4.2.1":{"detections":10,"mean_conf":0.906,"max_conf":0.922}},"alt":412.8,"session":"2026-09-30_session_2026-09-30_14-10-32","kind":"sign"}},{"type":"Feature","geometry":{"type":"Point","coordinates":[44.8251376,41.6840018]},"properties":{"pole_id":380,"labels":["4.2.1"],"track_ids":[380],"conf":0.913,"n_frames":19,"first_ts":1790779351968978000,"last_ts":1790779356768952000,"image":"session_2026-09-30_14-10-32_checkpoint_017_photos/session_2026-09-30_14-10-32_checkpoint_017_sign_380.jpg","photo_url":"https://drive.google.com/thumbnail?id=1ZtAPVZUT2Ki8tg9A3mZr5LsAmd1OhKyB&sz=w1200","photo_view":"https://drive.google.com/file/d/1ZtAPVZUT2Ki8tg9A3mZr5LsAmd1OhKyB/view","label_stats":{"4.2.1":{"detections":243,"mean_conf":0.884,"max_conf":0.937}},"alt":414.24,"session":"2026-09-30_session_2026-09-30_14-10-32","kind":"sign"}},{"type":"Feature","geometry":{"type":"Point","coordinates":[44.8250731,41.6840747]},"properties":{"pole_id":381,"labels":["4.2.1"],"track_ids":[381],"conf":0.916,"n_frames":14,"first_ts":1790779352002322000,"last_ts":1790779357135608000,"image":"session_2026-09-30_14-10-32_checkpoint_017_photos/session_2026-09-30_14-10-32_checkpoint_017_sign_381.jpg","photo_url":"https://drive.google.com/thumbnail?id=14PLtbPfHlvbCtNF-r8gV6RuyE-7eAVb0&sz=w1200","photo_view":"https://drive.google.com/file/d/14PLtbPfHlvbCtNF-r8gV6RuyE-7eAVb0/view","label_stats":{"4.2.1":{"detections":252,"mean_conf":0.883,"max_conf":0.937}},"alt":414.12,"session":"2026-09-30_session_2026-09-30_14-10-32","kind":"sign"}},{"type":"Feature","geometry":{"type":"Point","coordinates":[44.8250949,41.6840415]},"properties":{"pole_id":382,"labels":["4.2.1"],"track_ids":[382],"conf":0.947,"n_frames":46,"first_ts":1790779352102329000,"last_ts":1790779357502295000,"image":"session_2026-09-30_14-10-32_checkpoint_017_photos/session_2026-09-30_14-10-32_checkpoint_017_sign_382.jpg","photo_url":"https://drive.google.com/thumbnail?id=1bUIpJr2QseRM-XaP9q0nxtedMjapsAcq&sz=w1200","photo_view":"https://drive.google.com/file/d/1bUIpJr2QseRM-XaP9q0nxtedMjapsAcq/view","label_stats":{"4.2.1":{"detections":257,"mean_conf":0.885,"max_conf":0.947}},"alt":412.54,"session":"2026-09-30_session_2026-09-30_14-10-32","kind":"sign"}},{"type":"Feature","geometry":{"type":"Point","coordinates":[44.8257875,41.6834514]},"properties":{"pole_id":383,"labels":["4.2.1","5.15.2"],"track_ids":[383],"conf":0.91,"n_frames":9,"first_ts":1790779353068968000,"last_ts":1790779355568951000,"image":"session_2026-09-30_14-10-32_checkpoint_017_photos/session_2026-09-30_14-10-32_checkpoint_017_sign_383.jpg","photo_url":"https://drive.google.com/thumbnail?id=18Qd5zXXhJ5iq0o6TzEFB_FKemJXxUebn&sz=w1200","photo_view":"https://drive.google.com/file/d/18Qd5zXXhJ5iq0o6TzEFB_FKemJXxUebn/view","label_stats":{"4.2.1":{"detections":143,"mean_conf":0.887,"max_conf":0.937},"5.15.2":{"detections":206,"mean_conf":0.728,"max_conf":0.925}},"alt":414.66,"session":"2026-09-30_session_2026-09-30_14-10-32","kind":"sign"}},{"type":"Feature","geometry":{"type":"Point","coordinates":[44.8261031,41.6831342]},"properties":{"pole_id":384,"labels":["5.15.2"],"track_ids":[384],"conf":0.687,"n_frames":4,"first_ts":1790779353102312000,"last_ts":1790779353102312000,"image":"session_2026-09-30_14-10-32_checkpoint_017_photos/session_2026-09-30_14-10-32_checkpoint_017_sign_384.jpg","photo_url":"https://drive.google.com/thumbnail?id=1-wq9QhhKgFtTbgFngOVw5Gw2HFg_ZYu6&sz=w1200","photo_view":"https://drive.google.com/file/d/1-wq9QhhKgFtTbgFngOVw5Gw2HFg_ZYu6/view","label_stats":{"5.15.2":{"detections":3,"mean_conf":0.636,"max_conf":0.687}},"alt":407.96,"session":"2026-09-30_session_2026-09-30_14-10-32","kind":"sign"}},{"type":"Feature","geometry":{"type":"Point","coordinates":[44.8264055,41.682859]},"properties":{"pole_id":385,"labels":["5.15.2"],"track_ids":[385],"conf":0.757,"n_frames":4,"first_ts":1790779353135657000,"last_ts":1790779353135657000,"image":"session_2026-09-30_14-10-32_checkpoint_017_photos/session_2026-09-30_14-10-32_checkpoint_017_sign_385.jpg","photo_url":"https://drive.google.com/thumbnail?id=1UBeYCCetUSBi6pOYGEAb_QiJxiFb3ETw&sz=w1200","photo_view":"https://drive.google.com/file/d/1UBeYCCetUSBi6pOYGEAb_QiJxiFb3ETw/view","label_stats":{"5.15.2":{"detections":3,"mean_conf":0.702,"max_conf":0.757}},"alt":407.96,"session":"2026-09-30_session_2026-09-30_14-10-32","kind":"sign"}},{"type":"Feature","geometry":{"type":"Point","coordinates":[44.8266856,41.6826107]},"properties":{"pole_id":386,"labels":["5.15.2"],"track_ids":[386],"conf":0.671,"n_frames":4,"first_ts":1790779353168975000,"last_ts":1790779353168975000,"image":"session_2026-09-30_14-10-32_checkpoint_017_photos/session_2026-09-30_14-10-32_checkpoint_017_sign_386.jpg","photo_url":"https://drive.google.com/thumbnail?id=1ck3kQ0r2Zph1zjb-YDK05fwT1ErZuQo4&sz=w1200","photo_view":"https://drive.google.com/file/d/1ck3kQ0r2Zph1zjb-YDK05fwT1ErZuQo4/view","label_stats":{"5.15.2":{"detections":3,"mean_conf":0.613,"max_conf":0.671}},"alt":407.96,"session":"2026-09-30_session_2026-09-30_14-10-32","kind":"sign"}},{"type":"Feature","geometry":{"type":"Point","coordinates":[44.8269433,41.6823887]},"properties":{"pole_id":387,"labels":["5.15.2"],"track_ids":[387],"conf":0.701,"n_frames":4,"first_ts":1790779353202319000,"last_ts":1790779353202319000,"image":"session_2026-09-30_14-10-32_checkpoint_017_photos/session_2026-09-30_14-10-32_checkpoint_017_sign_387.jpg","photo_url":"https://drive.google.com/thumbnail?id=1U8exZnrTS9m_cMCeIGg9DuqAQdCIUjgK&sz=w1200","photo_view":"https://drive.google.com/file/d/1U8exZnrTS9m_cMCeIGg9DuqAQdCIUjgK/view","label_stats":{"5.15.2":{"detections":3,"mean_conf":0.64,"max_conf":0.701}},"alt":407.98,"session":"2026-09-30_session_2026-09-30_14-10-32","kind":"sign"}},{"type":"Feature","geometry":{"type":"Point","coordinates":[44.8271776,41.682193]},"properties":{"pole_id":388,"labels":["5.15.2"],"track_ids":[388],"conf":0.748,"n_frames":4,"first_ts":1790779353235637000,"last_ts":1790779353235637000,"image":"session_2026-09-30_14-10-32_checkpoint_017_photos/session_2026-09-30_14-10-32_checkpoint_017_sign_388.jpg","photo_url":"https://drive.google.com/thumbnail?id=1EIV3Q7GIovLvdVxJ2OJD9vO5aOVMsKaH&sz=w1200","photo_view":"https://drive.google.com/file/d/1EIV3Q7GIovLvdVxJ2OJD9vO5aOVMsKaH/view","label_stats":{"5.15.2":{"detections":3,"mean_conf":0.663,"max_conf":0.748}},"alt":407.99,"session":"2026-09-30_session_2026-09-30_14-10-32","kind":"sign"}},{"type":"Feature","geometry":{"type":"Point","coordinates":[44.8273883,41.6820232]},"properties":{"pole_id":389,"labels":["5.15.2"],"track_ids":[389],"conf":0.79,"n_frames":4,"first_ts":1790779353268981000,"last_ts":1790779353268981000,"image":"session_2026-09-30_14-10-32_checkpoint_017_photos/session_2026-09-30_14-10-32_checkpoint_017_sign_389.jpg","photo_url":"https://drive.google.com/thumbnail?id=12c_IUS2DN_PePBuItJzNgivdT7tKhqVQ&sz=w1200","photo_view":"https://drive.google.com/file/d/12c_IUS2DN_PePBuItJzNgivdT7tKhqVQ/view","label_stats":{"5.15.2":{"detections":3,"mean_conf":0.753,"max_conf":0.79}},"alt":408.0,"session":"2026-09-30_session_2026-09-30_14-10-32","kind":"sign"}},{"type":"Feature","geometry":{"type":"Point","coordinates":[44.8275746,41.681879]},"properties":{"pole_id":390,"labels":["5.15.2"],"track_ids":[390],"conf":0.725,"n_frames":4,"first_ts":1790779353302300000,"last_ts":1790779353302300000,"image":"session_2026-09-30_14-10-32_checkpoint_017_photos/session_2026-09-30_14-10-32_checkpoint_017_sign_390.jpg","photo_url":"https://drive.google.com/thumbnail?id=1qToOQHUuB2D0I71QQbqHSu55S5fiSQlB&sz=w1200","photo_view":"https://drive.google.com/file/d/1qToOQHUuB2D0I71QQbqHSu55S5fiSQlB/view","label_stats":{"5.15.2":{"detections":3,"mean_conf":0.65,"max_conf":0.725}},"alt":408.01,"session":"2026-09-30_session_2026-09-30_14-10-32","kind":"sign"}},{"type":"Feature","geometry":{"type":"Point","coordinates":[44.8277363,41.6817601]},"properties":{"pole_id":391,"labels":["5.15.2"],"track_ids":[391],"conf":0.736,"n_frames":4,"first_ts":1790779353335645000,"last_ts":1790779353335645000,"image":"session_2026-09-30_14-10-32_checkpoint_017_photos/session_2026-09-30_14-10-32_checkpoint_017_sign_391.jpg","photo_url":"https://drive.google.com/thumbnail?id=1qgcw8auGM53DTTUrAx1i0D7OREkWaisx&sz=w1200","photo_view":"https://drive.google.com/file/d/1qgcw8auGM53DTTUrAx1i0D7OREkWaisx/view","label_stats":{"5.15.2":{"detections":3,"mean_conf":0.646,"max_conf":0.736}},"alt":408.0,"session":"2026-09-30_session_2026-09-30_14-10-32","kind":"sign"}},{"type":"Feature","geometry":{"type":"Point","coordinates":[44.8278726,41.6816662]},"properties":{"pole_id":392,"labels":["5.15.2"],"track_ids":[392],"conf":0.753,"n_frames":4,"first_ts":1790779353368990000,"last_ts":1790779353368990000,"image":"session_2026-09-30_14-10-32_checkpoint_017_photos/session_2026-09-30_14-10-32_checkpoint_017_sign_392.jpg","photo_url":"https://drive.google.com/thumbnail?id=1zXtG_at11B0tQwQc5fZm7Cg8FT9QbLfz&sz=w1200","photo_view":"https://drive.google.com/file/d/1zXtG_at11B0tQwQc5fZm7Cg8FT9QbLfz/view","label_stats":{"5.15.2":{"detections":3,"mean_conf":0.694,"max_conf":0.753}},"alt":408.03,"session":"2026-09-30_session_2026-09-30_14-10-32","kind":"sign"}},{"type":"Feature","geometry":{"type":"Point","coordinates":[44.827983,41.6815972]},"properties":{"pole_id":393,"labels":["5.15.2"],"track_ids":[393],"conf":0.764,"n_frames":5,"first_ts":1790779353368990000,"last_ts":1790779353402307000,"image":"session_2026-09-30_14-10-32_checkpoint_017_photos/session_2026-09-30_14-10-32_checkpoint_017_sign_393.jpg","photo_url":"https://drive.google.com/thumbnail?id=1M-u7hDzOvLauT4IHQRDupk2bpbMLmEMJ&sz=w1200","photo_view":"https://drive.google.com/file/d/1M-u7hDzOvLauT4IHQRDupk2bpbMLmEMJ/view","label_stats":{"5.15.2":{"detections":6,"mean_conf":0.7,"max_conf":0.764}},"alt":408.04,"session":"2026-09-30_session_2026-09-30_14-10-32","kind":"sign"}},{"type":"Feature","geometry":{"type":"Point","coordinates":[44.8280672,41.6815525]},"properties":{"pole_id":394,"labels":["5.15.2"],"track_ids":[394],"conf":0.793,"n_frames":5,"first_ts":1790779353402307000,"last_ts":1790779353435650000,"image":"session_2026-09-30_14-10-32_checkpoint_017_photos/session_2026-09-30_14-10-32_checkpoint_017_sign_394.jpg","photo_url":"https://drive.google.com/thumbnail?id=1pFrSfTjhtidZsxauzL9zsJKKbFWw4pYK&sz=w1200","photo_view":"https://drive.google.com/file/d/1pFrSfTjhtidZsxauzL9zsJKKbFWw4pYK/view","label_stats":{"5.15.2":{"detections":6,"mean_conf":0.707,"max_conf":0.793}},"alt":408.05,"session":"2026-09-30_session_2026-09-30_14-10-32","kind":"sign"}},{"type":"Feature","geometry":{"type":"Point","coordinates":[44.8281243,41.681532]},"properties":{"pole_id":395,"labels":["5.15.2"],"track_ids":[395],"conf":0.812,"n_frames":5,"first_ts":1790779353435650000,"last_ts":1790779353468967000,"image":"session_2026-09-30_14-10-32_checkpoint_017_photos/session_2026-09-30_14-10-32_checkpoint_017_sign_395.jpg","photo_url":"https://drive.google.com/thumbnail?id=1f9Hdlg_1bUhL1JsrA4Amq7xI0KGImOqK&sz=w1200","photo_view":"https://drive.google.com/file/d/1f9Hdlg_1bUhL1JsrA4Amq7xI0KGImOqK/view","label_stats":{"5.15.2":{"detections":6,"mean_conf":0.722,"max_conf":0.812}},"alt":408.06,"session":"2026-09-30_session_2026-09-30_14-10-32","kind":"sign"}},{"type":"Feature","geometry":{"type":"Point","coordinates":[44.8282024,41.6814929]},"properties":{"pole_id":396,"labels":["4.2.1"],"track_ids":[396],"conf":0.915,"n_frames":3,"first_ts":1790779353468967000,"last_ts":1790779353535631000,"image":"session_2026-09-30_14-10-32_checkpoint_017_photos/session_2026-09-30_14-10-32_checkpoint_017_sign_396.jpg","photo_url":"https://drive.google.com/thumbnail?id=1H87iPJ9oVfYSsxJt0WTKDhysC8XN351Q&sz=w1200","photo_view":"https://drive.google.com/file/d/1H87iPJ9oVfYSsxJt0WTKDhysC8XN351Q/view","label_stats":{"4.2.1":{"detections":6,"mean_conf":0.909,"max_conf":0.922}},"alt":415.45,"session":"2026-09-30_session_2026-09-30_14-10-32","kind":"sign"}},{"type":"Feature","geometry":{"type":"Point","coordinates":[44.828155,41.6815479]},"properties":{"pole_id":397,"labels":["5.15.2"],"track_ids":[397],"conf":0.755,"n_frames":9,"first_ts":1790779353502313000,"last_ts":1790779353568975000,"image":"session_2026-09-30_14-10-32_checkpoint_017_photos/session_2026-09-30_14-10-32_checkpoint_017_sign_397.jpg","photo_url":"https://drive.google.com/thumbnail?id=1DVlKlG2-_w9nRfGSDd3AmoH91EKXO8vB&sz=w1200","photo_view":"https://drive.google.com/file/d/1DVlKlG2-_w9nRfGSDd3AmoH91EKXO8vB/view","label_stats":{"5.15.2":{"detections":9,"mean_conf":0.704,"max_conf":0.755}},"alt":408.07,"session":"2026-09-30_session_2026-09-30_14-10-32","kind":"sign"}},{"type":"Feature","geometry":{"type":"Point","coordinates":[44.8281293,41.6816115]},"properties":{"pole_id":398,"labels":["5.15.2"],"track_ids":[398],"conf":0.739,"n_frames":5,"first_ts":1790779353568975000,"last_ts":1790779353602319000,"image":"session_2026-09-30_14-10-32_checkpoint_017_photos/session_2026-09-30_14-10-32_checkpoint_017_sign_398.jpg","photo_url":"https://drive.google.com/thumbnail?id=1Zp431tq56NIQ08ieA3vrdwwJYkbrhWGL&sz=w1200","photo_view":"https://drive.google.com/file/d/1Zp431tq56NIQ08ieA3vrdwwJYkbrhWGL/view","label_stats":{"5.15.2":{"detections":6,"mean_conf":0.682,"max_conf":0.81}},"alt":408.08,"session":"2026-09-30_session_2026-09-30_14-10-32","kind":"sign"}},{"type":"Feature","geometry":{"type":"Point","coordinates":[44.8280738,41.6816841]},"properties":{"pole_id":399,"labels":["5.15.2"],"track_ids":[399],"conf":0.81,"n_frames":3,"first_ts":1790779353602319000,"last_ts":1790779353602319000,"image":"session_2026-09-30_14-10-32_checkpoint_017_photos/session_2026-09-30_14-10-32_checkpoint_017_sign_399.jpg","photo_url":"https://drive.google.com/thumbnail?id=1BWfjEKo30M_BEtLaNUacMt6QzSdempkw&sz=w1200","photo_view":"https://drive.google.com/file/d/1BWfjEKo30M_BEtLaNUacMt6QzSdempkw/view","label_stats":{"5.15.2":{"detections":3,"mean_conf":0.691,"max_conf":0.81}},"alt":408.09,"session":"2026-09-30_session_2026-09-30_14-10-32","kind":"sign"}},{"type":"Feature","geometry":{"type":"Point","coordinates":[44.8279891,41.6817791]},"properties":{"pole_id":400,"labels":["5.15.2"],"track_ids":[400],"conf":0.753,"n_frames":4,"first_ts":1790779353635637000,"last_ts":1790779353635637000,"image":"session_2026-09-30_14-10-32_checkpoint_017_photos/session_2026-09-30_14-10-32_checkpoint_017_sign_400.jpg","photo_url":"https://drive.google.com/thumbnail?id=1cItRdwgHf1SOvifOLL6YI1fV0LM_fuR0&sz=w1200","photo_view":"https://drive.google.com/file/d/1cItRdwgHf1SOvifOLL6YI1fV0LM_fuR0/view","label_stats":{"5.15.2":{"detections":3,"mean_conf":0.712,"max_conf":0.753}},"alt":408.11,"session":"2026-09-30_session_2026-09-30_14-10-32","kind":"sign"}},{"type":"Feature","geometry":{"type":"Point","coordinates":[44.8278745,41.6818963]},"properties":{"pole_id":401,"labels":["5.15.2"],"track_ids":[401],"conf":0.764,"n_frames":4,"first_ts":1790779353668983000,"last_ts":1790779353668983000,"image":"session_2026-09-30_14-10-32_checkpoint_017_photos/session_2026-09-30_14-10-32_checkpoint_017_sign_401.jpg","photo_url":"https://drive.google.com/thumbnail?id=19tEpkw6B2avGH0mu3thlvObWQgj7X8UT&sz=w1200","photo_view":"https://drive.google.com/file/d/19tEpkw6B2avGH0mu3thlvObWQgj7X8UT/view","label_stats":{"5.15.2":{"detections":3,"mean_conf":0.687,"max_conf":0.764}},"alt":408.11,"session":"2026-09-30_session_2026-09-30_14-10-32","kind":"sign"}},{"type":"Feature","geometry":{"type":"Point","coordinates":[44.8277297,41.682035]},"properties":{"pole_id":402,"labels":["5.15.2"],"track_ids":[402],"conf":0.769,"n_frames":4,"first_ts":1790779353702300000,"last_ts":1790779353702300000,"image":"session_2026-09-30_14-10-32_checkpoint_017_photos/session_2026-09-30_14-10-32_checkpoint_017_sign_402.jpg","photo_url":"https://drive.google.com/thumbnail?id=12zKP49XexCchT-7Lh6PZ9Oyy45nBSUXx&sz=w1200","photo_view":"https://drive.google.com/file/d/12zKP49XexCchT-7Lh6PZ9Oyy45nBSUXx/view","label_stats":{"5.15.2":{"detections":3,"mean_conf":0.738,"max_conf":0.769}},"alt":408.12,"session":"2026-09-30_session_2026-09-30_14-10-32","kind":"sign"}},{"type":"Feature","geometry":{"type":"Point","coordinates":[44.8275542,41.6821953]},"properties":{"pole_id":403,"labels":["5.15.2"],"track_ids":[403],"conf":0.822,"n_frames":4,"first_ts":1790779353735645000,"last_ts":1790779353735645000,"image":"session_2026-09-30_14-10-32_checkpoint_017_photos/session_2026-09-30_14-10-32_checkpoint_017_sign_403.jpg","photo_url":"https://drive.google.com/thumbnail?id=1u7i1pHvSl3JS04la1VRFcYU0EFjYf0lR&sz=w1200","photo_view":"https://drive.google.com/file/d/1u7i1pHvSl3JS04la1VRFcYU0EFjYf0lR/view","label_stats":{"5.15.2":{"detections":3,"mean_conf":0.73,"max_conf":0.822}},"alt":408.13,"session":"2026-09-30_session_2026-09-30_14-10-32","kind":"sign"}},{"type":"Feature","geometry":{"type":"Point","coordinates":[44.8273476,41.6823765]},"properties":{"pole_id":404,"labels":["5.15.2"],"track_ids":[404],"conf":0.817,"n_frames":4,"first_ts":1790779353768961000,"last_ts":1790779353768961000,"image":"session_2026-09-30_14-10-32_checkpoint_017_photos/session_2026-09-30_14-10-32_checkpoint_017_sign_404.jpg","photo_url":"https://drive.google.com/thumbnail?id=1MMTLBf4PZWp7iSrZkTwWrjO-eUDS23uX&sz=w1200","photo_view":"https://drive.google.com/file/d/1MMTLBf4PZWp7iSrZkTwWrjO-eUDS23uX/view","label_stats":{"5.15.2":{"detections":3,"mean_conf":0.703,"max_conf":0.817}},"alt":408.12,"session":"2026-09-30_session_2026-09-30_14-10-32","kind":"sign"}},{"type":"Feature","geometry":{"type":"Point","coordinates":[44.8271092,41.6825784]},"properties":{"pole_id":405,"labels":["5.15.2"],"track_ids":[405],"conf":0.839,"n_frames":4,"first_ts":1790779353802306000,"last_ts":1790779353802306000,"image":"session_2026-09-30_14-10-32_checkpoint_017_photos/session_2026-09-30_14-10-32_checkpoint_017_sign_405.jpg","photo_url":"https://drive.google.com/thumbnail?id=1E-6WetIs3GlhHSVoUuIgfhetIrmoNnqL&sz=w1200","photo_view":"https://drive.google.com/file/d/1E-6WetIs3GlhHSVoUuIgfhetIrmoNnqL/view","label_stats":{"5.15.2":{"detections":3,"mean_conf":0.742,"max_conf":0.839}},"alt":408.13,"session":"2026-09-30_session_2026-09-30_14-10-32","kind":"sign"}},{"type":"Feature","geometry":{"type":"Point","coordinates":[44.8268388,41.6828006]},"properties":{"pole_id":406,"labels":["5.15.2"],"track_ids":[406],"conf":0.782,"n_frames":4,"first_ts":1790779353835650000,"last_ts":1790779353835650000,"image":"session_2026-09-30_14-10-32_checkpoint_017_photos/session_2026-09-30_14-10-32_checkpoint_017_sign_406.jpg","photo_url":"https://drive.google.com/thumbnail?id=18RYcaw2II-F2rVzScoqqkOr6pOzSLpYm&sz=w1200","photo_view":"https://drive.google.com/file/d/18RYcaw2II-F2rVzScoqqkOr6pOzSLpYm/view","label_stats":{"5.15.2":{"detections":3,"mean_conf":0.686,"max_conf":0.782}},"alt":408.14,"session":"2026-09-30_session_2026-09-30_14-10-32","kind":"sign"}},{"type":"Feature","geometry":{"type":"Point","coordinates":[44.8265359,41.6830424]},"properties":{"pole_id":407,"labels":["5.15.2"],"track_ids":[407],"conf":0.818,"n_frames":4,"first_ts":1790779353868970000,"last_ts":1790779353868970000,"image":"session_2026-09-30_14-10-32_checkpoint_017_photos/session_2026-09-30_14-10-32_checkpoint_017_sign_407.jpg","photo_url":"https://drive.google.com/thumbnail?id=14ujNGqKxkCjr8sg8iOvuvEBd06Zvpb_c&sz=w1200","photo_view":"https://drive.google.com/file/d/14ujNGqKxkCjr8sg8iOvuvEBd06Zvpb_c/view","label_stats":{"5.15.2":{"detections":3,"mean_conf":0.738,"max_conf":0.818}},"alt":408.14,"session":"2026-09-30_session_2026-09-30_14-10-32","kind":"sign"}},{"type":"Feature","geometry":{"type":"Point","coordinates":[44.8261999,41.6833039]},"properties":{"pole_id":408,"labels":["5.15.2"],"track_ids":[408],"conf":0.81,"n_frames":4,"first_ts":1790779353902312000,"last_ts":1790779353902312000,"image":"session_2026-09-30_14-10-32_checkpoint_017_photos/session_2026-09-30_14-10-32_checkpoint_017_sign_408.jpg","photo_url":"https://drive.google.com/thumbnail?id=1_771DKiJ9ci7qf7MlsTYmONgJLhSF3fw&sz=w1200","photo_view":"https://drive.google.com/file/d/1_771DKiJ9ci7qf7MlsTYmONgJLhSF3fw/view","label_stats":{"5.15.2":{"detections":3,"mean_conf":0.703,"max_conf":0.81}},"alt":408.14,"session":"2026-09-30_session_2026-09-30_14-10-32","kind":"sign"}},{"type":"Feature","geometry":{"type":"Point","coordinates":[44.8258309,41.6835843]},"properties":{"pole_id":409,"labels":["5.15.2"],"track_ids":[409],"conf":0.806,"n_frames":4,"first_ts":1790779353935630000,"last_ts":1790779353935630000,"image":"session_2026-09-30_14-10-32_checkpoint_017_photos/session_2026-09-30_14-10-32_checkpoint_017_sign_409.jpg","photo_url":"https://drive.google.com/thumbnail?id=1PLqqYcY5SBaX2CsLuC27oE9BAAJyPNnc&sz=w1200","photo_view":"https://drive.google.com/file/d/1PLqqYcY5SBaX2CsLuC27oE9BAAJyPNnc/view","label_stats":{"5.15.2":{"detections":3,"mean_conf":0.686,"max_conf":0.806}},"alt":408.15,"session":"2026-09-30_session_2026-09-30_14-10-32","kind":"sign"}},{"type":"Feature","geometry":{"type":"Point","coordinates":[44.8255036,41.683875]},"properties":{"pole_id":410,"labels":["5.15.2","4.2.1"],"track_ids":[410],"conf":0.923,"n_frames":40,"first_ts":1790779353968977000,"last_ts":1790779354735632000,"image":"session_2026-09-30_14-10-32_checkpoint_017_photos/session_2026-09-30_14-10-32_checkpoint_017_sign_410.jpg","photo_url":"https://drive.google.com/thumbnail?id=16PkiOPpH3oJBXDbOvPyuo2RsrPLpKFHI&sz=w1200","photo_view":"https://drive.google.com/file/d/16PkiOPpH3oJBXDbOvPyuo2RsrPLpKFHI/view","label_stats":{"4.2.1":{"detections":48,"mean_conf":0.895,"max_conf":0.925},"5.15.2":{"detections":69,"mean_conf":0.769,"max_conf":0.925}},"alt":408.01,"session":"2026-09-30_session_2026-09-30_14-10-32","kind":"sign"}},{"type":"Feature","geometry":{"type":"Point","coordinates":[44.8254887,41.6838367]},"properties":{"pole_id":411,"labels":["4.2.1"],"track_ids":[411],"conf":0.919,"n_frames":3,"first_ts":1790779353968977000,"last_ts":1790779354702288000,"image":"session_2026-09-30_14-10-32_checkpoint_017_photos/session_2026-09-30_14-10-32_checkpoint_017_sign_411.jpg","photo_url":"https://drive.google.com/thumbnail?id=1zWOfPIfuF8ShIBMF-7EbxQipfyYAFPEd&sz=w1200","photo_view":"https://drive.google.com/file/d/1zWOfPIfuF8ShIBMF-7EbxQipfyYAFPEd/view","label_stats":{"4.2.1":{"detections":46,"mean_conf":0.895,"max_conf":0.925}},"alt":412.45,"session":"2026-09-30_session_2026-09-30_14-10-32","kind":"sign"}},{"type":"Feature","geometry":{"type":"Point","coordinates":[44.8254279,41.6838837]},"properties":{"pole_id":412,"labels":["5.15.2"],"track_ids":[412],"conf":0.73,"n_frames":5,"first_ts":1790779353968977000,"last_ts":1790779354768976000,"image":"session_2026-09-30_14-10-32_checkpoint_017_photos/session_2026-09-30_14-10-32_checkpoint_017_sign_412.jpg","photo_url":"https://drive.google.com/thumbnail?id=1q_FQbyxV9SeYp9pHEZNKivybDCv97kSs&sz=w1200","photo_view":"https://drive.google.com/file/d/1q_FQbyxV9SeYp9pHEZNKivybDCv97kSs/view","label_stats":{"5.15.2":{"detections":72,"mean_conf":0.774,"max_conf":0.925}},"alt":408.15,"session":"2026-09-30_session_2026-09-30_14-10-32","kind":"sign"}},{"type":"Feature","geometry":{"type":"Point","coordinates":[44.8254083,41.6839356]},"properties":{"pole_id":413,"labels":["5.15.2","2.1"],"track_ids":[413],"conf":0.916,"n_frames":16,"first_ts":1790779354202308000,"last_ts":1790779354802294000,"image":"session_2026-09-30_14-10-32_checkpoint_017_photos/session_2026-09-30_14-10-32_checkpoint_017_sign_413.jpg","photo_url":"https://drive.google.com/thumbnail?id=1MooIkhk10W4czhZ4f8-BKrqg18KaL5mZ&sz=w1200","photo_view":"https://drive.google.com/file/d/1MooIkhk10W4czhZ4f8-BKrqg18KaL5mZ/view","label_stats":{"2.1":{"detections":19,"mean_conf":0.911,"max_conf":0.946},"5.15.2":{"detections":54,"mean_conf":0.827,"max_conf":0.925}},"alt":408.04,"session":"2026-09-30_session_2026-09-30_14-10-32","kind":"sign"}},{"type":"Feature","geometry":{"type":"Point","coordinates":[44.8254519,41.683906]},"properties":{"pole_id":414,"labels":["5.15.2","2.1"],"track_ids":[414],"conf":0.925,"n_frames":16,"first_ts":1790779354235625000,"last_ts":1790779354768976000,"image":"session_2026-09-30_14-10-32_checkpoint_017_photos/session_2026-09-30_14-10-32_checkpoint_017_sign_414.jpg","photo_url":"https://drive.google.com/thumbnail?id=1NcBXnoql5q8CXX-l6M7bABunnLt7TcYQ&sz=w1200","photo_view":"https://drive.google.com/file/d/1NcBXnoql5q8CXX-l6M7bABunnLt7TcYQ/view","label_stats":{"2.1":{"detections":17,"mean_conf":0.914,"max_conf":0.946},"5.15.2":{"detections":48,"mean_conf":0.833,"max_conf":0.925}},"alt":407.99,"session":"2026-09-30_session_2026-09-30_14-10-32","kind":"sign"}},{"type":"Feature","geometry":{"type":"Point","coordinates":[44.8255581,41.6838154]},"properties":{"pole_id":415,"labels":["4.2.1"],"track_ids":[415],"conf":0.925,"n_frames":9,"first_ts":1790779354368976000,"last_ts":1790779354635625000,"image":"session_2026-09-30_14-10-32_checkpoint_017_photos/session_2026-09-30_14-10-32_checkpoint_017_sign_415.jpg","photo_url":"https://drive.google.com/thumbnail?id=1db7iuJ751FBxY2jxXJqMUzNwqoplOifX&sz=w1200","photo_view":"https://drive.google.com/file/d/1db7iuJ751FBxY2jxXJqMUzNwqoplOifX/view","label_stats":{"4.2.1":{"detections":18,"mean_conf":0.897,"max_conf":0.925}},"alt":412.5,"session":"2026-09-30_session_2026-09-30_14-10-32","kind":"sign"}},{"type":"Feature","geometry":{"type":"Point","coordinates":[44.8255894,41.683842]},"properties":{"pole_id":416,"labels":["4.2.1"],"track_ids":[416],"conf":0.892,"n_frames":8,"first_ts":1790779354368976000,"last_ts":1790779354602308000,"image":"session_2026-09-30_14-10-32_checkpoint_017_photos/session_2026-09-30_14-10-32_checkpoint_017_sign_416.jpg","photo_url":"https://drive.google.com/thumbnail?id=1L-aciYefLkxVCHXz04F1Jo3rCjFFTgRs&sz=w1200","photo_view":"https://drive.google.com/file/d/1L-aciYefLkxVCHXz04F1Jo3rCjFFTgRs/view","label_stats":{"4.2.1":{"detections":16,"mean_conf":0.897,"max_conf":0.925}},"alt":415.47,"session":"2026-09-30_session_2026-09-30_14-10-32","kind":"sign"}},{"type":"Feature","geometry":{"type":"Point","coordinates":[44.8256335,41.6836104]},"properties":{"pole_id":417,"labels":["5.15.2"],"track_ids":[417],"conf":0.64,"n_frames":5,"first_ts":1790779355268958000,"last_ts":1790779355735620000,"image":"session_2026-09-30_14-10-32_checkpoint_017_photos/session_2026-09-30_14-10-32_checkpoint_017_sign_417.jpg","photo_url":"https://drive.google.com/thumbnail?id=1OU8G_X5Pm_z5Iwm8TbRvqPKehmIkE_sM&sz=w1200","photo_view":"https://drive.google.com/file/d/1OU8G_X5Pm_z5Iwm8TbRvqPKehmIkE_sM/view","label_stats":{"5.15.2":{"detections":14,"mean_conf":0.511,"max_conf":0.64}},"alt":407.69,"session":"2026-09-30_session_2026-09-30_14-10-32","kind":"sign"}},{"type":"Feature","geometry":{"type":"Point","coordinates":[44.8257218,41.6835125]},"properties":{"pole_id":418,"labels":["5.15.2"],"track_ids":[418],"conf":0.501,"n_frames":6,"first_ts":1790779355335619000,"last_ts":1790779355668958000,"image":"session_2026-09-30_14-10-32_checkpoint_017_photos/session_2026-09-30_14-10-32_checkpoint_017_sign_418.jpg","photo_url":"https://drive.google.com/thumbnail?id=13Ifobsvz_G3mp9D83Ohui7it8Ar-IQ8E&sz=w1200","photo_view":"https://drive.google.com/file/d/13Ifobsvz_G3mp9D83Ohui7it8Ar-IQ8E/view","label_stats":{"5.15.2":{"detections":9,"mean_conf":0.493,"max_conf":0.591}},"alt":407.67,"session":"2026-09-30_session_2026-09-30_14-10-32","kind":"sign"}},{"type":"Feature","geometry":{"type":"Point","coordinates":[44.8256811,41.6835597]},"properties":{"pole_id":419,"labels":["5.15.2"],"track_ids":[419],"conf":0.591,"n_frames":6,"first_ts":1790779355335619000,"last_ts":1790779355702303000,"image":"session_2026-09-30_14-10-32_checkpoint_017_photos/session_2026-09-30_14-10-32_checkpoint_017_sign_419.jpg","photo_url":"https://drive.google.com/thumbnail?id=1KIYT-SmyI7J8gyvCn1Yhw8umlfzVX_Cd&sz=w1200","photo_view":"https://drive.google.com/file/d/1KIYT-SmyI7J8gyvCn1Yhw8umlfzVX_Cd/view","label_stats":{"5.15.2":{"detections":9,"mean_conf":0.493,"max_conf":0.591}},"alt":407.7,"session":"2026-09-30_session_2026-09-30_14-10-32","kind":"sign"}},{"type":"Feature","geometry":{"type":"Point","coordinates":[44.8257602,41.6834867]},"properties":{"pole_id":420,"labels":["4.2.1"],"track_ids":[420],"conf":0.909,"n_frames":5,"first_ts":1790779355368964000,"last_ts":1790779355635612000,"image":"session_2026-09-30_14-10-32_checkpoint_017_photos/session_2026-09-30_14-10-32_checkpoint_017_sign_420.jpg","photo_url":"https://drive.google.com/thumbnail?id=1VWiCAMytLvHaq70IOsUqlZ077MWCU3Zk&sz=w1200","photo_view":"https://drive.google.com/file/d/1VWiCAMytLvHaq70IOsUqlZ077MWCU3Zk/view","label_stats":{"4.2.1":{"detections":9,"mean_conf":0.898,"max_conf":0.91}},"alt":414.75,"session":"2026-09-30_session_2026-09-30_14-10-32","kind":"sign"}},{"type":"Feature","geometry":{"type":"Point","coordinates":[44.8251225,41.6841934]},"properties":{"pole_id":421,"labels":["4.2.2"],"track_ids":[421],"conf":0.946,"n_frames":47,"first_ts":1790779358368925000,"last_ts":1790779359902267000,"image":"session_2026-09-30_14-10-32_checkpoint_017_photos/session_2026-09-30_14-10-32_checkpoint_017_sign_421.jpg","photo_url":"https://drive.google.com/thumbnail?id=1Ym8isHCk2_6F6CfIxOcyH3j9SCpdu46Q&sz=w1200","photo_view":"https://drive.google.com/file/d/1Ym8isHCk2_6F6CfIxOcyH3j9SCpdu46Q/view","label_stats":{"4.2.2":{"detections":47,"mean_conf":0.881,"max_conf":0.946}},"alt":418.32,"session":"2026-09-30_session_2026-09-30_14-10-32","kind":"sign"}},{"type":"Feature","geometry":{"type":"Point","coordinates":[44.8249877,41.6843134]},"properties":{"pole_id":422,"labels":["3.27"],"track_ids":[422],"conf":0.941,"n_frames":44,"first_ts":1790779359768943000,"last_ts":1790779361135586000,"image":"session_2026-09-30_14-10-32_checkpoint_017_photos/session_2026-09-30_14-10-32_checkpoint_017_sign_422.jpg","photo_url":"https://drive.google.com/thumbnail?id=1wOhRUXDnes8KqGyINvpwwNWrdQDECf4Y&sz=w1200","photo_view":"https://drive.google.com/file/d/1wOhRUXDnes8KqGyINvpwwNWrdQDECf4Y/view","label_stats":{"3.27":{"detections":38,"mean_conf":0.901,"max_conf":0.941}},"alt":411.85,"session":"2026-09-30_session_2026-09-30_14-10-32","kind":"sign"}},{"type":"Feature","geometry":{"type":"Point","coordinates":[44.8252025,41.6848856]},"properties":{"pole_id":423,"labels":["1.26"],"track_ids":[423],"conf":0.931,"n_frames":18,"first_ts":1790779375702137000,"last_ts":1790779376668808000,"image":"session_2026-09-30_14-10-32_checkpoint_017_photos/session_2026-09-30_14-10-32_checkpoint_017_sign_423.jpg","photo_url":"https://drive.google.com/thumbnail?id=1F5PGec1eQloWG4pmfUxMePnY4SaTJxvm&sz=w1200","photo_view":"https://drive.google.com/file/d/1F5PGec1eQloWG4pmfUxMePnY4SaTJxvm/view","label_stats":{"1.26":{"detections":25,"mean_conf":0.827,"max_conf":0.931}},"alt":413.92,"session":"2026-09-30_session_2026-09-30_14-10-32","kind":"sign"}},{"type":"Feature","geometry":{"type":"Point","coordinates":[44.8252199,41.68492]},"properties":{"pole_id":424,"labels":["1.26"],"track_ids":[424],"conf":0.92,"n_frames":11,"first_ts":1790779375802144000,"last_ts":1790779376802131000,"image":"session_2026-09-30_14-10-32_checkpoint_017_photos/session_2026-09-30_14-10-32_checkpoint_017_sign_424.jpg","photo_url":"https://drive.google.com/thumbnail?id=1B6LRqm-1YxtLk3yR32Hv7mtI064q3fvI&sz=w1200","photo_view":"https://drive.google.com/file/d/1B6LRqm-1YxtLk3yR32Hv7mtI064q3fvI/view","label_stats":{"1.26":{"detections":29,"mean_conf":0.812,"max_conf":0.931}},"alt":413.82,"session":"2026-09-30_session_2026-09-30_14-10-32","kind":"sign"}},{"type":"Feature","geometry":{"type":"Point","coordinates":[44.8252413,41.6849452]},"properties":{"pole_id":425,"labels":["3.20"],"track_ids":[425],"conf":0.937,"n_frames":17,"first_ts":1790779375868808000,"last_ts":1790779377668796000,"image":"session_2026-09-30_14-10-32_checkpoint_017_photos/session_2026-09-30_14-10-32_checkpoint_017_sign_425.jpg","photo_url":"https://drive.google.com/thumbnail?id=1mlg62KrBBmdLxfEJk-JHzJ4uq9038HjY&sz=w1200","photo_view":"https://drive.google.com/file/d/1mlg62KrBBmdLxfEJk-JHzJ4uq9038HjY/view","label_stats":{"3.20":{"detections":29,"mean_conf":0.847,"max_conf":0.937}},"alt":412.79,"session":"2026-09-30_session_2026-09-30_14-10-32","kind":"sign"}},{"type":"Feature","geometry":{"type":"Point","coordinates":[44.8252538,41.6849715]},"properties":{"pole_id":426,"labels":["3.20","1.26"],"track_ids":[426],"conf":0.906,"n_frames":13,"first_ts":1790779375935469000,"last_ts":1790779377802122000,"image":"session_2026-09-30_14-10-32_checkpoint_017_photos/session_2026-09-30_14-10-32_checkpoint_017_sign_426.jpg","photo_url":"https://drive.google.com/thumbnail?id=1qCsylmXw2Gy_BVCJ5pdKrf69Na_1oFbw&sz=w1200","photo_view":"https://drive.google.com/file/d/1qCsylmXw2Gy_BVCJ5pdKrf69Na_1oFbw/view","label_stats":{"1.26":{"detections":27,"mean_conf":0.825,"max_conf":0.931},"3.20":{"detections":33,"mean_conf":0.852,"max_conf":0.937}},"alt":412.85,"session":"2026-09-30_session_2026-09-30_14-10-32","kind":"sign"}},{"type":"Feature","geometry":{"type":"Point","coordinates":[44.8252718,41.6850079]},"properties":{"pole_id":427,"labels":["3.20","1.26"],"track_ids":[427],"conf":0.93,"n_frames":10,"first_ts":1790779375968813000,"last_ts":1790779377168789000,"image":"session_2026-09-30_14-10-32_checkpoint_017_photos/session_2026-09-30_14-10-32_checkpoint_017_sign_427.jpg","photo_url":"https://drive.google.com/thumbnail?id=1IqjYqyMSKwdYxn5Hd7y5-OBKRk5_S5qp&sz=w1200","photo_view":"https://drive.google.com/file/d/1IqjYqyMSKwdYxn5Hd7y5-OBKRk5_S5qp/view","label_stats":{"1.26":{"detections":26,"mean_conf":0.827,"max_conf":0.931},"3.20":{"detections":14,"mean_conf":0.829,"max_conf":0.93}},"alt":412.68,"session":"2026-09-30_session_2026-09-30_14-10-32","kind":"sign"}},{"type":"Feature","geometry":{"type":"Point","coordinates":[44.8253072,41.6850495]},"properties":{"pole_id":428,"labels":["3.20"],"track_ids":[428],"conf":0.916,"n_frames":5,"first_ts":1790779376935457000,"last_ts":1790779377068808000,"image":"session_2026-09-30_14-10-32_checkpoint_017_photos/session_2026-09-30_14-10-32_checkpoint_017_sign_428.jpg","photo_url":"https://drive.google.com/thumbnail?id=1Jm6E4MRgLP44XG8RIXkXy9qIOhiORsYw&sz=w1200","photo_view":"https://drive.google.com/file/d/1Jm6E4MRgLP44XG8RIXkXy9qIOhiORsYw/view","label_stats":{"3.20":{"detections":5,"mean_conf":0.847,"max_conf":0.916}},"alt":412.71,"session":"2026-09-30_session_2026-09-30_14-10-32","kind":"sign"}},{"type":"Feature","geometry":{"type":"Point","coordinates":[44.8254079,41.6851229]},"properties":{"pole_id":429,"labels":["3.27"],"track_ids":[429],"conf":0.915,"n_frames":22,"first_ts":1790779378435455000,"last_ts":1790779378868798000,"image":"session_2026-09-30_14-10-32_checkpoint_017_photos/session_2026-09-30_14-10-32_checkpoint_017_sign_429.jpg","photo_url":"https://drive.google.com/thumbnail?id=1Bi3LxSq57DyXR38PJdCvel3HiPsA0eYq&sz=w1200","photo_view":"https://drive.google.com/file/d/1Bi3LxSq57DyXR38PJdCvel3HiPsA0eYq/view","label_stats":{"3.27":{"detections":14,"mean_conf":0.897,"max_conf":0.915}},"alt":408.81,"session":"2026-09-30_session_2026-09-30_14-10-32","kind":"sign"}},{"type":"Feature","geometry":{"type":"Point","coordinates":[44.8254421,41.6851553]},"properties":{"pole_id":430,"labels":["3.27","1.26"],"track_ids":[430],"conf":0.934,"n_frames":107,"first_ts":1790779378835454000,"last_ts":1790779380435456000,"image":"session_2026-09-30_14-10-32_checkpoint_017_photos/session_2026-09-30_14-10-32_checkpoint_017_sign_430.jpg","photo_url":"https://drive.google.com/thumbnail?id=1YY6yrVTZd2JxjcGym8LTJlEKnsrANW18&sz=w1200","photo_view":"https://drive.google.com/file/d/1YY6yrVTZd2JxjcGym8LTJlEKnsrANW18/view","label_stats":{"1.26":{"detections":33,"mean_conf":0.732,"max_conf":0.932},"3.27":{"detections":37,"mean_conf":0.909,"max_conf":0.934}},"alt":409.3,"session":"2026-09-30_session_2026-09-30_14-10-32","kind":"sign"}},{"type":"Feature","geometry":{"type":"Point","coordinates":[44.8260436,41.6858662]},"properties":{"pole_id":431,"labels":["1.23"],"track_ids":[431],"conf":0.851,"n_frames":19,"first_ts":1790779395101987000,"last_ts":1790779395802009000,"image":"session_2026-09-30_14-10-32_checkpoint_017_photos/session_2026-09-30_14-10-32_checkpoint_017_sign_431.jpg","photo_url":"https://drive.google.com/thumbnail?id=1P_kKk1z_cwH69qFHTx6_9jCW20RzANf8&sz=w1200","photo_view":"https://drive.google.com/file/d/1P_kKk1z_cwH69qFHTx6_9jCW20RzANf8/view","label_stats":{"1.23":{"detections":18,"mean_conf":0.64,"max_conf":0.851}},"alt":417.28,"session":"2026-09-30_session_2026-09-30_14-10-32","kind":"sign"}},{"type":"Feature","geometry":{"type":"Point","coordinates":[44.8261402,41.685961]},"properties":{"pole_id":432,"labels":["3.20"],"track_ids":[432],"conf":0.552,"n_frames":6,"first_ts":1790779396568666000,"last_ts":1790779411902036000,"image":"session_2026-09-30_14-10-32_checkpoint_017_photos/session_2026-09-30_14-10-32_checkpoint_017_sign_432.jpg","photo_url":"https://drive.google.com/thumbnail?id=1YCMvKltBrCacBw_nWFGUowWVc9p5UhRw&sz=w1200","photo_view":"https://drive.google.com/file/d/1YCMvKltBrCacBw_nWFGUowWVc9p5UhRw/view","label_stats":{"3.20":{"detections":3,"mean_conf":0.492,"max_conf":0.552}},"alt":421.2,"session":"2026-09-30_session_2026-09-30_14-10-32","kind":"sign"}},{"type":"Feature","geometry":{"type":"Point","coordinates":[44.8262694,41.6861004]},"properties":{"pole_id":433,"labels":["3.27"],"track_ids":[433],"conf":0.911,"n_frames":22,"first_ts":1790779399668640000,"last_ts":1790779400768629000,"image":"session_2026-09-30_14-10-32_checkpoint_017_photos/session_2026-09-30_14-10-32_checkpoint_017_sign_433.jpg","photo_url":"https://drive.google.com/thumbnail?id=1KfLIDysKQI2f510MIA30jy31B4oaFnFI&sz=w1200","photo_view":"https://drive.google.com/file/d/1KfLIDysKQI2f510MIA30jy31B4oaFnFI/view","label_stats":{"3.27":{"detections":34,"mean_conf":0.885,"max_conf":0.911}},"alt":431.16,"session":"2026-09-30_session_2026-09-30_14-10-32","kind":"sign"}},{"type":"Feature","geometry":{"type":"Point","coordinates":[44.826287,41.6861436]},"properties":{"pole_id":434,"labels":["3.27"],"track_ids":[434],"conf":0.904,"n_frames":13,"first_ts":1790779399801964000,"last_ts":1790779411068705000,"image":"session_2026-09-30_14-10-32_checkpoint_017_photos/session_2026-09-30_14-10-32_checkpoint_017_sign_434.jpg","photo_url":"https://drive.google.com/thumbnail?id=1S-TDts07t_v5GobOL1JPnEsfsWOQowPI&sz=w1200","photo_view":"https://drive.google.com/file/d/1S-TDts07t_v5GobOL1JPnEsfsWOQowPI/view","label_stats":{"3.27":{"detections":32,"mean_conf":0.86,"max_conf":0.911}},"alt":431.33,"session":"2026-09-30_session_2026-09-30_14-10-32","kind":"sign"}},{"type":"Feature","geometry":{"type":"Point","coordinates":[44.8264816,41.6863217]},"properties":{"pole_id":435,"labels":["2.1"],"track_ids":[435],"conf":0.878,"n_frames":3,"first_ts":1790779409268686000,"last_ts":1790779409735361000,"image":"session_2026-09-30_14-10-32_checkpoint_017_photos/session_2026-09-30_14-10-32_checkpoint_017_sign_435.jpg","photo_url":"https://drive.google.com/thumbnail?id=1GXJtgqQSgQITW8xgwD-iSyD_0uxU64mq&sz=w1200","photo_view":"https://drive.google.com/file/d/1GXJtgqQSgQITW8xgwD-iSyD_0uxU64mq/view","label_stats":{"2.1":{"detections":10,"mean_conf":0.854,"max_conf":0.879}},"alt":438.96,"session":"2026-09-30_session_2026-09-30_14-10-32","kind":"sign"}},{"type":"Feature","geometry":{"type":"Point","coordinates":[44.8264877,41.686264]},"properties":{"pole_id":436,"labels":["2.1"],"track_ids":[436],"conf":0.879,"n_frames":7,"first_ts":1790779409335350000,"last_ts":1790779409668697000,"image":"session_2026-09-30_14-10-32_checkpoint_017_photos/session_2026-09-30_14-10-32_checkpoint_017_sign_436.jpg","photo_url":"https://drive.google.com/thumbnail?id=1rYs78Lj_6o9omJbFx4lPxqpRsAKrHEh2&sz=w1200","photo_view":"https://drive.google.com/file/d/1rYs78Lj_6o9omJbFx4lPxqpRsAKrHEh2/view","label_stats":{"2.1":{"detections":7,"mean_conf":0.849,"max_conf":0.879}},"alt":439.22,"session":"2026-09-30_session_2026-09-30_14-10-32","kind":"sign"}},{"type":"Feature","geometry":{"type":"Point","coordinates":[44.8264589,41.6863787]},"properties":{"pole_id":437,"labels":["2.1"],"track_ids":[437],"conf":0.903,"n_frames":6,"first_ts":1790779409802025000,"last_ts":1790779410935378000,"image":"session_2026-09-30_14-10-32_checkpoint_017_photos/session_2026-09-30_14-10-32_checkpoint_017_sign_437.jpg","photo_url":"https://drive.google.com/thumbnail?id=1SF42paMiNgS0MJaKmc0XG_shGoLOz1qA&sz=w1200","photo_view":"https://drive.google.com/file/d/1SF42paMiNgS0MJaKmc0XG_shGoLOz1qA/view","label_stats":{"2.1":{"detections":35,"mean_conf":0.882,"max_conf":0.911}},"alt":438.61,"session":"2026-09-30_session_2026-09-30_14-10-32","kind":"sign"}},{"type":"Feature","geometry":{"type":"Point","coordinates":[44.8264584,41.6864824]},"properties":{"pole_id":438,"labels":["2.1"],"track_ids":[438],"conf":0.892,"n_frames":7,"first_ts":1790779409902032000,"last_ts":1790779410968697000,"image":"session_2026-09-30_14-10-32_checkpoint_017_photos/session_2026-09-30_14-10-32_checkpoint_017_sign_438.jpg","photo_url":"https://drive.google.com/thumbnail?id=1oqpudmZyPyCCEwIwO0UyvBeBdrVp_vl2&sz=w1200","photo_view":"https://drive.google.com/file/d/1oqpudmZyPyCCEwIwO0UyvBeBdrVp_vl2/view","label_stats":{"2.1":{"detections":33,"mean_conf":0.882,"max_conf":0.911}},"alt":438.53,"session":"2026-09-30_session_2026-09-30_14-10-32","kind":"sign"}},{"type":"Feature","geometry":{"type":"Point","coordinates":[44.8264507,41.6865755]},"properties":{"pole_id":439,"labels":["2.1"],"track_ids":[439],"conf":0.911,"n_frames":6,"first_ts":1790779409968694000,"last_ts":1790779411002042000,"image":"session_2026-09-30_14-10-32_checkpoint_017_photos/session_2026-09-30_14-10-32_checkpoint_017_sign_439.jpg","photo_url":"https://drive.google.com/thumbnail?id=1EVsPOxvVCMY-NvEsJ9dKsJ4X-APCkAkZ&sz=w1200","photo_view":"https://drive.google.com/file/d/1EVsPOxvVCMY-NvEsJ9dKsJ4X-APCkAkZ/view","label_stats":{"2.1":{"detections":32,"mean_conf":0.883,"max_conf":0.911}},"alt":438.45,"session":"2026-09-30_session_2026-09-30_14-10-32","kind":"sign"}},{"type":"Feature","geometry":{"type":"Point","coordinates":[44.8263971,41.6857301]},"properties":{"pole_id":440,"labels":["2.1","5.19.1"],"track_ids":[440],"conf":0.896,"n_frames":12,"first_ts":1790779410402019000,"last_ts":1790779410602035000,"image":"session_2026-09-30_14-10-32_checkpoint_017_photos/session_2026-09-30_14-10-32_checkpoint_017_sign_440.jpg","photo_url":"https://drive.google.com/thumbnail?id=1cNmP2eYe54weI4CKZZQjY8nX-6z23zoU&sz=w1200","photo_view":"https://drive.google.com/file/d/1cNmP2eYe54weI4CKZZQjY8nX-6z23zoU/view","label_stats":{"2.1":{"detections":7,"mean_conf":0.873,"max_conf":0.896},"5.19.1":{"detections":6,"mean_conf":0.897,"max_conf":0.899}},"alt":438.51,"session":"2026-09-30_session_2026-09-30_14-10-32","kind":"sign"}},{"type":"Feature","geometry":{"type":"Point","coordinates":[44.8256349,41.684861]},"properties":{"pole_id":441,"labels":["8.13","5.19.1","2.1"],"track_ids":[441],"conf":0.922,"n_frames":15,"first_ts":1790779411435366000,"last_ts":1790779411568722000,"image":"session_2026-09-30_14-10-32_checkpoint_017_photos/session_2026-09-30_14-10-32_checkpoint_017_sign_441.jpg","photo_url":"https://drive.google.com/thumbnail?id=1CPLZckl2VPraFEAn8ERLm9u-EZJKIA8h&sz=w1200","photo_view":"https://drive.google.com/file/d/1CPLZckl2VPraFEAn8ERLm9u-EZJKIA8h/view","label_stats":{"2.1":{"detections":5,"mean_conf":0.873,"max_conf":0.908},"5.19.1":{"detections":5,"mean_conf":0.916,"max_conf":0.918},"8.13":{"detections":5,"mean_conf":0.833,"max_conf":0.922}},"alt":439.14,"session":"2026-09-30_session_2026-09-30_14-10-32","kind":"sign"}},{"type":"Feature","geometry":{"type":"Point","coordinates":[44.82627,41.686714]},"properties":{"pole_id":442,"labels":["3.24_20","1.23"],"track_ids":[442],"conf":0.836,"n_frames":6,"first_ts":1790779414168726000,"last_ts":1790779414268733000,"image":"session_2026-09-30_14-10-32_checkpoint_017_photos/session_2026-09-30_14-10-32_checkpoint_017_sign_442.jpg","photo_url":"https://drive.google.com/thumbnail?id=1VO-klaACLqu8mDPh0SYqOa_Cb_OpOxMt&sz=w1200","photo_view":"https://drive.google.com/file/d/1VO-klaACLqu8mDPh0SYqOa_Cb_OpOxMt/view","label_stats":{"1.23":{"detections":3,"mean_conf":0.557,"max_conf":0.672},"3.24_20":{"detections":3,"mean_conf":0.611,"max_conf":0.836}},"alt":442.24,"session":"2026-09-30_session_2026-09-30_14-10-32","kind":"sign"}},{"type":"Feature","geometry":{"type":"Point","coordinates":[44.826228,41.6867288]},"properties":{"pole_id":443,"labels":["3.24_20"],"track_ids":[443],"conf":0.936,"n_frames":9,"first_ts":1790779414302078000,"last_ts":1790779414535412000,"image":"session_2026-09-30_14-10-32_checkpoint_017_photos/session_2026-09-30_14-10-32_checkpoint_017_sign_443.jpg","photo_url":"https://drive.google.com/thumbnail?id=1MJH7_9u4XHHeoGRALVS9_7ddYI4PJ_U8&sz=w1200","photo_view":"https://drive.google.com/file/d/1MJH7_9u4XHHeoGRALVS9_7ddYI4PJ_U8/view","label_stats":{"3.24_20":{"detections":6,"mean_conf":0.834,"max_conf":0.936}},"alt":442.37,"session":"2026-09-30_session_2026-09-30_14-10-32","kind":"sign"}},{"type":"Feature","geometry":{"type":"Point","coordinates":[44.8266257,41.6868606]},"properties":{"pole_id":444,"labels":["1.23"],"track_ids":[444],"conf":0.859,"n_frames":3,"first_ts":1790779419835457000,"last_ts":1790779419902121000,"image":"session_2026-09-30_14-10-32_checkpoint_017_photos/session_2026-09-30_14-10-32_checkpoint_017_sign_444.jpg","photo_url":"https://drive.google.com/thumbnail?id=1OnqblhrWhdaM39PG1FEe23ZFJW-51iB7&sz=w1200","photo_view":"https://drive.google.com/file/d/1OnqblhrWhdaM39PG1FEe23ZFJW-51iB7/view","label_stats":{"1.23":{"detections":3,"mean_conf":0.721,"max_conf":0.859}},"alt":433.1,"session":"2026-09-30_session_2026-09-30_14-10-32","kind":"sign"}},{"type":"Feature","geometry":{"type":"Point","coordinates":[44.8266494,41.6868258]},"properties":{"pole_id":445,"labels":["1.23"],"track_ids":[445],"conf":0.867,"n_frames":39,"first_ts":1790779419968784000,"last_ts":1790779421168805000,"image":"session_2026-09-30_14-10-32_checkpoint_017_photos/session_2026-09-30_14-10-32_checkpoint_017_sign_445.jpg","photo_url":"https://drive.google.com/thumbnail?id=1SruAA14TAa3FOC3IsCQeDwZGM3_ng6Md&sz=w1200","photo_view":"https://drive.google.com/file/d/1SruAA14TAa3FOC3IsCQeDwZGM3_ng6Md/view","label_stats":{"1.23":{"detections":29,"mean_conf":0.699,"max_conf":0.867}},"alt":433.68,"session":"2026-09-30_session_2026-09-30_14-10-32","kind":"sign"}},{"type":"Feature","geometry":{"type":"Point","coordinates":[44.8269798,41.6867701]},"properties":{"pole_id":446,"labels":["7.4"],"track_ids":[446],"conf":0.955,"n_frames":81,"first_ts":1790779441335633000,"last_ts":1790779444002327000,"image":"session_2026-09-30_14-10-32_checkpoint_017_photos/session_2026-09-30_14-10-32_checkpoint_017_sign_446.jpg","photo_url":"https://drive.google.com/thumbnail?id=1RQud9ZM7A5tQHVNa6krppae0GfCBo5pP&sz=w1200","photo_view":"https://drive.google.com/file/d/1RQud9ZM7A5tQHVNa6krppae0GfCBo5pP/view","label_stats":{"7.4":{"detections":74,"mean_conf":0.919,"max_conf":0.955}},"alt":429.58,"session":"2026-09-30_session_2026-09-30_14-10-32","kind":"sign"}},{"type":"Feature","geometry":{"type":"Point","coordinates":[44.8273691,41.686692]},"properties":{"pole_id":447,"labels":["7.4","5.19.1"],"track_ids":[447],"conf":0.946,"n_frames":474,"first_ts":1790779457835782000,"last_ts":1790779538969676000,"image":"session_2026-09-30_14-10-32_checkpoint_017_photos/session_2026-09-30_14-10-32_checkpoint_017_sign_447.jpg","photo_url":"https://drive.google.com/thumbnail?id=1Aa_LSMTb3iT33RkzxWIj5a38lVsmhXGK&sz=w1200","photo_view":"https://drive.google.com/file/d/1Aa_LSMTb3iT33RkzxWIj5a38lVsmhXGK/view","label_stats":{"5.19.1":{"detections":141,"mean_conf":0.897,"max_conf":0.933},"7.4":{"detections":1108,"mean_conf":0.937,"max_conf":0.95}},"alt":426.76,"session":"2026-09-30_session_2026-09-30_14-10-32","kind":"sign"}},{"type":"Feature","geometry":{"type":"Point","coordinates":[44.8275381,41.6866804]},"properties":{"pole_id":448,"labels":["7.4"],"track_ids":[448],"conf":0.947,"n_frames":154,"first_ts":1790779501836111000,"last_ts":1790779541203013000,"image":"session_2026-09-30_14-10-32_checkpoint_017_photos/session_2026-09-30_14-10-32_checkpoint_017_sign_448.jpg","photo_url":"https://drive.google.com/thumbnail?id=1qLbC-BO4L_ZLQIdK3MNgmY3HiktrT0Bx&sz=w1200","photo_view":"https://drive.google.com/file/d/1qLbC-BO4L_ZLQIdK3MNgmY3HiktrT0Bx/view","label_stats":{"7.4":{"detections":1172,"mean_conf":0.936,"max_conf":0.95}},"alt":428.07,"session":"2026-09-30_session_2026-09-30_14-10-32","kind":"sign"}},{"type":"Feature","geometry":{"type":"Point","coordinates":[44.8275274,41.6867353]},"properties":{"pole_id":449,"labels":["7.4"],"track_ids":[449],"conf":0.945,"n_frames":33,"first_ts":1790779505202776000,"last_ts":1790779510002819000,"image":"session_2026-09-30_14-10-32_checkpoint_017_photos/session_2026-09-30_14-10-32_checkpoint_017_sign_449.jpg","photo_url":"https://drive.google.com/thumbnail?id=129bSX1fNyJOPiPHGg_-zNrOHyhAw_OyN&sz=w1200","photo_view":"https://drive.google.com/file/d/129bSX1fNyJOPiPHGg_-zNrOHyhAw_OyN/view","label_stats":{"7.4":{"detections":145,"mean_conf":0.94,"max_conf":0.949}},"alt":428.19,"session":"2026-09-30_session_2026-09-30_14-10-32","kind":"sign"}},{"type":"Feature","geometry":{"type":"Point","coordinates":[44.8274764,41.6867935]},"properties":{"pole_id":450,"labels":["7.4"],"track_ids":[450],"conf":0.953,"n_frames":95,"first_ts":1790779506236121000,"last_ts":1790779557169786000,"image":"session_2026-09-30_14-10-32_checkpoint_017_photos/session_2026-09-30_14-10-32_checkpoint_017_sign_450.jpg","photo_url":"https://drive.google.com/thumbnail?id=1LyZNkBVU3Jhq9DiR0Scgw0UvCFq_UhqK&sz=w1200","photo_view":"https://drive.google.com/file/d/1LyZNkBVU3Jhq9DiR0Scgw0UvCFq_UhqK/view","label_stats":{"7.4":{"detections":1136,"mean_conf":0.936,"max_conf":0.953}},"alt":425.64,"session":"2026-09-30_session_2026-09-30_14-10-32","kind":"sign"}},{"type":"Feature","geometry":{"type":"Point","coordinates":[44.8274604,41.6868587]},"properties":{"pole_id":451,"labels":["7.4"],"track_ids":[451],"conf":0.946,"n_frames":17,"first_ts":1790779507302813000,"last_ts":1790779557269797000,"image":"session_2026-09-30_14-10-32_checkpoint_017_photos/session_2026-09-30_14-10-32_checkpoint_017_sign_451.jpg","photo_url":"https://drive.google.com/thumbnail?id=16xzjFeZ89rvkXscb0X-k7aE1N-aiMoYg&sz=w1200","photo_view":"https://drive.google.com/file/d/16xzjFeZ89rvkXscb0X-k7aE1N-aiMoYg/view","label_stats":{"7.4":{"detections":1107,"mean_conf":0.936,"max_conf":0.953}},"alt":428.31,"session":"2026-09-30_session_2026-09-30_14-10-32","kind":"sign"}},{"type":"Feature","geometry":{"type":"Point","coordinates":[44.8274362,41.6868133]},"properties":{"pole_id":452,"labels":["7.4"],"track_ids":[452],"conf":0.95,"n_frames":64,"first_ts":1790779507736136000,"last_ts":1790779519969566000,"image":"session_2026-09-30_14-10-32_checkpoint_017_photos/session_2026-09-30_14-10-32_checkpoint_017_sign_452.jpg","photo_url":"https://drive.google.com/thumbnail?id=18-QaPjIZtX0gRNL7LhT9ZIWVIssTZ5uy&sz=w1200","photo_view":"https://drive.google.com/file/d/18-QaPjIZtX0gRNL7LhT9ZIWVIssTZ5uy/view","label_stats":{"7.4":{"detections":368,"mean_conf":0.942,"max_conf":0.95}},"alt":425.78,"session":"2026-09-30_session_2026-09-30_14-10-32","kind":"sign"}},{"type":"Feature","geometry":{"type":"Point","coordinates":[44.8274782,41.6867519]},"properties":{"pole_id":453,"labels":["7.4"],"track_ids":[453],"conf":0.944,"n_frames":5,"first_ts":1790779507902808000,"last_ts":1790779509969500000,"image":"session_2026-09-30_14-10-32_checkpoint_017_photos/session_2026-09-30_14-10-32_checkpoint_017_sign_453.jpg","photo_url":"https://drive.google.com/thumbnail?id=1prvAXwzaJ98kurJXAS3Tm8ElMucA5DTn&sz=w1200","photo_view":"https://drive.google.com/file/d/1prvAXwzaJ98kurJXAS3Tm8ElMucA5DTn/view","label_stats":{"7.4":{"detections":63,"mean_conf":0.942,"max_conf":0.949}},"alt":428.35,"session":"2026-09-30_session_2026-09-30_14-10-32","kind":"sign"}},{"type":"Feature","geometry":{"type":"Point","coordinates":[44.8274133,41.6868819]},"properties":{"pole_id":454,"labels":["7.4"],"track_ids":[454],"conf":0.953,"n_frames":8,"first_ts":1790779508236154000,"last_ts":1790779557336460000,"image":"session_2026-09-30_14-10-32_checkpoint_017_photos/session_2026-09-30_14-10-32_checkpoint_017_sign_454.jpg","photo_url":"https://drive.google.com/thumbnail?id=1Ws5TeUpKFkzBlVtB2bXpqgpd6Ct8bS8g&sz=w1200","photo_view":"https://drive.google.com/file/d/1Ws5TeUpKFkzBlVtB2bXpqgpd6Ct8bS8g/view","label_stats":{"7.4":{"detections":1081,"mean_conf":0.936,"max_conf":0.953}},"alt":428.34,"session":"2026-09-30_session_2026-09-30_14-10-32","kind":"sign"}},{"type":"Feature","geometry":{"type":"Point","coordinates":[44.8273887,41.6869212]},"properties":{"pole_id":455,"labels":["7.4"],"track_ids":[455],"conf":0.949,"n_frames":14,"first_ts":1790779508336135000,"last_ts":1790779557469786000,"image":"session_2026-09-30_14-10-32_checkpoint_017_photos/session_2026-09-30_14-10-32_checkpoint_017_sign_455.jpg","photo_url":"https://drive.google.com/thumbnail?id=12b09sNrRQmqQSuhTAOSh-7xEqiGWbpI9&sz=w1200","photo_view":"https://drive.google.com/file/d/12b09sNrRQmqQSuhTAOSh-7xEqiGWbpI9/view","label_stats":{"7.4":{"detections":1082,"mean_conf":0.936,"max_conf":0.953}},"alt":428.34,"session":"2026-09-30_session_2026-09-30_14-10-32","kind":"sign"}},{"type":"Feature","geometry":{"type":"Point","coordinates":[44.8274353,41.6867743]},"properties":{"pole_id":456,"labels":["7.4"],"track_ids":[456],"conf":0.949,"n_frames":4,"first_ts":1790779509069480000,"last_ts":1790779521002886000,"image":"session_2026-09-30_14-10-32_checkpoint_017_photos/session_2026-09-30_14-10-32_checkpoint_017_sign_456.jpg","photo_url":"https://drive.google.com/thumbnail?id=1aRfuYg4lo5h8U3h6Ld5PTeIZPjxKda5l&sz=w1200","photo_view":"https://drive.google.com/file/d/1aRfuYg4lo5h8U3h6Ld5PTeIZPjxKda5l/view","label_stats":{"7.4":{"detections":359,"mean_conf":0.942,"max_conf":0.95}},"alt":427.32,"session":"2026-09-30_session_2026-09-30_14-10-32","kind":"sign"}},{"type":"Feature","geometry":{"type":"Point","coordinates":[44.8273753,41.6868368]},"properties":{"pole_id":457,"labels":["7.4"],"track_ids":[457],"conf":0.947,"n_frames":5,"first_ts":1790779509136143000,"last_ts":1790779519936222000,"image":"session_2026-09-30_14-10-32_checkpoint_017_photos/session_2026-09-30_14-10-32_checkpoint_017_sign_457.jpg","photo_url":"https://drive.google.com/thumbnail?id=1gtiM4RWlBEi65_wHWBbgZA6WJKn6WRTm&sz=w1200","photo_view":"https://drive.google.com/file/d/1gtiM4RWlBEi65_wHWBbgZA6WJKn6WRTm/view","label_stats":{"7.4":{"detections":325,"mean_conf":0.942,"max_conf":0.95}},"alt":428.33,"session":"2026-09-30_session_2026-09-30_14-10-32","kind":"sign"}},{"type":"Feature","geometry":{"type":"Point","coordinates":[44.8273524,41.6869124]},"properties":{"pole_id":458,"labels":["7.4"],"track_ids":[458],"conf":0.941,"n_frames":6,"first_ts":1790779509202807000,"last_ts":1790779557503132000,"image":"session_2026-09-30_14-10-32_checkpoint_017_photos/session_2026-09-30_14-10-32_checkpoint_017_sign_458.jpg","photo_url":"https://drive.google.com/thumbnail?id=1YSOqrz9bhPClxEjf-0vG76an9tHMKQh9&sz=w1200","photo_view":"https://drive.google.com/file/d/1YSOqrz9bhPClxEjf-0vG76an9tHMKQh9/view","label_stats":{"7.4":{"detections":1057,"mean_conf":0.936,"max_conf":0.953}},"alt":428.32,"session":"2026-09-30_session_2026-09-30_14-10-32","kind":"sign"}},{"type":"Feature","geometry":{"type":"Point","coordinates":[44.8273188,41.686942]},"properties":{"pole_id":459,"labels":["7.4"],"track_ids":[459],"conf":0.943,"n_frames":4,"first_ts":1790779509269469000,"last_ts":1790779509736166000,"image":"session_2026-09-30_14-10-32_checkpoint_017_photos/session_2026-09-30_14-10-32_checkpoint_017_sign_459.jpg","photo_url":"https://drive.google.com/thumbnail?id=1Y-F0IVxtc9sxdDFeIHlztumlf11Jmgdc&sz=w1200","photo_view":"https://drive.google.com/file/d/1Y-F0IVxtc9sxdDFeIHlztumlf11Jmgdc/view","label_stats":{"7.4":{"detections":15,"mean_conf":0.942,"max_conf":0.946}},"alt":428.32,"session":"2026-09-30_session_2026-09-30_14-10-32","kind":"sign"}},{"type":"Feature","geometry":{"type":"Point","coordinates":[44.8272827,41.6869871]},"properties":{"pole_id":460,"labels":["7.4"],"track_ids":[460],"conf":0.946,"n_frames":11,"first_ts":1790779509336160000,"last_ts":1790779509669476000,"image":"session_2026-09-30_14-10-32_checkpoint_017_photos/session_2026-09-30_14-10-32_checkpoint_017_sign_460.jpg","photo_url":"https://drive.google.com/thumbnail?id=1GceXylPpMNYCdRld4sKhG7clB2sLr7yV&sz=w1200","photo_view":"https://drive.google.com/file/d/1GceXylPpMNYCdRld4sKhG7clB2sLr7yV/view","label_stats":{"7.4":{"detections":11,"mean_conf":0.942,"max_conf":0.946}},"alt":428.32,"session":"2026-09-30_session_2026-09-30_14-10-32","kind":"sign"}},{"type":"Feature","geometry":{"type":"Point","coordinates":[44.8272573,41.6869086]},"properties":{"pole_id":461,"labels":["7.4"],"track_ids":[461],"conf":0.943,"n_frames":3,"first_ts":1790779510069481000,"last_ts":1790779519836213000,"image":"session_2026-09-30_14-10-32_checkpoint_017_photos/session_2026-09-30_14-10-32_checkpoint_017_sign_461.jpg","photo_url":"https://drive.google.com/thumbnail?id=1Q0fjxBfDJtelidUuP9cMbbYLgwyPAH0P&sz=w1200","photo_view":"https://drive.google.com/file/d/1Q0fjxBfDJtelidUuP9cMbbYLgwyPAH0P/view","label_stats":{"7.4":{"detections":294,"mean_conf":0.942,"max_conf":0.95}},"alt":425.96,"session":"2026-09-30_session_2026-09-30_14-10-32","kind":"sign"}},{"type":"Feature","geometry":{"type":"Point","coordinates":[44.8271542,41.6869777]},"properties":{"pole_id":462,"labels":["7.4"],"track_ids":[462],"conf":0.945,"n_frames":6,"first_ts":1790779510102826000,"last_ts":1790779519736231000,"image":"session_2026-09-30_14-10-32_checkpoint_017_photos/session_2026-09-30_14-10-32_checkpoint_017_sign_462.jpg","photo_url":"https://drive.google.com/thumbnail?id=1WLTqAitJdwYSFQ9i95o5GCQlkyTfLZDf&sz=w1200","photo_view":"https://drive.google.com/file/d/1WLTqAitJdwYSFQ9i95o5GCQlkyTfLZDf/view","label_stats":{"7.4":{"detections":290,"mean_conf":0.942,"max_conf":0.95}},"alt":425.96,"session":"2026-09-30_session_2026-09-30_14-10-32","kind":"sign"}},{"type":"Feature","geometry":{"type":"Point","coordinates":[44.8266792,41.6873968]},"properties":{"pole_id":463,"labels":["7.4"],"track_ids":[463],"conf":0.944,"n_frames":3,"first_ts":1790779510336161000,"last_ts":1790779514969533000,"image":"session_2026-09-30_14-10-32_checkpoint_017_photos/session_2026-09-30_14-10-32_checkpoint_017_sign_463.jpg","photo_url":"https://drive.google.com/thumbnail?id=1BG1nwtvLMxEsV_ablWKwLvIlhtvZGAVv&sz=w1200","photo_view":"https://drive.google.com/file/d/1BG1nwtvLMxEsV_ablWKwLvIlhtvZGAVv/view","label_stats":{"7.4":{"detections":140,"mean_conf":0.941,"max_conf":0.947}},"alt":428.31,"session":"2026-09-30_session_2026-09-30_14-10-32","kind":"sign"}},{"type":"Feature","geometry":{"type":"Point","coordinates":[44.8265971,41.6874622]},"properties":{"pole_id":464,"labels":["7.4"],"track_ids":[464],"conf":0.943,"n_frames":7,"first_ts":1790779510402825000,"last_ts":1790779510602813000,"image":"session_2026-09-30_14-10-32_checkpoint_017_photos/session_2026-09-30_14-10-32_checkpoint_017_sign_464.jpg","photo_url":"https://drive.google.com/thumbnail?id=1URvsA5_LW02ZoBJplBiRVEtUp0XEyyB4&sz=w1200","photo_view":"https://drive.google.com/file/d/1URvsA5_LW02ZoBJplBiRVEtUp0XEyyB4/view","label_stats":{"7.4":{"detections":7,"mean_conf":0.941,"max_conf":0.943}},"alt":428.33,"session":"2026-09-30_session_2026-09-30_14-10-32","kind":"sign"}},{"type":"Feature","geometry":{"type":"Point","coordinates":[44.8273449,41.686781]},"properties":{"pole_id":465,"labels":["7.4"],"track_ids":[465],"conf":0.944,"n_frames":21,"first_ts":1790779510969501000,"last_ts":1790779521936224000,"image":"session_2026-09-30_14-10-32_checkpoint_017_photos/session_2026-09-30_14-10-32_checkpoint_017_sign_465.jpg","photo_url":"https://drive.google.com/thumbnail?id=1wkI-Rmc09ac_YsgyI2ai3wwooydartAH&sz=w1200","photo_view":"https://drive.google.com/file/d/1wkI-Rmc09ac_YsgyI2ai3wwooydartAH/view","label_stats":{"7.4":{"detections":330,"mean_conf":0.942,"max_conf":0.95}},"alt":428.31,"session":"2026-09-30_session_2026-09-30_14-10-32","kind":"sign"}},{"type":"Feature","geometry":{"type":"Point","coordinates":[44.8274382,41.6867209]},"properties":{"pole_id":466,"labels":["7.4"],"track_ids":[466],"conf":0.944,"n_frames":38,"first_ts":1790779511002819000,"last_ts":1790779513002849000,"image":"session_2026-09-30_14-10-32_checkpoint_017_photos/session_2026-09-30_14-10-32_checkpoint_017_sign_466.jpg","photo_url":"https://drive.google.com/thumbnail?id=1ehzSLLUHNvM6H8IcB15lI3gb6ms48Vjx&sz=w1200","photo_view":"https://drive.google.com/file/d/1ehzSLLUHNvM6H8IcB15lI3gb6ms48Vjx/view","label_stats":{"7.4":{"detections":61,"mean_conf":0.94,"max_conf":0.945}},"alt":428.33,"session":"2026-09-30_session_2026-09-30_14-10-32","kind":"sign"}},{"type":"Feature","geometry":{"type":"Point","coordinates":[44.8273745,41.686746]},"properties":{"pole_id":467,"labels":["7.4"],"track_ids":[467],"conf":0.946,"n_frames":31,"first_ts":1790779511136172000,"last_ts":1790779526002921000,"image":"session_2026-09-30_14-10-32_checkpoint_017_photos/session_2026-09-30_14-10-32_checkpoint_017_sign_467.jpg","photo_url":"https://drive.google.com/thumbnail?id=1Lu1xpUDyFei1AyZKiTpUXBpoH9EWjn62&sz=w1200","photo_view":"https://drive.google.com/file/d/1Lu1xpUDyFei1AyZKiTpUXBpoH9EWjn62/view","label_stats":{"7.4":{"detections":447,"mean_conf":0.942,"max_conf":0.95}},"alt":426.57,"session":"2026-09-30_session_2026-09-30_14-10-32","kind":"sign"}},{"type":"Feature","geometry":{"type":"Point","coordinates":[44.8272837,41.6867845]},"properties":{"pole_id":468,"labels":["7.4"],"track_ids":[468],"conf":0.947,"n_frames":10,"first_ts":1790779513036168000,"last_ts":1790779522236250000,"image":"session_2026-09-30_14-10-32_checkpoint_017_photos/session_2026-09-30_14-10-32_checkpoint_017_sign_468.jpg","photo_url":"https://drive.google.com/thumbnail?id=1ZQwC3N501jluDX6NZlcI---oufX2mey1&sz=w1200","photo_view":"https://drive.google.com/file/d/1ZQwC3N501jluDX6NZlcI---oufX2mey1/view","label_stats":{"7.4":{"detections":277,"mean_conf":0.943,"max_conf":0.95}},"alt":426.35,"session":"2026-09-30_session_2026-09-30_14-10-32","kind":"sign"}},{"type":"Feature","geometry":{"type":"Point","coordinates":[44.826265,41.6871532]},"properties":{"pole_id":469,"labels":["7.4"],"track_ids":[469],"conf":0.94,"n_frames":5,"first_ts":1790779513436177000,"last_ts":1790779513569499000,"image":"session_2026-09-30_14-10-32_checkpoint_017_photos/session_2026-09-30_14-10-32_checkpoint_017_sign_469.jpg","photo_url":"https://drive.google.com/thumbnail?id=1jwB763Oqqv8HCtPWJp7Kk2G_oG4adLdb&sz=w1200","photo_view":"https://drive.google.com/file/d/1jwB763Oqqv8HCtPWJp7Kk2G_oG4adLdb/view","label_stats":{"7.4":{"detections":5,"mean_conf":0.937,"max_conf":0.94}},"alt":428.24,"session":"2026-09-30_session_2026-09-30_14-10-32","kind":"sign"}},{"type":"Feature","geometry":{"type":"Point","coordinates":[44.827289,41.6867534]},"properties":{"pole_id":470,"labels":["7.4"],"track_ids":[470],"conf":0.949,"n_frames":35,"first_ts":1790779513969505000,"last_ts":1790779524769583000,"image":"session_2026-09-30_14-10-32_checkpoint_017_photos/session_2026-09-30_14-10-32_checkpoint_017_sign_470.jpg","photo_url":"https://drive.google.com/thumbnail?id=1zQJCIIU9tC0bDgq-vZMN1FnhHldKvIoA&sz=w1200","photo_view":"https://drive.google.com/file/d/1zQJCIIU9tC0bDgq-vZMN1FnhHldKvIoA/view","label_stats":{"7.4":{"detections":325,"mean_conf":0.943,"max_conf":0.95}},"alt":426.52,"session":"2026-09-30_session_2026-09-30_14-10-32","kind":"sign"}},{"type":"Feature","geometry":{"type":"Point","coordinates":[44.8273285,41.6867348]},"properties":{"pole_id":471,"labels":["7.4"],"track_ids":[471],"conf":0.949,"n_frames":51,"first_ts":1790779514002851000,"last_ts":1790779526936259000,"image":"session_2026-09-30_14-10-32_checkpoint_017_photos/session_2026-09-30_14-10-32_checkpoint_017_sign_471.jpg","photo_url":"https://drive.google.com/thumbnail?id=17SbMEyWIXSq0_arBpwWwOau9NVTDBTxr&sz=w1200","photo_view":"https://drive.google.com/file/d/17SbMEyWIXSq0_arBpwWwOau9NVTDBTxr/view","label_stats":{"7.4":{"detections":389,"mean_conf":0.942,"max_conf":0.95}},"alt":426.57,"session":"2026-09-30_session_2026-09-30_14-10-32","kind":"sign"}},{"type":"Feature","geometry":{"type":"Point","coordinates":[44.8270959,41.6870168]},"properties":{"pole_id":472,"labels":["7.4"],"track_ids":[472],"conf":0.946,"n_frames":11,"first_ts":1790779519336227000,"last_ts":1790779519669543000,"image":"session_2026-09-30_14-10-32_checkpoint_017_photos/session_2026-09-30_14-10-32_checkpoint_017_sign_472.jpg","photo_url":"https://drive.google.com/thumbnail?id=1HMlPMEbvEVgXER8lwyRgOQ5K3a2KW3f9&sz=w1200","photo_view":"https://drive.google.com/file/d/1HMlPMEbvEVgXER8lwyRgOQ5K3a2KW3f9/view","label_stats":{"7.4":{"detections":11,"mean_conf":0.944,"max_conf":0.946}},"alt":425.92,"session":"2026-09-30_session_2026-09-30_14-10-32","kind":"sign"}},{"type":"Feature","geometry":{"type":"Point","coordinates":[44.8258934,41.6874013]},"properties":{"pole_id":473,"labels":["7.4"],"track_ids":[473],"conf":0.943,"n_frames":5,"first_ts":1790779520436235000,"last_ts":1790779520569562000,"image":"session_2026-09-30_14-10-32_checkpoint_017_photos/session_2026-09-30_14-10-32_checkpoint_017_sign_473.jpg","photo_url":"https://drive.google.com/thumbnail?id=1A7TnQ0okrKqWGeas35N3qtb58TegP0uG&sz=w1200","photo_view":"https://drive.google.com/file/d/1A7TnQ0okrKqWGeas35N3qtb58TegP0uG/view","label_stats":{"7.4":{"detections":5,"mean_conf":0.94,"max_conf":0.943}},"alt":426.15,"session":"2026-09-30_session_2026-09-30_14-10-32","kind":"sign"}},{"type":"Feature","geometry":{"type":"Point","coordinates":[44.8272173,41.6868043]},"properties":{"pole_id":474,"labels":["7.4"],"track_ids":[474],"conf":0.95,"n_frames":14,"first_ts":1790779521269565000,"last_ts":1790779521702889000,"image":"session_2026-09-30_14-10-32_checkpoint_017_photos/session_2026-09-30_14-10-32_checkpoint_017_sign_474.jpg","photo_url":"https://drive.google.com/thumbnail?id=1ztNV8mFzV-hSGnqa8fOyOdu_FbL8-DMQ&sz=w1200","photo_view":"https://drive.google.com/file/d/1ztNV8mFzV-hSGnqa8fOyOdu_FbL8-DMQ/view","label_stats":{"7.4":{"detections":14,"mean_conf":0.946,"max_conf":0.95}},"alt":426.32,"session":"2026-09-30_session_2026-09-30_14-10-32","kind":"sign"}},{"type":"Feature","geometry":{"type":"Point","coordinates":[44.8272408,41.6867784]},"properties":{"pole_id":475,"labels":["7.4"],"track_ids":[475],"conf":0.949,"n_frames":20,"first_ts":1790779521736235000,"last_ts":1790779523536249000,"image":"session_2026-09-30_14-10-32_checkpoint_017_photos/session_2026-09-30_14-10-32_checkpoint_017_sign_475.jpg","photo_url":"https://drive.google.com/thumbnail?id=1Lbc6hCkE1y8qAI1PBeYllQZyp14a1Rod&sz=w1200","photo_view":"https://drive.google.com/file/d/1Lbc6hCkE1y8qAI1PBeYllQZyp14a1Rod/view","label_stats":{"7.4":{"detections":55,"mean_conf":0.943,"max_conf":0.949}},"alt":426.42,"session":"2026-09-30_session_2026-09-30_14-10-32","kind":"sign"}},{"type":"Feature","geometry":{"type":"Point","coordinates":[44.8272614,41.686717]},"properties":{"pole_id":476,"labels":["7.4"],"track_ids":[476],"conf":0.941,"n_frames":8,"first_ts":1790779526136273000,"last_ts":1790779526869595000,"image":"session_2026-09-30_14-10-32_checkpoint_017_photos/session_2026-09-30_14-10-32_checkpoint_017_sign_476.jpg","photo_url":"https://drive.google.com/thumbnail?id=16WmQtTyFYRGnb0n36N_UIa_thYDp3ioa&sz=w1200","photo_view":"https://drive.google.com/file/d/16WmQtTyFYRGnb0n36N_UIa_thYDp3ioa/view","label_stats":{"7.4":{"detections":23,"mean_conf":0.938,"max_conf":0.943}},"alt":426.64,"session":"2026-09-30_session_2026-09-30_14-10-32","kind":"sign"}},{"type":"Feature","geometry":{"type":"Point","coordinates":[44.8271969,41.6867115]},"properties":{"pole_id":477,"labels":["7.4"],"track_ids":[477],"conf":0.943,"n_frames":15,"first_ts":1790779526269600000,"last_ts":1790779526736268000,"image":"session_2026-09-30_14-10-32_checkpoint_017_photos/session_2026-09-30_14-10-32_checkpoint_017_sign_477.jpg","photo_url":"https://drive.google.com/thumbnail?id=1RK8ohwrp5I9vlR0IoJ2R7KLMcXvWs7er&sz=w1200","photo_view":"https://drive.google.com/file/d/1RK8ohwrp5I9vlR0IoJ2R7KLMcXvWs7er/view","label_stats":{"7.4":{"detections":15,"mean_conf":0.938,"max_conf":0.943}},"alt":426.63,"session":"2026-09-30_session_2026-09-30_14-10-32","kind":"sign"}},{"type":"Feature","geometry":{"type":"Point","coordinates":[44.8273263,41.6866869]},"properties":{"pole_id":478,"labels":["7.4"],"track_ids":[478],"conf":0.944,"n_frames":29,"first_ts":1790779534136312000,"last_ts":1790779536636330000,"image":"session_2026-09-30_14-10-32_checkpoint_017_photos/session_2026-09-30_14-10-32_checkpoint_017_sign_478.jpg","photo_url":"https://drive.google.com/thumbnail?id=1u9IFlO5Hmv0W4IjGAI6x5TvKvWMDLOCF&sz=w1200","photo_view":"https://drive.google.com/file/d/1u9IFlO5Hmv0W4IjGAI6x5TvKvWMDLOCF/view","label_stats":{"7.4":{"detections":76,"mean_conf":0.938,"max_conf":0.944}},"alt":426.76,"session":"2026-09-30_session_2026-09-30_14-10-32","kind":"sign"}},{"type":"Feature","geometry":{"type":"Point","coordinates":[44.8277153,41.6866474]},"properties":{"pole_id":479,"labels":["7.4"],"track_ids":[479],"conf":0.934,"n_frames":22,"first_ts":1790779554236420000,"last_ts":1790779556969796000,"image":"session_2026-09-30_14-10-32_checkpoint_017_photos/session_2026-09-30_14-10-32_checkpoint_017_sign_479.jpg","photo_url":"https://drive.google.com/thumbnail?id=1B1Auq_wbo8v02pWNQy_hLA0Ut-b66Eu2&sz=w1200","photo_view":"https://drive.google.com/file/d/1B1Auq_wbo8v02pWNQy_hLA0Ut-b66Eu2/view","label_stats":{"7.4":{"detections":83,"mean_conf":0.914,"max_conf":0.951}},"alt":443.22,"session":"2026-09-30_session_2026-09-30_14-10-32","kind":"sign"}},{"type":"Feature","geometry":{"type":"Point","coordinates":[44.8276894,41.6866745]},"properties":{"pole_id":480,"labels":["7.4"],"track_ids":[480],"conf":0.951,"n_frames":66,"first_ts":1790779554303110000,"last_ts":1790779557036458000,"image":"session_2026-09-30_14-10-32_checkpoint_017_photos/session_2026-09-30_14-10-32_checkpoint_017_sign_480.jpg","photo_url":"https://drive.google.com/thumbnail?id=15tBItRcwurUx9b7pcT6rW6pImjPOEIOf&sz=w1200","photo_view":"https://drive.google.com/file/d/15tBItRcwurUx9b7pcT6rW6pImjPOEIOf/view","label_stats":{"7.4":{"detections":83,"mean_conf":0.915,"max_conf":0.951}},"alt":443.24,"session":"2026-09-30_session_2026-09-30_14-10-32","kind":"sign"}},{"type":"Feature","geometry":{"type":"MultiLineString","coordinates":[[[44.8276425,41.6868573],[44.8276448,41.6868809],[44.827647,41.6869061],[44.8276478,41.6869335],[44.827648,41.6869526],[44.8276534,41.6869737],[44.8276649,41.686996],[44.8276771,41.6870418],[44.8276808,41.6871107],[44.8276882,41.6871906],[44.8276856,41.6872714],[44.8276815,41.687342],[44.8276754,41.6874058],[44.8276666,41.6874649],[44.8276631,41.6875132],[44.8276603,41.6875471],[44.8276578,41.6875699],[44.8276556,41.6875899],[44.8276532,41.6876157],[44.8276508,41.6876501],[44.8276489,41.6876919],[44.8276469,41.6877452],[44.8276453,41.6878107],[44.8276432,41.6878867],[44.8276428,41.6879639],[44.8276457,41.6880379],[44.8276495,41.6881076],[44.8276505,41.688177],[44.8276506,41.6882482],[44.827651,41.6883212],[44.827651,41.6883917],[44.8276506,41.688456],[44.827647,41.6885123],[44.8276416,41.6885694],[44.8276408,41.6886272],[44.8276445,41.6886765],[44.8276456,41.6887161],[44.8276466,41.6887519],[44.8276468,41.6887883],[44.8276472,41.688834],[44.8276473,41.6888928],[44.8276468,41.6889598],[44.8276446,41.689023],[44.8276435,41.689083],[44.8276482,41.6891441],[44.8276537,41.6892076],[44.8276558,41.6892775],[44.8276569,41.6893596],[44.8276582,41.68945],[44.8276587,41.6895423],[44.8276593,41.689643],[44.8276653,41.6897564],[44.8276621,41.6898791],[44.8276579,41.690009],[44.8276547,41.6901356],[44.8276504,41.6902526],[44.8276451,41.6903595],[44.827641,41.6904521],[44.8276393,41.6905327],[44.8276308,41.6905917],[44.8276104,41.6906353],[44.827574,41.6906661],[44.8275265,41.6906849],[44.8274695,41.6906949],[44.8274047,41.6907023],[44.8273308,41.6907094],[44.8272402,41.6907195],[44.8271308,41.6907358],[44.8270068,41.690756],[44.8268798,41.690775],[44.8267572,41.6907931],[44.8266509,41.6908091],[44.8265488,41.6908253],[44.8264396,41.6908421],[44.8263194,41.6908601],[44.8261894,41.6908781],[44.8260589,41.6908938],[44.8259374,41.690909],[44.8258296,41.6909235],[44.8257337,41.6909377],[44.8256388,41.6909533],[44.8255457,41.6909676],[44.8254642,41.6909798],[44.8254001,41.6909888],[44.8253385,41.6909966],[44.8252765,41.6910049],[44.8252117,41.6910138],[44.8251443,41.6910221],[44.8250759,41.6910295],[44.825006,41.6910364],[44.8249387,41.6910441],[44.8248768,41.6910534],[44.8248165,41.6910608],[44.8247646,41.6910649],[44.8247181,41.6910679],[44.8246697,41.6910705],[44.8246219,41.6910825],[44.8245699,41.6910905],[44.8245141,41.6910983],[44.8244571,41.6911056],[44.8244018,41.6911142],[44.8243455,41.6911226],[44.8242866,41.6911313],[44.8242305,41.6911392],[44.8241773,41.6911486],[44.8241314,41.6911566],[44.8240868,41.691163],[44.8240443,41.6911688],[44.8240099,41.6911737],[44.8239804,41.691178],[44.8239508,41.6911826],[44.8239211,41.6911874],[44.8238892,41.6911928],[44.82385,41.6911995],[44.8238004,41.6912065],[44.8237444,41.6912132],[44.823687,41.6912252],[44.8236327,41.6912387],[44.8235875,41.6912496],[44.8235468,41.69126],[44.8235113,41.6912688],[44.8234737,41.6912765],[44.8234356,41.6912882],[44.8233972,41.6913004],[44.8233589,41.6913097],[44.8233203,41.6913172],[44.8232704,41.6913239],[44.823206,41.6913301],[44.8231299,41.6913352],[44.8230486,41.6913358],[44.8229662,41.6913323],[44.8228869,41.6913303],[44.8228208,41.6913276],[44.8227624,41.6913224],[44.8227063,41.6913104],[44.8226511,41.6912939],[44.8225935,41.6912728],[44.8225341,41.6912475],[44.8224694,41.6912235],[44.8224045,41.6912011],[44.8223409,41.6911805],[44.8222795,41.6911554],[44.8222188,41.6911263],[44.8221564,41.6911018],[44.8220937,41.6910857],[44.8220357,41.691075],[44.8219853,41.6910697],[44.8219374,41.6910673],[44.821899,41.6910679],[44.8218746,41.69107],[44.821837,41.6910719],[44.8217947,41.6910712],[44.8217678,41.6910716],[44.8217336,41.6910716],[44.8216968,41.6910734],[44.8216581,41.691078],[44.8216159,41.6910813],[44.8215746,41.6910825],[44.8215447,41.6910817],[44.8215197,41.6910828],[44.8214923,41.6910852],[44.8214573,41.6910875],[44.8214055,41.6910934],[44.8213492,41.6910989],[44.8212989,41.6911047],[44.821254,41.6911113],[44.8212151,41.6911183],[44.8211776,41.6911245],[44.8211434,41.6911308],[44.8211111,41.6911366],[44.8210756,41.6911408],[44.8210294,41.691147],[44.8209748,41.6911561],[44.8209131,41.691166],[44.8208477,41.6911759],[44.8207866,41.6911851],[44.8207378,41.6911924],[44.8207025,41.6911987],[44.8206686,41.6912039],[44.8206343,41.6912068],[44.8206064,41.6912102],[44.8205701,41.6912116],[44.8205365,41.6912001],[44.8205218,41.6911751],[44.8205182,41.6911566],[44.8205089,41.6911354],[44.8205015,41.6911151],[44.8204924,41.6910946],[44.8204736,41.6910781],[44.8204528,41.6910671],[44.8204209,41.6910615],[44.8203955,41.6910628],[44.820365,41.6910646],[44.8203402,41.691065],[44.8202965,41.6910695],[44.8202586,41.6910737],[44.8202328,41.6910782],[44.8202008,41.6910841],[44.8201725,41.6910895],[44.8201362,41.6910953],[44.820109,41.6910972],[44.8200805,41.6910978],[44.8200536,41.6910989],[44.8200214,41.6911007],[44.819992,41.6911025],[44.8199526,41.6911047],[44.8199045,41.691107],[44.8198772,41.6911084],[44.8198486,41.6911099],[44.8198203,41.6911111],[44.8197941,41.691112],[44.8197677,41.6911121],[44.81974,41.6911125],[44.819713,41.6911128],[44.8196883,41.6911139],[44.8196642,41.691115],[44.8196266,41.6911151],[44.8195987,41.6911144],[44.8195717,41.6911149],[44.8195415,41.6911143],[44.8195059,41.6911135],[44.8194791,41.691113],[44.8194465,41.6911121],[44.8194033,41.6911105],[44.8193589,41.6911088],[44.8193095,41.691107],[44.8192779,41.6911064],[44.8192394,41.6911054],[44.8191969,41.6911039],[44.8191593,41.6911027],[44.8191328,41.691102],[44.81909,41.6911004],[44.8190593,41.6910991],[44.8190128,41.6910972],[44.8189602,41.6910957],[44.8189087,41.6910939],[44.8188555,41.6910922],[44.8188009,41.6910913],[44.818751,41.6910912],[44.8187029,41.6910921],[44.818655,41.6910954],[44.818613,41.6910993],[44.818571,41.6911055],[44.8185286,41.6911139],[44.8184936,41.6911216],[44.8184688,41.691127],[44.8184329,41.6911349],[44.8183955,41.6911436],[44.8183713,41.691149],[44.8183401,41.6911566],[44.8183001,41.6911673],[44.8182541,41.6911788],[44.8182049,41.6911898],[44.8181547,41.6912007],[44.8181028,41.6912123],[44.8180494,41.6912245],[44.8179952,41.6912375],[44.8179396,41.6912514],[44.8178818,41.691265],[44.8178267,41.6912775],[44.8177735,41.6912896],[44.8177247,41.6913007],[44.8176793,41.691311],[44.817638,41.6913206],[44.8176012,41.6913296],[44.8175699,41.6913372],[44.8175451,41.6913426],[44.8175055,41.6913511],[44.8174795,41.6913563],[44.8174556,41.6913614],[44.8174304,41.6913665],[44.8173878,41.691376],[44.8173502,41.6913855],[44.817317,41.6913943],[44.8172926,41.6913993],[44.8172642,41.6914026],[44.8172188,41.6914212],[44.8171937,41.6914331],[44.817171,41.6914483],[44.8171514,41.6914664],[44.8171318,41.6914879],[44.8171093,41.6915107],[44.8170889,41.6915315],[44.817075,41.6915462],[44.8170611,41.6915617],[44.8170434,41.6915824],[44.8170176,41.6916118],[44.8170019,41.6916297],[44.8169859,41.6916491],[44.8169714,41.6916664],[44.8169472,41.6916953],[44.8169228,41.6917233],[44.8169023,41.6917467],[44.8168805,41.6917717],[44.8168547,41.691801],[44.8168414,41.6918171],[44.8168277,41.6918333],[44.8168138,41.6918501],[44.8168001,41.6918658],[44.8167861,41.6918829],[44.8167725,41.6918987],[44.816758,41.6919156],[44.8167369,41.69194],[44.8167237,41.6919551],[44.8167102,41.6919711],[44.8166966,41.6919872],[44.8166819,41.6920048],[44.8166676,41.6920213],[44.8166476,41.6920453],[44.8166319,41.6920643],[44.8166127,41.6920878],[44.8165928,41.6921125],[44.8165797,41.692128],[44.8165659,41.6921447],[44.816551,41.6921624],[44.8165325,41.6921822],[44.8165164,41.6921979],[44.8165012,41.6922128],[44.8164839,41.6922277],[44.8164642,41.692242],[44.816436,41.6922602],[44.8164016,41.6922777],[44.8163762,41.6922904],[44.816342,41.6923069],[44.8162979,41.6923247],[44.8162438,41.6923416],[44.8161822,41.6923588],[44.8161203,41.6923758],[44.816069,41.6923917],[44.8160303,41.6924072],[44.8159985,41.6924198],[44.8159663,41.6924316],[44.8159268,41.6924463],[44.8158847,41.692467],[44.8158369,41.6924895],[44.8157814,41.69251],[44.8157271,41.692532],[44.8156812,41.6925566],[44.8156496,41.6925787],[44.8156293,41.6925924],[44.8156095,41.6926052],[44.8155593,41.6926379],[44.8154994,41.6926698],[44.8154139,41.6927067],[44.8153239,41.6927412],[44.8152472,41.6927701],[44.8151828,41.6927955],[44.8151248,41.6928181],[44.8150685,41.6928384],[44.8150173,41.6928557],[44.8149697,41.6928724],[44.814928,41.6928885],[44.8148917,41.6929043],[44.8148659,41.6929206],[44.8148516,41.6929398],[44.8148452,41.6929647],[44.8148459,41.6929942],[44.8148498,41.6930291],[44.8148538,41.6930679],[44.8148545,41.693105],[44.814852,41.6931371],[44.814848,41.6931702],[44.8148447,41.6932066],[44.8148435,41.6932449],[44.8148473,41.6932799],[44.8148557,41.6933078],[44.8148662,41.6933244],[44.81488,41.6933404],[44.8148967,41.6933588],[44.8149136,41.6933787],[44.8149369,41.6934076],[44.8149617,41.6934401],[44.8149875,41.6934757],[44.8150165,41.6935116],[44.8150449,41.6935485],[44.8150734,41.6935852],[44.8151017,41.6936234],[44.8151334,41.6936652],[44.8151594,41.6937012],[44.815181,41.6937293],[44.8152036,41.6937546],[44.8152278,41.6937848],[44.8152537,41.6938231],[44.8152859,41.6938688],[44.815318,41.6939169],[44.8153542,41.693965],[44.8153885,41.6940133],[44.8154237,41.6940604],[44.8154619,41.6941081],[44.8155042,41.6941617],[44.8155476,41.6942215],[44.8155839,41.6942755],[44.815613,41.6943262],[44.8156425,41.6943672],[44.8156676,41.6943989],[44.8156881,41.6944342],[44.8157156,41.6944778],[44.815745,41.6945293],[44.815775,41.694586],[44.8158071,41.6946421],[44.815845,41.6946938],[44.8158837,41.6947451],[44.8159229,41.6947962],[44.8159656,41.6948442],[44.8160136,41.6948926],[44.8160546,41.6949339],[44.8160889,41.6949734],[44.8161163,41.6950085],[44.8161374,41.6950397],[44.8161537,41.6950669],[44.8161652,41.695092],[44.8161767,41.6951213],[44.8161945,41.6951626],[44.8162216,41.6952139],[44.8162564,41.6952664],[44.8162905,41.6953138],[44.8163187,41.6953554],[44.8163398,41.6953912],[44.8163539,41.6954284],[44.8163562,41.6954685],[44.8163475,41.6955051],[44.816331,41.6955412],[44.8163131,41.695578],[44.8162981,41.6956138],[44.8162856,41.6956488],[44.816272,41.6956803],[44.8162547,41.6957079],[44.8162304,41.6957372],[44.8162039,41.6957603],[44.8161846,41.6957753],[44.8161428,41.6958044],[44.8161056,41.6958277],[44.8160561,41.6958559],[44.8159986,41.6958891],[44.8159394,41.6959269],[44.81588,41.6959655],[44.81582,41.696003],[44.8157649,41.696038],[44.8157225,41.6960672],[44.8156841,41.6960898],[44.8156426,41.6961087],[44.8156009,41.6961281],[44.8155661,41.6961437],[44.815542,41.6961556],[44.8155186,41.6961666],[44.8154961,41.6961763],[44.8154713,41.6961816],[44.8154435,41.6961852],[44.8154203,41.6961917],[44.8153773,41.6962038],[44.8153546,41.6962148],[44.8153355,41.6962344],[44.8153208,41.6962586],[44.815303,41.6962824],[44.8152691,41.6963068],[44.8152194,41.6963287],[44.8151616,41.6963558],[44.8150966,41.696389],[44.8150217,41.6964224],[44.8149495,41.6964554],[44.8148833,41.6964859],[44.8148254,41.6965173],[44.8147671,41.6965505],[44.8147016,41.6965831],[44.8146358,41.6966173],[44.8145753,41.6966491],[44.8145321,41.6966714],[44.8145046,41.6966831],[44.8144781,41.6966923],[44.8144533,41.6967029],[44.8144303,41.6967127],[44.8144066,41.6967236],[44.814372,41.6967428],[44.8143379,41.6967697],[44.8143175,41.6967869],[44.8142914,41.6968037],[44.8142625,41.6968219],[44.8142403,41.6968405],[44.8142214,41.6968587],[44.8142005,41.6968791],[44.8141857,41.6969015],[44.8141759,41.6969195],[44.8141894,41.6968979],[44.8142001,41.6968774],[44.8142023,41.6968577],[44.8141748,41.6968483],[44.8141565,41.6968363],[44.8141206,41.6968126],[44.8140981,41.6967998],[44.8140705,41.6967868],[44.8140378,41.6967752],[44.8140051,41.6967598],[44.8139694,41.6967463],[44.8139327,41.6967307],[44.8139,41.6967141],[44.8138751,41.696701],[44.813855,41.69669],[44.8138321,41.6966768],[44.8138056,41.6966617],[44.8137844,41.6966492],[44.813761,41.6966362],[44.8137364,41.6966231],[44.813693,41.6966308],[44.8136703,41.6966525],[44.8136555,41.6966838],[44.8136273,41.6967264],[44.8135948,41.6967793],[44.8135536,41.696836],[44.81351,41.6968931],[44.8134666,41.6969494],[44.813429,41.696999],[44.8134019,41.6970409],[44.8133866,41.6970825],[44.8133876,41.6971259],[44.813408,41.6971714],[44.8134391,41.697218],[44.8134761,41.6972601],[44.8135132,41.6973],[44.8135477,41.6973401],[44.8135755,41.6973744],[44.8135948,41.6974003],[44.8136053,41.6974225],[44.8136162,41.6974422],[44.8136334,41.6974625],[44.8136543,41.6974879],[44.8136733,41.6975121],[44.8136848,41.6975345],[44.8137001,41.6975579],[44.8137241,41.6975861],[44.8137539,41.6976203],[44.8137878,41.6976575],[44.8138195,41.697699],[44.8138429,41.697746],[44.8138613,41.6977987],[44.8138751,41.6978566],[44.8138954,41.6979162],[44.8139135,41.6979772],[44.8139316,41.6980378],[44.8139505,41.6980928],[44.813965,41.6981419],[44.8139773,41.6981853],[44.8139848,41.6982258],[44.813992,41.698264],[44.8140013,41.6982941],[44.8140098,41.6983213],[44.814017,41.6983492],[44.8140266,41.6983814],[44.8140303,41.6984051],[44.8140338,41.6984241],[44.8140383,41.698446],[44.814044,41.6984705],[44.8140492,41.6984921],[44.8140365,41.6985238],[44.8140431,41.6985562],[44.8140591,41.6986003],[44.8140776,41.6986409],[44.8141002,41.6986691],[44.8141161,41.6986901],[44.8141176,41.6987107],[44.814114,41.6987489],[44.8141264,41.6987929],[44.8141474,41.6988545],[44.8141722,41.6989239],[44.8141951,41.6989834],[44.8142089,41.6990373],[44.8142183,41.6990861],[44.8142362,41.699134],[44.8142553,41.6991837],[44.8142783,41.6992392],[44.8143117,41.6992989],[44.8143401,41.699357],[44.8143619,41.6994155],[44.8143773,41.6994768],[44.8144001,41.6995391],[44.814432,41.6996011],[44.8144649,41.6996638],[44.8144962,41.6997246],[44.8145229,41.6997825],[44.8145473,41.6998351],[44.8145679,41.6998797],[44.8145889,41.6999168],[44.8146161,41.6999529],[44.8146408,41.6999877],[44.8146594,41.7000184],[44.8146693,41.7000402],[44.8146739,41.7000586],[44.8146717,41.7000792],[44.8146604,41.7001036],[44.8146386,41.7001339],[44.8146146,41.7001571],[44.8145918,41.7001728],[44.8145595,41.7001865],[44.8145175,41.7002099],[44.814464,41.700244],[44.8143963,41.7002761],[44.8143282,41.7003044],[44.8142637,41.7003322],[44.8141955,41.7003602],[44.8141207,41.7003899],[44.8140297,41.7004124],[44.8139331,41.700438],[44.8138561,41.7004704],[44.8137935,41.7005008],[44.8137329,41.7005309],[44.8136661,41.7005659],[44.8135863,41.7006055],[44.8135074,41.7006437],[44.8134393,41.7006771],[44.8133709,41.7007107],[44.8132971,41.7007476],[44.8132238,41.7007846],[44.8131516,41.700819],[44.8130848,41.7008488],[44.8130248,41.7008756],[44.8129708,41.7009039],[44.8129157,41.7009327],[44.8128558,41.7009651],[44.8127909,41.7010002],[44.8127287,41.7010356],[44.8126803,41.7010649],[44.8126419,41.7010896],[44.8126049,41.7011146],[44.8125583,41.7011463],[44.8125013,41.7011888],[44.8124365,41.7012419],[44.8123644,41.701303],[44.8122941,41.7013606],[44.8122387,41.7014036],[44.8121956,41.7014367],[44.8121686,41.7014599],[44.8121427,41.7014811],[44.8120963,41.7015145],[44.812055,41.7015493],[44.8120058,41.7015876],[44.8119578,41.7016213],[44.8119083,41.7016532],[44.8118605,41.7016835],[44.8118261,41.7017064],[44.811806,41.7017196],[44.8117682,41.701746],[44.8117388,41.7017666],[44.8117099,41.701788],[44.8116898,41.7018042],[44.8116711,41.7018176],[44.8116511,41.7018315],[44.811621,41.7018526],[44.8115747,41.7018874],[44.8115174,41.7019295],[44.8114575,41.7019684],[44.8113938,41.7019968],[44.8113249,41.7020193],[44.8112636,41.7020344],[44.8112263,41.7020386],[44.811191,41.7020322],[44.8111667,41.7020287],[44.8111352,41.7020337],[44.8110987,41.7020446],[44.8110596,41.7020532],[44.811022,41.7020585],[44.8109862,41.702066],[44.8109575,41.7020748],[44.810923,41.7020895],[44.8108974,41.7021057],[44.8108727,41.7021197],[44.8108376,41.7021448],[44.8108145,41.7021642],[44.8107868,41.7021887],[44.8107566,41.7022188],[44.8107233,41.702252],[44.810687,41.7022876],[44.8106463,41.7023251],[44.8106064,41.7023601],[44.8105772,41.7023918],[44.8105579,41.7024173],[44.8105476,41.7024395],[44.8105394,41.7024671],[44.8105279,41.7025021],[44.8105036,41.702542],[44.8104706,41.702581],[44.8104417,41.702614],[44.8104092,41.7026497],[44.8103716,41.7026906],[44.8103324,41.7027329],[44.8102975,41.702769],[44.810263,41.7028014],[44.8102224,41.702835],[44.8101765,41.7028694],[44.8101318,41.7029004],[44.8100924,41.7029282],[44.8100591,41.702953],[44.8100307,41.7029727],[44.8100037,41.7029922],[44.8099751,41.7030163],[44.8099477,41.7030411],[44.8099237,41.7030639],[44.8098986,41.7030911],[44.8098708,41.7031221],[44.8098393,41.7031558],[44.8098063,41.7031914],[44.8097817,41.7032234],[44.8097616,41.7032492],[44.8097444,41.7032727],[44.8097244,41.7033006],[44.809701,41.7033328],[44.8096694,41.7033674],[44.8096211,41.7033989],[44.8095565,41.7034241],[44.8094799,41.7034432],[44.8093989,41.7034578],[44.8093231,41.7034766],[44.8092528,41.7034947],[44.8091841,41.7035099],[44.809126,41.7035236],[44.8090849,41.7035388],[44.8090609,41.7035509],[44.8090354,41.7035646],[44.809013,41.7035753],[44.8089854,41.7035894],[44.8089612,41.7036046],[44.8089406,41.7036175],[44.8089166,41.7036331],[44.8088951,41.703647],[44.8088725,41.7036616],[44.8088492,41.7036748],[44.8088163,41.7036911],[44.808799,41.7037052],[44.8087807,41.7037208],[44.8087618,41.7037376],[44.8087458,41.7037517],[44.8087115,41.703782],[44.8086869,41.7038012],[44.8086614,41.7038217],[44.8086348,41.7038409],[44.8086114,41.7038559],[44.8085882,41.7038686],[44.8085663,41.7038814],[44.8085421,41.7038972],[44.808513,41.7039177],[44.8084824,41.7039449],[44.8084486,41.7039736],[44.8084128,41.7039997],[44.8083765,41.7040265],[44.8083409,41.7040482],[44.8083036,41.7040656],[44.8082675,41.704081],[44.8082271,41.7040945],[44.8081779,41.7041055],[44.8081207,41.7041164],[44.8080671,41.7041339],[44.8080243,41.7041593],[44.8079931,41.704182],[44.8079684,41.7042072],[44.8079435,41.7042378],[44.8079152,41.7042656],[44.8078843,41.7042935],[44.8078516,41.7043247],[44.8078195,41.7043598],[44.8077904,41.7043923],[44.8077603,41.7044232],[44.8077338,41.7044535],[44.8077126,41.7044778],[44.8076989,41.7044961],[44.8076872,41.704514],[44.8076743,41.7045361],[44.8076582,41.7045631],[44.8076426,41.7045856],[44.8076307,41.704603],[44.8076112,41.7046324],[44.8075921,41.7046614],[44.8075806,41.7046793],[44.807569,41.7047004],[44.8075553,41.7047232],[44.8075385,41.7047458],[44.8075221,41.7047665],[44.807507,41.7047851],[44.8074943,41.7048011],[44.8074727,41.7048253],[44.8074563,41.704842],[44.8074398,41.70486],[44.8074249,41.7048753],[44.8074064,41.7048896],[44.8073796,41.7049061],[44.807357,41.7049179],[44.8073351,41.7049274],[44.807304,41.7049417],[44.8072698,41.7049545],[44.8072378,41.7049643],[44.8072001,41.7049618],[44.8071789,41.7049494],[44.8071586,41.7049316],[44.8071393,41.7049114],[44.807127,41.7048851],[44.8071182,41.7048556],[44.8071138,41.7048245],[44.8071085,41.7047958],[44.8071036,41.7047702],[44.8070976,41.7047451],[44.8070937,41.7047224],[44.8070898,41.7047025],[44.8070861,41.7046828],[44.80708,41.7046554],[44.8070724,41.7046283],[44.8070628,41.7045963],[44.8070552,41.7045718],[44.807047,41.7045483],[44.8070396,41.7045167],[44.8070358,41.7044982],[44.8070327,41.7044785],[44.8070304,41.7044564],[44.8070271,41.7044301],[44.8070208,41.7044027],[44.8070164,41.7043793],[44.8070115,41.7043585],[44.8070077,41.7043393],[44.8070012,41.7043099],[44.8069983,41.7042918],[44.8069916,41.7042607],[44.8069829,41.704236],[44.8069775,41.7042177],[44.8069661,41.704181],[44.8069599,41.7041489],[44.8069507,41.7041077],[44.8069416,41.7040648],[44.8069322,41.7040189],[44.8069234,41.703971],[44.8069113,41.7039275],[44.8069033,41.7038926],[44.8068978,41.7038575],[44.806894,41.7038202],[44.8068879,41.7037765],[44.8068831,41.7037274],[44.8068796,41.7036782],[44.8068765,41.7036318],[44.8068807,41.7035937],[44.8068783,41.7035533],[44.8068684,41.703508],[44.8068576,41.7034608],[44.806845,41.7034191],[44.8068372,41.7033843],[44.8068316,41.7033561],[44.8068261,41.7033296],[44.8068199,41.7033048],[44.806814,41.7032838],[44.8068086,41.7032639],[44.8068014,41.7032446],[44.8067963,41.7032152],[44.8067935,41.7031902],[44.8067858,41.7031655],[44.8067731,41.7031423],[44.806763,41.7031256],[44.8067486,41.7031064],[44.8067315,41.703089],[44.8067091,41.7030706],[44.8066898,41.7030582],[44.8066638,41.7030508],[44.806638,41.7030558],[44.8066178,41.7030671],[44.8066028,41.7030902],[44.8065893,41.7031145],[44.8065763,41.7031327],[44.8065582,41.7031581],[44.8065412,41.7031823],[44.8065289,41.7031992],[44.806511,41.7032207],[44.8064752,41.7032524],[44.8064496,41.7032737],[44.8064239,41.7032987],[44.8064009,41.7033303],[44.8063774,41.7033661],[44.8063542,41.7034003],[44.8063345,41.7034286],[44.806316,41.7034541],[44.8062935,41.7034847],[44.8062685,41.7035199],[44.8062448,41.7035545],[44.806225,41.7035832],[44.8062105,41.703604],[44.8061748,41.7036487],[44.8061421,41.7036965],[44.8061087,41.7037511],[44.8060771,41.7038009],[44.8060494,41.7038463],[44.8060232,41.7038912],[44.8059921,41.7039433],[44.8059534,41.7040043],[44.8059207,41.7040746],[44.8058927,41.7041454],[44.805865,41.704213],[44.8058365,41.7042863],[44.8058127,41.7043682],[44.8057889,41.7044569],[44.80576,41.7045482],[44.8057359,41.7046388],[44.8057176,41.7047258],[44.8056996,41.7048026],[44.8056827,41.7048689],[44.8056638,41.704933],[44.8056453,41.7049954],[44.8056295,41.7050562],[44.805612,41.7051123],[44.8056003,41.7051673],[44.8055892,41.7052181],[44.805578,41.7052649],[44.8055658,41.705316],[44.8055571,41.7053787],[44.8055546,41.7054555],[44.8055562,41.7055461],[44.8055608,41.7056429],[44.8055679,41.7057385],[44.8055723,41.7058204],[44.8055782,41.7058896],[44.8055817,41.7059536],[44.8055831,41.7060157],[44.8056038,41.7060725],[44.8056443,41.7061242],[44.8057006,41.7061738],[44.8057547,41.7062187],[44.8057988,41.706265],[44.8058471,41.7063122],[44.8059008,41.7063671],[44.8059602,41.7064288],[44.8060255,41.7064937],[44.8060861,41.7065548],[44.8061343,41.7066049],[44.8061729,41.7066437],[44.8062012,41.7066727],[44.8062249,41.7066972],[44.8062499,41.7067144],[44.8062778,41.7067292],[44.8062999,41.7067476],[44.8063112,41.7067679],[44.8063208,41.706794],[44.8063258,41.7068296],[44.8063349,41.7068751],[44.8063489,41.706925],[44.8063746,41.7069819],[44.8063997,41.707032],[44.8064233,41.7070816],[44.8064491,41.7071331],[44.8064793,41.7071859],[44.8065113,41.7072378],[44.8065403,41.7072883],[44.8065661,41.7073352],[44.8066003,41.707378],[44.8066164,41.7074105],[44.8066329,41.707441],[44.8066486,41.7074747],[44.8066684,41.7075106],[44.8066871,41.7075463],[44.8066959,41.7075759],[44.8066951,41.7075996],[44.8066867,41.7076249],[44.8066711,41.70766],[44.8066456,41.7077085],[44.8066176,41.707766],[44.8065896,41.7078227],[44.8065622,41.7078733],[44.806539,41.707913],[44.8065216,41.7079489],[44.8065137,41.7079832],[44.8065187,41.7080086],[44.8065404,41.7080255],[44.8065778,41.7080392],[44.8066253,41.7080636],[44.8066879,41.7080966],[44.806764,41.7081331],[44.8068504,41.7081692],[44.8069274,41.708208],[44.806994,41.7082444],[44.8070585,41.7082792],[44.8071321,41.7083129],[44.807209,41.7083481],[44.8072802,41.7083816],[44.8073472,41.708413],[44.8074069,41.7084394],[44.8074503,41.7084614],[44.8074856,41.7084783],[44.8075203,41.7084922],[44.8075501,41.7084974],[44.8075822,41.7084898],[44.8076041,41.7084676],[44.8076265,41.7084348],[44.8076611,41.7083908],[44.8077046,41.7083373],[44.807756,41.7082771],[44.8078047,41.7082132],[44.807857,41.708152],[44.8079092,41.7081041],[44.8079541,41.7080771],[44.807995,41.7080687],[44.808037,41.7080741],[44.8080868,41.7080888],[44.8081469,41.7081149],[44.8082199,41.7081365],[44.8082953,41.7081567],[44.8083622,41.7081726],[44.8084294,41.7081716],[44.8084999,41.7081652],[44.8085782,41.7081646],[44.8086644,41.7081673],[44.8087542,41.7081715],[44.8088312,41.7081747],[44.8089066,41.7081785],[44.8089825,41.7081826],[44.8090443,41.7081896],[44.8090844,41.708204],[44.8091048,41.7082297],[44.809106,41.7082667],[44.809098,41.7083114],[44.8090902,41.7083644],[44.8090818,41.7084242],[44.8090748,41.7084867],[44.8090563,41.7085472],[44.8090337,41.7086059],[44.8090105,41.7086611],[44.8089826,41.7087096],[44.8089591,41.7087537],[44.8089461,41.7087925],[44.8089448,41.7088251],[44.8089568,41.7088457],[44.8089748,41.7088589],[44.8090067,41.7088722],[44.809054,41.708876],[44.8091114,41.708866],[44.8091797,41.7088504],[44.8092598,41.7088328],[44.8093413,41.7088168],[44.8094196,41.7088019],[44.8094961,41.7087894],[44.8095685,41.708775],[44.8096369,41.7087591],[44.8097002,41.7087441],[44.8097516,41.7087325],[44.809788,41.7087245],[44.8098166,41.7087182],[44.8098471,41.7087107],[44.8098795,41.708703],[44.8099331,41.7086871],[44.8099992,41.7086678],[44.8100741,41.7086486],[44.8101588,41.7086373],[44.8102527,41.708636],[44.8103532,41.7086419],[44.8104542,41.7086515],[44.8105477,41.7086592],[44.8106316,41.7086675],[44.8107053,41.7086747],[44.8107722,41.708679],[44.8108384,41.7086818],[44.810906,41.7086841],[44.810974,41.7086856],[44.8110327,41.7086856],[44.8110725,41.7086857],[44.8111024,41.7086859],[44.8111294,41.7086859],[44.8111572,41.7086859],[44.8111838,41.7086837],[44.8112076,41.7086795],[44.8112486,41.7086726],[44.8112876,41.708679],[44.8113216,41.708694],[44.8113555,41.7087108],[44.8114093,41.7087253],[44.8114817,41.7087388],[44.8115586,41.7087542],[44.8116315,41.7087664],[44.8117099,41.7087752],[44.8117959,41.7087756],[44.8118861,41.7087687],[44.8119733,41.7087605],[44.8120431,41.7087544],[44.8120962,41.7087496],[44.8121382,41.7087455],[44.8121819,41.7087416],[44.8122165,41.7087358],[44.8122399,41.7087265],[44.8122571,41.7087098],[44.8122675,41.7086899],[44.8122789,41.7086678],[44.8122974,41.7086337],[44.812313,41.7085963],[44.8123273,41.708561],[44.8123538,41.7085347],[44.8123917,41.7085215],[44.8124371,41.7085191],[44.8124856,41.7085217],[44.8125439,41.7085241],[44.8126105,41.7085291],[44.8126839,41.7085354],[44.8127645,41.7085414],[44.8128422,41.7085462],[44.8129103,41.7085502],[44.8129716,41.7085544],[44.8130331,41.7085595],[44.8130975,41.7085655],[44.8131636,41.7085696],[44.8132282,41.708571],[44.8132852,41.7085671],[44.8133395,41.7085646],[44.8133979,41.7085639],[44.813454,41.7085653],[44.813492,41.7085676],[44.8135195,41.7085701],[44.813565,41.7085777],[44.8135908,41.7085858],[44.8136333,41.7085904],[44.8136939,41.7085953],[44.8137663,41.7086023],[44.8138425,41.7086058],[44.8139199,41.7086089],[44.814002,41.7086124],[44.8140902,41.7086139],[44.8141823,41.7086174],[44.8142644,41.7086216],[44.8143276,41.7086274],[44.8143783,41.7086363],[44.8144109,41.7086554],[44.8144194,41.7086785],[44.8144117,41.7086968],[44.8144033,41.7086758],[44.8143906,41.7086603],[44.8143528,41.7086523],[44.8143243,41.7086473],[44.8142763,41.7086406],[44.8142105,41.7086344],[44.8141319,41.7086284],[44.8140487,41.7086219],[44.8139698,41.7086172],[44.8138962,41.7086123],[44.8138297,41.708607],[44.8137712,41.7086003],[44.8137215,41.7085962],[44.8136821,41.7085965],[44.8136436,41.708601],[44.8136069,41.7085991],[44.8135801,41.7085932],[44.8136043,41.708592],[44.8136243,41.7086069],[44.8135853,41.7085931],[44.813552,41.7085827],[44.8135071,41.7085762],[44.8134577,41.708573],[44.8134094,41.7085696],[44.8133586,41.708565],[44.8133032,41.7085637],[44.8132452,41.7085683],[44.8131839,41.7085714],[44.8131188,41.7085704],[44.8130518,41.7085679],[44.8129901,41.7085659],[44.8129261,41.7085641],[44.8128552,41.7085633],[44.8127774,41.7085568],[44.8126952,41.7085465],[44.8126154,41.7085367],[44.8125459,41.708529],[44.812489,41.7085255],[44.8124459,41.7085247],[44.8124194,41.7085256],[44.8123748,41.7085324],[44.8123492,41.7085499],[44.8123338,41.7085764],[44.8123211,41.7086134],[44.8123066,41.7086567],[44.8122912,41.7086914],[44.8122719,41.7087204],[44.812247,41.708738],[44.81222,41.7087476],[44.8121864,41.7087546],[44.8121368,41.70876],[44.8120729,41.7087639],[44.8120011,41.7087677],[44.8119262,41.7087706],[44.8118525,41.708773],[44.8117813,41.7087758],[44.8117141,41.7087773],[44.8116512,41.708772],[44.8115938,41.7087622],[44.8115414,41.7087508],[44.8114912,41.7087403],[44.8114367,41.7087306],[44.8113804,41.7087229],[44.8113263,41.7087174],[44.8112785,41.7087144],[44.8112281,41.7087128],[44.8111693,41.7087114],[44.8111014,41.7087128],[44.8110251,41.7087135],[44.8109563,41.7087114],[44.8109,41.7087091],[44.8108569,41.7087081],[44.8108193,41.7087061],[44.810775,41.7087032],[44.8107116,41.7086935],[44.8106267,41.7086814],[44.8105284,41.7086721],[44.8104306,41.7086624],[44.8103436,41.7086549],[44.8102637,41.7086483],[44.8101919,41.7086459],[44.8101211,41.7086526],[44.8100495,41.7086689],[44.8099763,41.7086887],[44.8099053,41.7087129],[44.8098345,41.708741],[44.8097698,41.7087679],[44.8097026,41.7087908],[44.8096357,41.7088101],[44.8095743,41.7088272],[44.8095098,41.7088403],[44.8094383,41.7088488],[44.8093617,41.7088585],[44.8092831,41.7088724],[44.8092112,41.7088863],[44.8091497,41.7088969],[44.809093,41.7089051],[44.8090446,41.7089097],[44.8090074,41.7089103],[44.8089755,41.708904],[44.8089502,41.7088874],[44.8089369,41.7088607],[44.8089344,41.7088278],[44.8089446,41.7087881],[44.8089623,41.7087462],[44.8089801,41.7087068],[44.809,41.7086682],[44.8090165,41.708634],[44.8090295,41.7086033],[44.8090447,41.7085684],[44.8090627,41.7085251],[44.8090711,41.7084721],[44.8090761,41.708419],[44.8090835,41.7083728],[44.8090915,41.7083315],[44.8091001,41.7082902],[44.8091083,41.7082516],[44.8091023,41.7082198],[44.8090806,41.7081997],[44.8090512,41.7081906],[44.8090158,41.7081865],[44.8089686,41.7081838],[44.8089058,41.7081801],[44.8088411,41.7081761],[44.8087854,41.7081782],[44.8087343,41.7081815],[44.8086874,41.708184],[44.8086449,41.7081835],[44.8086195,41.7081826],[44.8085817,41.7081733],[44.8085398,41.708166],[44.80848,41.7081678],[44.8084124,41.7081692],[44.8083446,41.7081622],[44.8082725,41.7081497],[44.8081998,41.7081322],[44.8081307,41.7081124],[44.8080665,41.7080949],[44.808012,41.7080832],[44.807968,41.7080797],[44.8079319,41.7080882],[44.807898,41.7081157],[44.8078618,41.7081553],[44.80782,41.7082017],[44.8077847,41.7082467],[44.8077516,41.7082902],[44.8077141,41.708334],[44.8076781,41.7083764],[44.8076463,41.7084138],[44.8076245,41.7084449],[44.8076108,41.708472],[44.8076029,41.7084893],[44.8075963,41.7085088],[44.8076081,41.7085386],[44.807625,41.7085542],[44.8076037,41.7085342],[44.807593,41.7085154],[44.8075506,41.7085098],[44.8075201,41.7085003],[44.8074887,41.7084872],[44.8074526,41.7084704],[44.8074059,41.7084481],[44.8073502,41.708422],[44.8072914,41.7083954],[44.8072376,41.7083733],[44.8071931,41.7083546],[44.8071602,41.708339],[44.8071294,41.7083247],[44.8070938,41.7083045],[44.8070497,41.7082827],[44.8069979,41.7082569],[44.8069425,41.7082263],[44.8068927,41.7081979],[44.8068391,41.7081719],[44.8067764,41.708147],[44.8067126,41.7081201],[44.8066606,41.7080929],[44.80662,41.7080674],[44.8065843,41.7080497],[44.8065544,41.7080397],[44.8065304,41.708034],[44.8064882,41.7080423],[44.8064706,41.7080615],[44.8064631,41.708086],[44.8064511,41.7081135],[44.806434,41.7081498],[44.8064179,41.7081921],[44.8063986,41.7082355],[44.8063825,41.7082753],[44.8063691,41.7083062],[44.8063573,41.7083276],[44.8063444,41.7083518],[44.8063354,41.7083714],[44.8063259,41.7083907],[44.8063127,41.7084152],[44.8062936,41.7084384],[44.8062758,41.7084685],[44.8062687,41.7084917],[44.806258,41.7085163],[44.8062475,41.7085449],[44.8062351,41.7085724],[44.8062246,41.7086014],[44.806211,41.7086363],[44.8061902,41.7086773],[44.8061691,41.7087236],[44.8061505,41.7087679],[44.8061325,41.7088141],[44.8061135,41.7088604],[44.8060949,41.7089028],[44.8060743,41.7089426],[44.8060569,41.7089792],[44.8060423,41.7090151],[44.8060237,41.7090518],[44.8060033,41.709083],[44.805984,41.7091149],[44.8059649,41.709148],[44.8059477,41.7091792],[44.8059304,41.709208],[44.8059187,41.7092324],[44.8059094,41.7092509],[44.8058976,41.7092767],[44.8058758,41.7092944],[44.8058304,41.7093019],[44.8057951,41.7092991],[44.8057631,41.709291],[44.8057241,41.7092805],[44.8056775,41.7092675],[44.8056135,41.7092509],[44.8055379,41.7092325],[44.8054607,41.7092159],[44.8053856,41.709196],[44.8053166,41.7091754],[44.8052459,41.7091782],[44.8051972,41.7091666],[44.8051739,41.7091516],[44.8051679,41.7091313],[44.8051741,41.7091032],[44.8051913,41.7090616],[44.8052162,41.7090108],[44.805241,41.7089567],[44.8052673,41.7089076],[44.8053006,41.708859],[44.8053269,41.7088096],[44.8053411,41.708761],[44.8053585,41.7087152],[44.805378,41.7086729],[44.8053931,41.70864],[44.8054053,41.7086181],[44.8054219,41.7085969],[44.8054413,41.7085613],[44.8054684,41.7085136],[44.8054965,41.7084617],[44.8055188,41.7084118],[44.8055396,41.7083658],[44.8055565,41.7083255],[44.8055755,41.7082908],[44.8055963,41.7082472],[44.8056247,41.7081938],[44.8056543,41.7081376],[44.8056832,41.7080798],[44.8057149,41.7080237],[44.8057421,41.7079722],[44.8057655,41.7079299],[44.8057863,41.707891],[44.8058077,41.7078498],[44.8058314,41.707805],[44.8058589,41.7077538],[44.8058937,41.7076931],[44.8059285,41.7076278],[44.8059678,41.7075589],[44.8060003,41.7074883],[44.8060396,41.7074205],[44.8060762,41.7073496],[44.806114,41.7072792],[44.8061402,41.7072117],[44.8061732,41.7071503],[44.8062065,41.7070945],[44.8062348,41.7070467],[44.8062589,41.7070072],[44.8062806,41.7069741],[44.8063022,41.706944],[44.8063165,41.7069173],[44.806319,41.7068884],[44.806316,41.7068568],[44.8063046,41.7068277],[44.8062924,41.7068071],[44.8062791,41.7067878],[44.8062843,41.7067698],[44.8062111,41.7067769],[44.8061845,41.7067472],[44.8061446,41.7067016],[44.8060883,41.7066423],[44.8060278,41.7065794],[44.8059703,41.706514],[44.8059152,41.7064605],[44.805867,41.7064097],[44.8058161,41.7063595],[44.8057652,41.706315],[44.8057274,41.7062809],[44.8056981,41.7062515],[44.805669,41.7062288],[44.8056376,41.7062144],[44.8056067,41.7062077],[44.8055819,41.7062066],[44.805552,41.706209],[44.8055865,41.7062037],[44.8055621,41.7062285],[44.8055342,41.7062605],[44.8054969,41.7062839],[44.8054492,41.7062906],[44.8054002,41.7062779],[44.8053366,41.7062536],[44.8052502,41.7062108],[44.8051587,41.7061579],[44.8050653,41.7061126],[44.8049763,41.7060678],[44.8048923,41.7060234],[44.8048028,41.7059792],[44.8047327,41.7059397],[44.8046745,41.7059058],[44.804623,41.7058792],[44.8045856,41.7058564],[44.8045671,41.7058448],[44.8045463,41.7058104],[44.8045569,41.7057725],[44.8045857,41.705719],[44.8046304,41.7056595],[44.8046807,41.7055966],[44.8047322,41.7055319],[44.8047766,41.7054687],[44.8048153,41.7054124],[44.8048475,41.7053642],[44.8048774,41.7053266],[44.8049058,41.7052945],[44.8049364,41.7052571],[44.8049726,41.7052113],[44.8050176,41.7051535],[44.8050662,41.7050892],[44.8051165,41.7050235],[44.8051627,41.7049619],[44.805209,41.7049035],[44.8052538,41.7048451],[44.8052935,41.7047927],[44.8053234,41.704753],[44.8053467,41.7047218],[44.805367,41.7046945],[44.8053839,41.7046716],[44.8054051,41.7046481],[44.80543,41.7046208],[44.8054595,41.7045841],[44.8054879,41.704538],[44.8055068,41.7044948],[44.8055298,41.7044608],[44.805555,41.704428],[44.8055752,41.7043921],[44.805597,41.704357],[44.8056248,41.704315],[44.8056617,41.7042622],[44.8057044,41.7042052],[44.8057436,41.7041537],[44.805779,41.7041083],[44.8058116,41.7040649],[44.8058412,41.704022],[44.8058651,41.7039827],[44.8058783,41.7039502],[44.8058784,41.7039211],[44.8058694,41.7038955],[44.8058515,41.7038717],[44.8058177,41.7038433],[44.8057706,41.7037984],[44.8057161,41.7037437],[44.8056571,41.7036869],[44.8056002,41.7036312],[44.8055469,41.7035771],[44.805495,41.7035254],[44.8054503,41.7034813],[44.8054097,41.703442],[44.8053665,41.7034014],[44.8053188,41.7033565],[44.8052676,41.7033065],[44.8052094,41.7032493],[44.8051513,41.7031922],[44.8050991,41.7031452],[44.8050556,41.7031071],[44.8050151,41.7030678],[44.8049779,41.7030287],[44.8049462,41.7029961],[44.8049175,41.7029675],[44.8048926,41.7029419],[44.8048718,41.7029222],[44.8048535,41.7029036],[44.8048361,41.7028845],[44.8048176,41.7028657],[44.8047954,41.7028504],[44.8047701,41.7028413],[44.8047452,41.7028348],[44.8047114,41.7028185],[44.8046698,41.7028141],[44.8046429,41.7028121],[44.8046102,41.7028096],[44.8045802,41.7028047],[44.8045494,41.7027932],[44.8045216,41.702772],[44.8045025,41.7027356],[44.8044948,41.7026961],[44.80449,41.7026509],[44.8044746,41.7025992],[44.804447,41.7025431],[44.8044164,41.702478],[44.8043597,41.7024068],[44.8042837,41.7023279],[44.8042009,41.7022439],[44.8041128,41.7021552],[44.8040247,41.7020672],[44.8039419,41.7019826],[44.8038622,41.7019],[44.8037873,41.701824],[44.8037181,41.7017539],[44.803652,41.7016882],[44.8035918,41.7016292],[44.8035382,41.7015821],[44.8034937,41.7015525],[44.8034656,41.7015391],[44.8034274,41.7015271],[44.8033904,41.7015239],[44.8033281,41.7015289],[44.803244,41.7015371],[44.8031433,41.7015501],[44.8030334,41.7015653],[44.8029181,41.7015799],[44.8027957,41.7015949],[44.8026655,41.7016107],[44.802531,41.7016269],[44.8023935,41.7016439],[44.8022536,41.7016614],[44.802113,41.7016789],[44.8019803,41.7016959],[44.8018515,41.7017133],[44.8017273,41.7017296],[44.8016074,41.7017456],[44.8014895,41.7017629],[44.8013729,41.7017814],[44.8012578,41.7018064],[44.8011431,41.701835],[44.8010323,41.7018639],[44.8009296,41.7018907],[44.8008312,41.7019182],[44.8007366,41.7019455],[44.8006463,41.7019742],[44.8005609,41.7020021],[44.8004788,41.7020331],[44.8003967,41.7020658],[44.8003122,41.7021027],[44.8002332,41.7021426],[44.8001647,41.7021799],[44.8001041,41.702217],[44.8000508,41.7022516],[44.8000081,41.7022818],[44.7999708,41.7023079],[44.7999436,41.702327],[44.7999222,41.702342],[44.799902,41.7023565],[44.7998748,41.702376],[44.7998354,41.7024042],[44.7998003,41.7024291],[44.7997649,41.7024524],[44.7997239,41.7024794],[44.7996751,41.7025108],[44.7996175,41.7025468],[44.7995501,41.7025871],[44.7994699,41.7026339],[44.7993704,41.7026855],[44.7992518,41.7027364],[44.7991371,41.7027847],[44.7990303,41.7028282],[44.7989337,41.7028641],[44.7988455,41.7028933],[44.7987623,41.702919],[44.7986843,41.7029407],[44.7986119,41.7029605],[44.798541,41.702979],[44.7984712,41.7029972],[44.798404,41.7030145],[44.7983402,41.703031],[44.7982726,41.7030479],[44.7981944,41.7030669],[44.7981067,41.7030888],[44.7980093,41.7031134],[44.7979019,41.7031405],[44.7977861,41.7031695],[44.7976629,41.7031998],[44.7975319,41.703232],[44.7973914,41.7032668],[44.7972456,41.7033039],[44.7970983,41.7033437],[44.7969467,41.7033894],[44.7967934,41.7034442],[44.7966385,41.7035089],[44.7964777,41.7035807],[44.7963137,41.7036571],[44.7961501,41.7037326],[44.7959883,41.7038072],[44.7958273,41.7038814],[44.7956657,41.7039565],[44.7955049,41.7040313],[44.7953514,41.7041027],[44.7952096,41.7041691],[44.7950731,41.7042335],[44.7949389,41.7042983],[44.7948073,41.7043658],[44.7946814,41.7044383],[44.7945637,41.7045131],[44.7944523,41.7045933],[44.7943423,41.7046811],[44.7942344,41.7047766],[44.7941279,41.7048788],[44.794024,41.7049899],[44.7939143,41.70511],[44.7937948,41.7052381],[44.7936718,41.7053709],[44.7935517,41.7055045],[44.7934323,41.7056395],[44.793314,41.7057711],[44.7932023,41.7058958],[44.7930949,41.7060168],[44.7929891,41.7061339],[44.7928875,41.706247],[44.7927892,41.7063541],[44.7926958,41.7064538],[44.7926082,41.7065471],[44.7925233,41.7066372],[44.7924428,41.7067254],[44.7923689,41.7068082],[44.7923035,41.7068801],[44.7922454,41.7069439],[44.7921907,41.7070004],[44.7921374,41.707051],[44.792089,41.7070948],[44.7920415,41.7071363],[44.7919931,41.7071807],[44.7919537,41.7072227],[44.7919219,41.7072587],[44.7918929,41.707293],[44.7918686,41.7073249],[44.7918434,41.7073587],[44.7918135,41.7073986],[44.7917863,41.7074327],[44.7917554,41.7074715],[44.7917246,41.707522],[44.7916945,41.7075755],[44.791664,41.7076299],[44.7916304,41.7076872],[44.7915922,41.7077428],[44.791552,41.7077953],[44.7915144,41.7078415],[44.7914826,41.7078787],[44.7914575,41.7079077],[44.7914363,41.7079322],[44.7914219,41.7079486],[44.7913959,41.7079779],[44.791376,41.7080006],[44.79136,41.7080189],[44.7913456,41.7080354],[44.7913277,41.7080566],[44.7913027,41.7080841],[44.7912829,41.7081049],[44.791263,41.7081253],[44.7912395,41.7081459],[44.791224,41.708161],[44.7912038,41.7081827],[44.7911764,41.7082116],[44.7911477,41.7082421],[44.7911198,41.7082718],[44.791093,41.7082988],[44.7910686,41.7083241],[44.7910466,41.7083461],[44.791026,41.7083659],[44.7910053,41.7083849],[44.7909838,41.7084045],[44.7909614,41.7084251],[44.7909384,41.7084461],[44.7909152,41.7084672],[44.7908951,41.7084855],[44.7908689,41.7085094],[44.790842,41.7085329],[44.7908257,41.7085471],[44.7908088,41.7085618],[44.7907909,41.7085773],[44.7907742,41.7085912],[44.7907371,41.7086157],[44.7907145,41.7086329],[44.7906914,41.7086521],[44.7906755,41.7086668],[44.790659,41.7086819],[44.7906425,41.7086969],[44.7906107,41.7087265],[44.7905844,41.7087504],[44.7905526,41.7087791],[44.7905236,41.7088051],[44.7905057,41.7088212],[44.7904821,41.7088422],[44.7904655,41.708857],[44.7904443,41.7088761],[44.7904203,41.7088979],[44.7904013,41.7089152],[44.7903795,41.7089352],[44.7903613,41.7089521],[44.7903399,41.7089705],[44.7903189,41.7089899],[44.7902951,41.7090112],[44.790267,41.709037],[44.7902488,41.7090544],[44.7902265,41.7090763],[44.7902119,41.7090916],[44.7901918,41.7091138],[44.7901706,41.7091371],[44.7901345,41.7091522],[44.790074,41.709184],[44.7900481,41.7091996],[44.7900222,41.7092151],[44.7899761,41.7092374],[44.7899387,41.7092592],[44.7899013,41.709281],[44.7898553,41.7092949],[44.7898155,41.7093201],[44.7897756,41.7093452],[44.789729,41.7093629],[44.7896978,41.7093837],[44.789675,41.7094525],[44.7896472,41.7094766],[44.7896193,41.7095006],[44.7896472,41.7094562],[44.789631,41.7094783],[44.7896148,41.7095004],[44.7896085,41.7095396],[44.7895954,41.7095671],[44.7896255,41.7096423],[44.7896205,41.7096712],[44.7896154,41.7097001],[44.7896317,41.709655],[44.7896266,41.7096796],[44.7896215,41.7097043],[44.7896153,41.7097618],[44.7896078,41.7097889],[44.7896002,41.709816],[44.7896149,41.7098613],[44.7896033,41.7098901],[44.7895918,41.7099189],[44.7896184,41.7098934],[44.7896093,41.7099199],[44.7896002,41.7099464],[44.7895923,41.7100231],[44.789582,41.7100519],[44.7895718,41.7100807],[44.7896328,41.7100493],[44.7877199,41.7118715],[44.7872002,41.7120831],[44.7870538,41.712129],[44.7869041,41.7121751],[44.7867487,41.7122211],[44.7865862,41.712265],[44.7864115,41.7123175],[44.7862341,41.7123701],[44.7860586,41.712421],[44.7858821,41.7124724],[44.733729,41.7217331],[44.7336972,41.7216922],[44.7336269,41.7216925],[44.7335797,41.7216896],[44.7335523,41.7216907],[44.7335237,41.721692],[44.7334921,41.7216878],[44.7334435,41.7216854],[44.7334184,41.7216882],[44.733397,41.7216613],[44.7333575,41.7216525],[44.7333154,41.7216283],[44.7332927,41.7216217],[44.7332671,41.7216168],[44.7333165,41.7215809],[44.7332831,41.7215581],[44.7332577,41.7215515],[44.733241,41.7215207],[44.733208,41.7214998],[44.7331857,41.7214815],[44.7331484,41.721462],[44.7332062,41.7214061],[44.7331881,41.7213852],[44.7332264,41.7212916],[44.7332212,41.7212627],[44.7332386,41.7212073],[44.7332385,41.7211722],[44.7332557,41.7211417],[44.7332022,41.7211383],[44.7263753,41.7209364],[44.7262346,41.7209262],[44.7260976,41.7209081],[44.7259525,41.720884],[44.7258106,41.7208682],[44.7254242,41.720822],[44.7253185,41.7208125],[44.7252193,41.7208055],[44.725137,41.7207987],[44.7250694,41.7207906],[44.725007,41.7207822],[44.7249466,41.7207744],[44.7248834,41.7207658],[44.7248136,41.7207573],[44.7247429,41.7207502],[44.7246683,41.7207442],[44.724589,41.7207394],[44.7245107,41.72073],[44.7244357,41.7207194],[44.7243687,41.720712],[44.7243187,41.7207016],[44.7242839,41.7206968],[44.7242574,41.7206929],[44.7242317,41.7206898],[44.7242015,41.7206845],[44.7241604,41.7206764],[44.7241097,41.7206708],[44.7240422,41.7206653],[44.7239865,41.7206604],[44.7239302,41.7206535],[44.7238668,41.7206459],[44.7238011,41.7206368],[44.7237398,41.7206305],[44.7236839,41.7206235],[44.7236362,41.7206186],[44.7236016,41.7206143],[44.7235719,41.7206106],[44.7235307,41.7206147],[44.7235003,41.7206104],[44.7234637,41.720607],[44.7234233,41.7206031],[44.7233779,41.7205993],[44.723328,41.7205945],[44.7232673,41.7205907],[44.7231989,41.7205839],[44.7231304,41.7205786],[44.7230653,41.7205738],[44.7230106,41.7205687],[44.7229637,41.7205657],[44.7229208,41.720563],[44.7228748,41.7205593],[44.7228159,41.7205517],[44.7227476,41.7205446],[44.7226734,41.7205392],[44.7225931,41.7205299],[44.7225074,41.7205189],[44.7224122,41.7205066],[44.722313,41.7204977],[44.722211,41.720489],[44.7221106,41.7204801],[44.7220231,41.7204721],[44.7219601,41.7204667],[44.7219199,41.7204618],[44.7218921,41.7204609],[44.7218661,41.7204558],[44.7218304,41.720453],[44.7217789,41.7204509],[44.7217289,41.7204327],[44.7216482,41.7204242],[44.7215516,41.7204162],[44.7214485,41.7204064],[44.7213462,41.7203975],[44.7212413,41.7203875],[44.7211327,41.720377],[44.7210211,41.7203659],[44.7209067,41.7203529],[44.7207931,41.7203409],[44.7206773,41.7203253],[44.7205613,41.7203125],[44.7204415,41.7203026],[44.7203154,41.7202945],[44.7201881,41.7202849],[44.7200608,41.720274],[44.7199358,41.7202631],[44.7198148,41.7202525],[44.7197015,41.7202437],[44.7195988,41.7202389],[44.7195026,41.7202309],[44.7194096,41.7202173],[44.7193186,41.7202065],[44.7192339,41.7201982],[44.7191553,41.7201894],[44.7190838,41.7201811],[44.7190228,41.7201758],[44.7189704,41.7201711],[44.7189215,41.7201661],[44.7188616,41.7201585],[44.7187887,41.7201493],[44.7187082,41.72014],[44.7186227,41.7201301],[44.7185411,41.7201218],[44.7184709,41.7201153],[44.7184149,41.7201099],[44.7183737,41.720106],[44.7183458,41.7201026],[44.7183207,41.7201016],[44.7183075,41.7201174],[44.7182744,41.7201164],[44.7182484,41.7201123],[44.7182168,41.7201092],[44.7181822,41.7201052],[44.7181397,41.7200987],[44.7181046,41.7200951],[44.7180662,41.720091],[44.7180242,41.7200864],[44.7179792,41.7200815],[44.7179325,41.7200764],[44.7178838,41.7200707],[44.7178403,41.7200658],[44.7178035,41.720062],[44.717766,41.7200585],[44.7177184,41.7200531],[44.717674,41.7200497],[44.7176231,41.7200459],[44.7175641,41.7200417],[44.7174996,41.7200345],[44.7174315,41.7200283],[44.7173587,41.7200229],[44.7172821,41.7200181],[44.7172078,41.7200137],[44.7171358,41.72001],[44.7170664,41.720007],[44.7169952,41.7200041],[44.7169253,41.7200025],[44.7168611,41.720002],[44.7168033,41.7200019],[44.7167496,41.720003],[44.7166939,41.720005],[44.7166299,41.7200079],[44.7165673,41.7200124],[44.7165037,41.7200178],[44.7164358,41.7200247],[44.7163612,41.7200332],[44.716285,41.7200407],[44.7162151,41.7200519],[44.7161356,41.7200593],[44.7160588,41.7200658],[44.7159865,41.7200761],[44.7159171,41.7200834],[44.7158446,41.7200906],[44.7157683,41.7200989],[44.7156913,41.7201077],[44.7156193,41.7201158],[44.7155584,41.7201229],[44.7155041,41.7201288],[44.7154546,41.7201348],[44.7154065,41.7201405],[44.7153556,41.7201466],[44.7153027,41.720153],[44.7152483,41.7201586],[44.7151886,41.7201634],[44.7151251,41.7201686],[44.715056,41.7201739],[44.7149898,41.7201812],[44.7149272,41.7201893],[44.7148641,41.7201985],[44.7148014,41.7202114],[44.7147339,41.7202177],[44.7146767,41.7202234],[44.7146309,41.7202327],[44.7145972,41.7202465],[44.714577,41.7202648],[44.7145693,41.7202825],[44.7145614,41.7203094],[44.7145571,41.7203317],[44.7145534,41.7203534],[44.714548,41.7203732],[44.7145493,41.7204014],[44.7145534,41.7204232],[44.714561,41.7204462],[44.7145689,41.7204722],[44.714576,41.7204993],[44.7145821,41.7205285],[44.7145877,41.7205603]]]},"properties":{"kind":"track_pending","session":"2026-09-30_session_2026-09-30_14-10-32"}},{"type":"Feature","geometry":{"type":"MultiLineString","coordinates":[[[44.9767252,41.5693296],[44.9767014,41.5693352],[44.9767254,41.5693217],[44.9766905,41.5693357],[44.976671,41.5693498],[44.9766427,41.5693355],[44.9766237,41.5693108],[44.9766081,41.5692916],[44.9765964,41.5692743],[44.9765828,41.5692463],[44.9765718,41.569229],[44.9765595,41.5692114],[44.9765444,41.5691841],[44.9765317,41.5691555],[44.9765145,41.5691182],[44.9765028,41.5690977],[44.9764924,41.569081],[44.9764759,41.5690579],[44.9764585,41.5690407],[44.9764407,41.5690271],[44.9764111,41.56901],[44.9763923,41.5689972],[44.9763643,41.5689703],[44.9763378,41.568947],[44.9763052,41.5689262],[44.9762843,41.5689168],[44.9762616,41.5689091],[44.9762313,41.5689023],[44.9762031,41.5688987],[44.9761675,41.5688987],[44.9761352,41.5689072],[44.9761052,41.5689225],[44.9760594,41.5689448],[44.9759991,41.5689698],[44.9759306,41.5689961],[44.9758631,41.5690256],[44.9758134,41.569051],[44.975784,41.5690631],[44.9757574,41.5690701],[44.9757124,41.5690836],[44.9756498,41.5691108],[44.9755812,41.5691434],[44.9755108,41.5691757],[44.9754456,41.5692051],[44.9753868,41.5692307],[44.9753367,41.5692528],[44.9753026,41.5692673],[44.9752802,41.5692765],[44.9752572,41.5692859],[44.9752289,41.5692974],[44.9751976,41.5693101],[44.9751735,41.5693208],[44.9751402,41.5693362],[44.9751128,41.5693484],[44.9750901,41.5693582],[44.975025,41.5693562],[44.974972,41.5693252],[44.9749159,41.5692668],[44.9748544,41.5691879],[44.9747909,41.569099],[44.9747263,41.5690085],[44.9746605,41.5689185],[44.974598,41.5688314],[44.9745369,41.5687446],[44.974477,41.5686605],[44.9744263,41.5685919],[44.9743938,41.5685476],[44.9743741,41.5685205],[44.9743615,41.5685032],[44.9743401,41.5684745],[44.9743223,41.5684508],[44.9743002,41.5684194],[44.9742737,41.5683848],[44.9742451,41.5683422],[44.9742053,41.5682929],[44.9741571,41.5682321],[44.9741057,41.5681629],[44.9740503,41.5680882],[44.9739927,41.5680121],[44.9739356,41.5679371],[44.9738817,41.56786],[44.9738268,41.5677841],[44.9737738,41.5677093],[44.9737189,41.5676359],[44.9736628,41.5675599],[44.9736062,41.5674834],[44.973551,41.5674054],[44.9734948,41.5673251],[44.9734386,41.5672446],[44.9733821,41.5671654],[44.9733264,41.5670853],[44.9732658,41.5670066],[44.973204,41.5669275],[44.9731451,41.5668487],[44.9730854,41.5667723],[44.9730179,41.5666969],[44.9729465,41.5666221],[44.9728856,41.5665511],[44.9728312,41.5664835],[44.9727837,41.566427],[44.9727458,41.566383],[44.9727102,41.5663438],[44.9726745,41.566309],[44.9726345,41.566271],[44.9725928,41.5662304],[44.9725589,41.5661998],[44.9725235,41.5661805],[44.9724824,41.5661726],[44.9724366,41.566175],[44.972388,41.5661851],[44.9723409,41.5661981],[44.9723082,41.5662097],[44.9722845,41.566219],[44.9722369,41.566238],[44.9721923,41.5662567],[44.9721378,41.5662799],[44.9720808,41.5663038],[44.9720197,41.5663296],[44.9719492,41.5663593],[44.9718704,41.5663925],[44.971782,41.566429],[44.9716843,41.5664687],[44.971575,41.5665134],[44.9714551,41.5665633],[44.9713253,41.5666178],[44.9711902,41.566674],[44.9710547,41.5667304],[44.9709195,41.5667854],[44.9707865,41.5668391],[44.9706621,41.5668903],[44.9705461,41.5669386],[44.9704338,41.566985],[44.9703257,41.5670304],[44.9702219,41.5670745],[44.9701266,41.5671145],[44.9700333,41.5671524],[44.9699435,41.5671919],[44.9698546,41.5672307],[44.9697643,41.5672681],[44.969675,41.567306],[44.9695872,41.567343],[44.9695019,41.5673783],[44.9694181,41.5674124],[44.9693397,41.5674447],[44.9692669,41.5674744],[44.9691963,41.5675039],[44.9691276,41.5675325],[44.9690688,41.5675574],[44.9690289,41.5675742],[44.969005,41.567584],[44.9689804,41.5675941],[44.9689461,41.5676084],[44.9688968,41.567628],[44.9688371,41.5676514],[44.9687712,41.5676778],[44.9687041,41.567705],[44.9686278,41.5677367],[44.9685421,41.5677728],[44.9684433,41.5678147],[44.9683366,41.5678592],[44.9682218,41.5679072],[44.9681013,41.5679564],[44.9679764,41.5680076],[44.9678476,41.5680614],[44.9677149,41.5681158],[44.9675774,41.5681718],[44.9674359,41.5682298],[44.9672912,41.5682897],[44.9671439,41.5683503],[44.9669943,41.5684108],[44.9668437,41.5684723],[44.9666954,41.5685342],[44.9665556,41.5685929],[44.9664232,41.5686461],[44.9662935,41.568697],[44.9661634,41.5687461],[44.9660342,41.5687951],[44.9659064,41.5688454],[44.9657803,41.5688985],[44.965656,41.5689534],[44.9655442,41.5690012],[44.9654446,41.5690433],[44.9653612,41.5690798],[44.9652922,41.5691101],[44.9652389,41.5691333],[44.9652044,41.5691475],[44.9651771,41.5691582],[44.9651451,41.5691715],[44.9651084,41.5691871],[44.9650767,41.5692002],[44.9650298,41.569219],[44.9649741,41.5692416],[44.9649045,41.5692685],[44.9648234,41.569301],[44.9647351,41.5693418],[44.9646418,41.5693944],[44.964542,41.569452],[44.9644421,41.5695069],[44.9643484,41.5695535],[44.9642557,41.5695944],[44.9641537,41.5696344],[44.9640392,41.5696801],[44.9639159,41.5697358],[44.9637865,41.5697968],[44.9636587,41.5698584],[44.9635261,41.5699223],[44.9633874,41.5699905],[44.9632466,41.5700646],[44.9631012,41.5701413],[44.9629494,41.570221],[44.9627932,41.5703053],[44.9626343,41.5703931],[44.9624731,41.5704834],[44.9623099,41.5705756],[44.962143,41.5706681],[44.9619739,41.5707626],[44.9618031,41.5708595],[44.9616342,41.5709576],[44.9614708,41.5710553],[44.961313,41.5711524],[44.961159,41.5712509],[44.9610072,41.5713523],[44.9608557,41.5714567],[44.9607036,41.5715632],[44.9605512,41.5716725],[44.960399,41.5717855],[44.9602468,41.5719018],[44.960096,41.572021],[44.9599469,41.5721431],[44.959799,41.5722682],[44.9596527,41.572396],[44.9595079,41.5725258],[44.9593646,41.5726572],[44.9592238,41.5727899],[44.9590875,41.5729245],[44.9589554,41.5730606],[44.9588268,41.5731977],[44.9587016,41.5733357],[44.9585798,41.5734745],[44.9584608,41.5736136],[44.9583453,41.5737529],[44.9582347,41.5738922],[44.9581302,41.5740319],[44.9580291,41.5741715],[44.95793,41.5743111],[44.9578331,41.5744506],[44.9577385,41.5745906],[44.9576456,41.5747305],[44.9575538,41.5748702],[44.9574619,41.5750093],[44.9573693,41.5751491],[44.9572761,41.5752904],[44.9571813,41.5754335],[44.9570852,41.5755782],[44.9569883,41.5757244],[44.9568895,41.5758733],[44.956787,41.5760241],[44.9566788,41.5761789],[44.9565669,41.5763344],[44.9564523,41.5764918],[44.9563376,41.5766515],[44.9562254,41.5768121],[44.9561149,41.5769734],[44.9560035,41.5771348],[44.9558937,41.5772971],[44.9557839,41.5774593],[44.9556711,41.5776203],[44.9555569,41.5777804],[44.9554451,41.5779413],[44.9553358,41.5781031],[44.9552277,41.5782652],[44.9551196,41.5784271],[44.955012,41.578589],[44.9549051,41.5787507],[44.9547989,41.578912],[44.954693,41.5790727],[44.9545874,41.579233],[44.9544809,41.5793935],[44.954375,41.5795543],[44.9542705,41.5797156],[44.9541656,41.5798768],[44.9540595,41.5800378],[44.9539528,41.580199],[44.9538458,41.5803608],[44.9537387,41.5805233],[44.9536328,41.5806847],[44.9535288,41.5808436],[44.9534263,41.5810012],[44.9533241,41.5811581],[44.9532217,41.5813132],[44.9531204,41.5814667],[44.9530214,41.5816195],[44.9529242,41.5817713],[44.9528267,41.5819216],[44.9527325,41.5820717],[44.9526357,41.5822206],[44.9525339,41.5823678],[44.9524357,41.5825168],[44.9523367,41.5826676],[44.9522367,41.5828201],[44.9521358,41.5829742],[44.9520344,41.5831302],[44.9519326,41.5832877],[44.9518307,41.5834471],[44.9517277,41.5836079],[44.9516216,41.5837695],[44.9515143,41.5839326],[44.9514057,41.5840969],[44.9512965,41.5842623],[44.9511873,41.5844288],[44.9510786,41.5845965],[44.9509688,41.5847647],[44.9508574,41.5849329],[44.9507446,41.5851013],[44.9506315,41.5852701],[44.9505207,41.58544],[44.950411,41.5856104],[44.9502997,41.5857806],[44.9501878,41.585951],[44.9500758,41.5861217],[44.9499636,41.5862924],[44.9498514,41.5864633],[44.9497396,41.5866344],[44.9496286,41.5868058],[44.9495181,41.5869773],[44.9494078,41.5871486],[44.949297,41.5873196],[44.9491859,41.5874902],[44.9490742,41.5876604],[44.9489618,41.5878304],[44.9488502,41.5880006],[44.9487393,41.5881711],[44.948628,41.5883417],[44.9485133,41.5885154],[44.9484015,41.5886871],[44.9482906,41.5888571],[44.9481857,41.5890221],[44.9480739,41.5891911],[44.9479617,41.5893597],[44.9478497,41.5895289],[44.9477379,41.5896985],[44.9476267,41.5898684],[44.9475145,41.5900379],[44.9474011,41.5902067],[44.9472878,41.5903752],[44.9471758,41.5905414],[44.9470678,41.5907029],[44.9469627,41.5908618],[44.9468582,41.5910186],[44.9467502,41.5911737],[44.9466403,41.5913316],[44.9465338,41.5914988],[44.9464264,41.5916703],[44.9463217,41.5918376],[44.9462183,41.5919984],[44.9461105,41.5921555],[44.9459956,41.592315],[44.9458766,41.5924814],[44.9457551,41.5926556],[44.9456314,41.5928374],[44.9455058,41.5930266],[44.945378,41.593223],[44.9452476,41.5934238],[44.9451176,41.5936232],[44.9449898,41.5938191],[44.9448623,41.5940141],[44.9447337,41.5942097],[44.9446052,41.5944064],[44.9444762,41.5946037],[44.9443461,41.5948014],[44.9442157,41.5949997],[44.9440849,41.5951986],[44.9439538,41.5953979],[44.9438229,41.5955977],[44.9436923,41.5957981],[44.9435617,41.5959987],[44.9434297,41.5961987],[44.9432977,41.5963981],[44.9431668,41.5965957],[44.9430378,41.5967904],[44.9429109,41.5969822],[44.9427863,41.5971713],[44.9426642,41.5973588],[44.9425435,41.5975452],[44.9424242,41.5977291],[44.9423077,41.5979081],[44.9421932,41.5980839],[44.9420799,41.5982585],[44.9419679,41.5984335],[44.9418589,41.5986115],[44.9417539,41.5987924],[44.9416497,41.5989723],[44.9415415,41.5991482],[44.9414323,41.59932],[44.9413232,41.5994889],[44.9412148,41.5996543],[44.9411075,41.5998167],[44.9410017,41.599977],[44.940897,41.6001366],[44.9407927,41.6002954],[44.9406883,41.6004536],[44.9405832,41.6006123],[44.9404772,41.6007724],[44.9403708,41.600934],[44.9402639,41.6010971],[44.940157,41.6012613],[44.9400498,41.6014264],[44.9399419,41.6015925],[44.9398328,41.6017595],[44.939723,41.6019273],[44.9396124,41.6020949],[44.9395004,41.6022618],[44.9393894,41.6024289],[44.93928,41.6025962],[44.9391714,41.6027633],[44.9390625,41.60293],[44.9389534,41.6030964],[44.9388445,41.6032627],[44.9387363,41.6034293],[44.9386293,41.6035964],[44.9385208,41.6037629],[44.9384114,41.6039289],[44.9383016,41.6040945],[44.9381923,41.6042596],[44.938084,41.6044241],[44.9379776,41.6045877],[44.9378732,41.6047498],[44.9377688,41.6049097],[44.9376645,41.6050672],[44.9375611,41.6052228],[44.9374588,41.6053779],[44.937358,41.6055323],[44.9372582,41.6056848],[44.9371586,41.6058355],[44.9370593,41.6059874],[44.9369601,41.6061408],[44.9368593,41.6062949],[44.9367571,41.6064498],[44.9366531,41.6066069],[44.9365473,41.6067674],[44.9364401,41.6069313],[44.9363314,41.6070986],[44.9362213,41.607269],[44.9361088,41.6074424],[44.9359933,41.6076181],[44.9358768,41.6077945],[44.9357615,41.6079687],[44.9356478,41.6081404],[44.9355363,41.6083094],[44.935427,41.6084758],[44.9353199,41.6086396],[44.9352146,41.6088017],[44.9351104,41.6089637],[44.9350055,41.6091254],[44.9349001,41.6092866],[44.9347946,41.6094474],[44.9346883,41.6096077],[44.9345817,41.6097674],[44.9344755,41.6099269],[44.9343706,41.6100861],[44.9342676,41.6102449],[44.9341652,41.6104029],[44.9340643,41.610559],[44.9339641,41.6107123],[44.9338653,41.6108628],[44.9337688,41.611012],[44.9336733,41.6111599],[44.9335793,41.6113059],[44.9334855,41.6114487],[44.9333906,41.6115912],[44.9332901,41.6117395],[44.9331743,41.6118927],[44.9330472,41.6120571],[44.9329157,41.612241],[44.9327878,41.6124345],[44.9326693,41.6126273],[44.9325635,41.6128185],[44.9324573,41.6130061],[44.9323469,41.6131881],[44.9322354,41.6133653],[44.9321208,41.6135409],[44.9320062,41.6137139],[44.9318953,41.6138841],[44.9317855,41.6140549],[44.9316758,41.6142238],[44.931567,41.6143916],[44.9314589,41.6145581],[44.9313518,41.6147237],[44.9312442,41.614888],[44.9311364,41.615051],[44.9310288,41.6152131],[44.9309205,41.615376],[44.930812,41.6155404],[44.9307035,41.6157065],[44.930594,41.6158744],[44.9304836,41.6160443],[44.9303713,41.6162159],[44.9302566,41.616389],[44.9301387,41.6165647],[44.9300142,41.6167463],[44.9298775,41.6169318],[44.929733,41.6171261],[44.9295856,41.6173327],[44.9294404,41.6175532],[44.9292989,41.6177852],[44.9291645,41.6180178],[44.9290342,41.618241],[44.928903,41.6184522],[44.9287716,41.6186561],[44.9286424,41.6188556],[44.9285155,41.6190506],[44.9283902,41.6192412],[44.9282673,41.6194282],[44.9281467,41.619612],[44.9280289,41.6197926],[44.9279142,41.6199706],[44.9278015,41.6201454],[44.9276907,41.6203174],[44.9275813,41.6204863],[44.9274736,41.6206526],[44.9273664,41.6208163],[44.9272586,41.6209786],[44.9271509,41.6211397],[44.9270433,41.6213002],[44.9269365,41.6214613],[44.9268311,41.6216239],[44.926725,41.6217879],[44.9266163,41.6219535],[44.9265053,41.6221217],[44.9263926,41.6222923],[44.9262784,41.6224653],[44.9261617,41.6226399],[44.9260444,41.6228171],[44.925926,41.6229965],[44.9258067,41.6231783],[44.9256866,41.6233624],[44.9255656,41.6235486],[44.9254446,41.6237337],[44.925324,41.6239149],[44.9252053,41.6240927],[44.9250896,41.6242675],[44.9249765,41.6244402],[44.9248655,41.6246114],[44.9247546,41.6247808],[44.9246436,41.6249486],[44.9245328,41.6251158],[44.9244221,41.6252827],[44.9243118,41.6254501],[44.9242022,41.625618],[44.9240923,41.6257862],[44.923981,41.6259542],[44.9238697,41.6261222],[44.9237586,41.6262901],[44.9236476,41.6264578],[44.9235365,41.6266253],[44.9234254,41.6267924],[44.9233144,41.6269593],[44.9232037,41.6271258],[44.9230937,41.6272922],[44.9229849,41.6274585],[44.9228764,41.6276245],[44.922768,41.6277901],[44.9226596,41.6279551],[44.9225518,41.6281171],[44.922446,41.6282751],[44.9223438,41.6284294],[44.9222454,41.6285796],[44.9221503,41.628726],[44.9220559,41.6288718],[44.9219612,41.6290183],[44.9218647,41.6291658],[44.9217664,41.6293152],[44.9216662,41.6294669],[44.9215643,41.6296208],[44.9214609,41.6297766],[44.9213561,41.6299354],[44.9212485,41.6300972],[44.9211388,41.6302616],[44.9210283,41.630428],[44.9209174,41.6305962],[44.9208038,41.6307654],[44.9206902,41.6309353],[44.9205775,41.6311054],[44.9204651,41.6312759],[44.9203529,41.6314467],[44.9202412,41.6316178],[44.9201298,41.6317893],[44.920018,41.6319609],[44.9199046,41.632132],[44.9197911,41.6323033],[44.9196778,41.6324748],[44.9195642,41.6326463],[44.9194484,41.6328172],[44.9193332,41.632988],[44.9192195,41.633159],[44.9191072,41.6333305],[44.9189922,41.6335027],[44.9188788,41.6336742],[44.918768,41.6338451],[44.9186539,41.6340167],[44.9185402,41.6341887],[44.918427,41.6343612],[44.9183137,41.6345338],[44.9181997,41.6347063],[44.9180854,41.6348792],[44.9179708,41.6350521],[44.9178565,41.6352253],[44.9177424,41.635399],[44.9176283,41.6355729],[44.917513,41.6357466],[44.9173975,41.6359206],[44.9172822,41.6360948],[44.9171661,41.636269],[44.9170502,41.6364438],[44.9169345,41.6366191],[44.9168189,41.6367949],[44.9167029,41.6369714],[44.9165869,41.6371472],[44.9164703,41.6373238],[44.9163536,41.6375006],[44.9162368,41.637678],[44.9161187,41.6378552],[44.9160007,41.6380318],[44.9158844,41.6382049],[44.9157714,41.6383745],[44.9156619,41.6385407],[44.9155553,41.6387031],[44.9154516,41.6388616],[44.9153496,41.6390161],[44.9152492,41.6391665],[44.9151509,41.6393131],[44.9150553,41.6394565],[44.9149622,41.6395965],[44.9148717,41.6397334],[44.9147836,41.639867],[44.9146995,41.639995],[44.9146208,41.6401159],[44.9145504,41.6402253],[44.9144879,41.6403236],[44.9144299,41.640413],[44.9143791,41.6404934],[44.9143332,41.6405689],[44.9142928,41.6406351],[44.9142597,41.6406896],[44.9142352,41.6407325],[44.9142192,41.6407644],[44.9142096,41.6407845],[44.9141979,41.6408085],[44.9141817,41.6408431],[44.9141593,41.6408984],[44.9141307,41.6409703],[44.9140994,41.6410505],[44.9140626,41.641139],[44.9140176,41.6412381],[44.9139607,41.6413467],[44.9138926,41.6414656],[44.913816,41.6415908],[44.9137349,41.6417184],[44.9136531,41.6418477],[44.9135708,41.6419766],[44.9134867,41.6421035],[44.9134013,41.6422302],[44.9133175,41.6423566],[44.9132352,41.6424809],[44.9131566,41.6426039],[44.9130809,41.6427249],[44.9130067,41.6428452],[44.9129308,41.6429674],[44.9128504,41.6430894],[44.9127707,41.6432112],[44.9126939,41.6433337],[44.912616,41.6434565],[44.9125339,41.6435782],[44.9124541,41.6436966],[44.9123804,41.6438057],[44.9123131,41.6439046],[44.9122514,41.6439978],[44.9121926,41.6440897],[44.9121342,41.6441798],[44.9120777,41.6442656],[44.9120262,41.6443429],[44.9119787,41.6444143],[44.9119377,41.6444762],[44.9119036,41.644528],[44.9118768,41.6445686],[44.9118591,41.6445984],[44.9118484,41.6446149],[44.9118354,41.6446342],[44.9118225,41.6446548],[44.9117998,41.64469],[44.9117863,41.6447101],[44.9117749,41.6447272],[44.9117637,41.6447437],[44.91175,41.6447636],[44.9117366,41.6447835],[44.911721,41.6448064],[44.9117045,41.6448312],[44.9116855,41.6448598],[44.9116633,41.6448936],[44.9116386,41.6449321],[44.9116089,41.6449788],[44.9115742,41.645033],[44.9115364,41.645091],[44.9114978,41.6451504],[44.9114584,41.6452102],[44.9114181,41.6452708],[44.911377,41.6453331],[44.911335,41.6453965],[44.9112929,41.6454604],[44.9112509,41.6455238],[44.9112098,41.645586],[44.9111691,41.6456474],[44.9111302,41.6457081],[44.9110926,41.6457672],[44.9110573,41.6458223],[44.9110229,41.6458748],[44.910989,41.6459262],[44.9109535,41.6459783],[44.9109161,41.6460322],[44.9108781,41.646088],[44.9108394,41.6461437],[44.9108017,41.6461978],[44.9107627,41.6462525],[44.9107127,41.6463108],[44.910661,41.6463715],[44.9106154,41.6464314],[44.9105741,41.6464896],[44.9105361,41.6465454],[44.910505,41.6465926],[44.9104815,41.6466273],[44.910465,41.646652],[44.9104499,41.6466736],[44.9104331,41.6466978],[44.9104213,41.6467154],[44.9104072,41.6467367],[44.9103907,41.6467623],[44.9103739,41.6467886],[44.9103586,41.6468135],[44.9103441,41.6468361],[44.9103321,41.6468552],[44.9103215,41.6468721],[44.9102992,41.6469072],[44.9102855,41.6469283],[44.9102734,41.6469472],[44.9102596,41.6469687],[44.9102389,41.6470003],[44.9102099,41.6470451],[44.9101722,41.6471008],[44.910132,41.6471597],[44.9100944,41.6472162],[44.9100581,41.647271],[44.9100202,41.6473281],[44.909979,41.6473903],[44.9099369,41.647455],[44.9098945,41.6475201],[44.9098514,41.6475868],[44.9098117,41.6476476],[44.9097742,41.6477046],[44.9097416,41.647755],[44.9097128,41.6477994],[44.9096876,41.647839],[44.9096657,41.6478729],[44.9096437,41.6479056],[44.9096218,41.6479382],[44.9095986,41.6479726],[44.909571,41.6480116],[44.9095402,41.6480557],[44.909508,41.6481031],[44.9094737,41.6481536],[44.9094407,41.6482078],[44.9094049,41.6482634],[44.9093677,41.6483202],[44.9093285,41.6483786],[44.909288,41.6484394],[44.9092443,41.6485029],[44.9091978,41.6485698],[44.9091478,41.6486399],[44.9090932,41.6487129],[44.9090373,41.6487854],[44.908986,41.6488553],[44.9089368,41.6489264],[44.908886,41.6490079],[44.9088294,41.6491002],[44.9087657,41.6491978],[44.9086963,41.6492977],[44.9086213,41.6494008],[44.9085467,41.6495028],[44.9084713,41.6496053],[44.9083919,41.6497113],[44.9083062,41.6498254],[44.9082114,41.6499487],[44.9081064,41.6500818],[44.9079968,41.650219],[44.9078831,41.6503489],[44.9077728,41.6504654],[44.9076789,41.6505717],[44.9075938,41.6506726],[44.9075129,41.6507712],[44.9074326,41.6508682],[44.9073455,41.6509687],[44.9072481,41.651074],[44.9071495,41.6511783],[44.9070604,41.6512729],[44.9069793,41.6513578],[44.9069081,41.6514311],[44.9068414,41.6514959],[44.9067831,41.6515513],[44.9067321,41.6516011],[44.9066794,41.6516509],[44.9066194,41.6517078],[44.9065498,41.6517748],[44.9064734,41.6518531],[44.9063876,41.6519373],[44.9062977,41.6520228],[44.9062041,41.6521096],[44.906106,41.6521969],[44.906,41.6522817],[44.9058821,41.6523596],[44.9057538,41.6524288],[44.9056191,41.6524922],[44.9054824,41.6525537],[44.9053458,41.652615],[44.9052101,41.6526768],[44.9050753,41.6527387],[44.904942,41.6528004],[44.9048092,41.6528606],[44.904676,41.652921],[44.9045465,41.6529818],[44.9044129,41.6530401],[44.9042801,41.6530978],[44.9041522,41.6531515],[44.9040367,41.6532015],[44.9039308,41.6532476],[44.9038281,41.6532937],[44.9037318,41.6533368],[44.9036397,41.653379],[44.9035485,41.6534221],[44.9034533,41.6534659],[44.9033536,41.6535119],[44.9032508,41.6535592],[44.903148,41.6536072],[44.9030495,41.6536535],[44.9029567,41.653697],[44.9028641,41.6537397],[44.9027719,41.6537828],[44.9026786,41.6538271],[44.9025822,41.6538726],[44.9024828,41.65392],[44.9023794,41.6539702],[44.9022746,41.6540228],[44.9021708,41.6540758],[44.9020688,41.6541288],[44.9019686,41.6541809],[44.9018747,41.6542299],[44.9017945,41.6542773],[44.9017281,41.6543234],[44.9016705,41.6543634],[44.9016217,41.6543945],[44.9015815,41.6544184],[44.9015465,41.654437],[44.9015242,41.6544483],[44.9014833,41.6544689],[44.9014344,41.6544951],[44.9013706,41.6545287],[44.9012947,41.6545686],[44.9012077,41.6546163],[44.9011067,41.654671],[44.9009934,41.6547314],[44.9008725,41.6547964],[44.900746,41.6548654],[44.900615,41.6549371],[44.9004804,41.6550097],[44.9003457,41.6550807],[44.9002133,41.6551506],[44.900084,41.6552185],[44.8999577,41.6552845],[44.8998323,41.6553496],[44.8997073,41.6554157],[44.8995807,41.6554815],[44.8994557,41.6555465],[44.8993328,41.6556094],[44.8992125,41.6556696],[44.8990956,41.6557296],[44.8989803,41.6557904],[44.8988586,41.6558556],[44.8987299,41.6559253],[44.8986032,41.6559933],[44.8984823,41.6560579],[44.8983637,41.6561212],[44.8982462,41.6561829],[44.8981311,41.6562438],[44.8980158,41.6563055],[44.8978985,41.6563675],[44.8977808,41.6564303],[44.8976617,41.656494],[44.8975425,41.6565578],[44.8974233,41.6566209],[44.8973086,41.6566819],[44.8972006,41.6567403],[44.8971,41.6567932],[44.8970066,41.656843],[44.8969221,41.6568878],[44.8968459,41.656927],[44.896778,41.6569617],[44.8967131,41.656994],[44.8966437,41.6570288],[44.8965706,41.6570661],[44.8965033,41.6571006],[44.8964411,41.6571354],[44.8963748,41.6571693],[44.8963007,41.6572067],[44.8962306,41.6572445],[44.8961685,41.6572788],[44.8961158,41.6573072],[44.8960724,41.6573301],[44.896038,41.6573487],[44.8960056,41.6573663],[44.8959723,41.657384],[44.8959273,41.6574073],[44.8958713,41.6574366],[44.8958084,41.6574711],[44.8957403,41.6575067],[44.8956699,41.657542],[44.8956002,41.6575772],[44.8955325,41.657613],[44.8954658,41.6576483],[44.8953999,41.6576823],[44.8953356,41.6577156],[44.8952725,41.6577487],[44.8952086,41.6577817],[44.8951419,41.6578158],[44.8950729,41.6578521],[44.8949994,41.6578914],[44.8949234,41.6579319],[44.8948474,41.6579724],[44.8947694,41.6580126],[44.8946927,41.6580527],[44.8946192,41.658092],[44.8945486,41.6581296],[44.8944792,41.6581662],[44.8944041,41.6582054],[44.8943251,41.6582475],[44.8942455,41.6582884],[44.8941666,41.6583285],[44.8940875,41.658369],[44.8940043,41.6584118],[44.8939187,41.6584565],[44.8938308,41.6585021],[44.8937415,41.658548],[44.8936518,41.6585939],[44.8935624,41.6586396],[44.8934749,41.6586856],[44.8933882,41.6587313],[44.8933027,41.6587758],[44.8932192,41.6588192],[44.8931392,41.6588612],[44.8930609,41.6589023],[44.8929827,41.6589429],[44.8929023,41.6589847],[44.8928187,41.659028],[44.8927322,41.6590731],[44.8926418,41.659119],[44.8925481,41.6591661],[44.8924539,41.6592126],[44.8923597,41.6592579],[44.8922659,41.6593028],[44.8921708,41.6593478],[44.8920732,41.6593932],[44.8919716,41.6594394],[44.8918653,41.6594872],[44.8917567,41.6595357],[44.8916483,41.6595817],[44.8915393,41.6596257],[44.891423,41.6596671],[44.8912978,41.6597054],[44.8911652,41.6597397],[44.8910256,41.6597681],[44.8908815,41.6597913],[44.8907334,41.6598079],[44.8905804,41.6598201],[44.8904238,41.6598305],[44.8902664,41.65984],[44.8901099,41.6598471],[44.8899532,41.6598524],[44.8897948,41.659855],[44.8896314,41.6598569],[44.8894641,41.6598574],[44.8892957,41.6598583],[44.8891289,41.6598601],[44.8889637,41.659863],[44.8888104,41.6598694],[44.8886692,41.6598818],[44.8885378,41.6599011],[44.8884146,41.6599239],[44.8883087,41.6599449],[44.8882261,41.6599613],[44.8881625,41.6599738],[44.8881077,41.6599848],[44.888057,41.6599951],[44.888015,41.6600036],[44.8879831,41.6600102],[44.8879481,41.6600158],[44.8878908,41.6600253],[44.8878067,41.6600396],[44.8877058,41.6600567],[44.887604,41.6600745],[44.8875006,41.6600897],[44.8873945,41.6601041],[44.8872854,41.6601191],[44.8871704,41.6601364],[44.8870479,41.660156],[44.8869205,41.6601775],[44.8867896,41.6601997],[44.8866592,41.6602223],[44.8865293,41.6602446],[44.8864008,41.6602646],[44.8862742,41.6602811],[44.8861528,41.6602924],[44.8860369,41.6602992],[44.8859223,41.6603051],[44.8858051,41.6603155],[44.8856877,41.6603376],[44.8855761,41.6603736],[44.8854754,41.6604223],[44.8853883,41.6604826],[44.8853178,41.6605532],[44.8852657,41.6606317],[44.8852304,41.6607146],[44.8852038,41.6607977],[44.8851806,41.6608768],[44.8851525,41.6609507],[44.8851113,41.6610204],[44.8850536,41.6610846],[44.8849809,41.6611429],[44.8848907,41.661195],[44.8847795,41.6612363],[44.8846513,41.6612668],[44.8845131,41.6612966],[44.8843659,41.6613273],[44.8842079,41.6613595],[44.8840362,41.6613943],[44.883853,41.661432],[44.8836618,41.6614699],[44.8834631,41.6615048],[44.8832606,41.6615372],[44.8830564,41.6615701],[44.882852,41.6616051],[44.8826477,41.6616446],[44.8824427,41.6616874],[44.8822364,41.6617324],[44.8820277,41.6617773],[44.8818163,41.6618217],[44.8816024,41.6618665],[44.8813856,41.6619108],[44.8811658,41.6619555],[44.8809431,41.662001],[44.8807188,41.6620464],[44.880493,41.662092],[44.8802655,41.662137],[44.8800374,41.6621816],[44.8798105,41.6622263],[44.8795855,41.662271],[44.8793629,41.6623146],[44.8791435,41.6623579],[44.8789273,41.6624013],[44.8787142,41.662445],[44.8785044,41.6624892],[44.8782976,41.6625339],[44.8780938,41.6625792],[44.8778921,41.6626253],[44.8776917,41.6626724],[44.877492,41.6627196],[44.8772928,41.6627668],[44.8770941,41.6628147],[44.876896,41.662864],[44.876699,41.6629163],[44.8765015,41.6629684],[44.8763039,41.6630208],[44.876106,41.6630737],[44.8759077,41.6631273],[44.8757092,41.663182],[44.8755104,41.6632377],[44.8753118,41.6632942],[44.8751138,41.6633523],[44.8749164,41.6634119],[44.8747196,41.663473],[44.8745228,41.6635352],[44.8743257,41.6635986],[44.8741286,41.6636628],[44.8739311,41.6637273],[44.8737332,41.6637922],[44.873535,41.6638586],[44.8733363,41.6639266],[44.8731372,41.6639963],[44.8729372,41.6640678],[44.8727363,41.664141],[44.8725345,41.6642157],[44.8723321,41.6642915],[44.8721283,41.6643681],[44.8719234,41.6644458],[44.8717178,41.6645258],[44.8715115,41.6646078],[44.8713046,41.6646916],[44.8710965,41.6647763],[44.8708883,41.6648623],[44.8706808,41.6649495],[44.870473,41.6650376],[44.8702659,41.6651274],[44.8700602,41.6652183],[44.8698559,41.6653098],[44.8696526,41.6654017],[44.8694502,41.6654941],[44.8692481,41.6655865],[44.8690462,41.6656789],[44.8688441,41.6657711],[44.8686416,41.6658633],[44.8684386,41.6659561],[44.8682353,41.6660495],[44.8680307,41.6661432],[44.8678247,41.6662371],[44.8676172,41.6663309],[44.8674087,41.6664244],[44.8671986,41.6665175],[44.8669859,41.6666096],[44.866771,41.6667007],[44.8665543,41.666791],[44.8663364,41.6668803],[44.8661188,41.666969],[44.8659022,41.6670565],[44.8656864,41.6671425],[44.8654717,41.6672273],[44.8652581,41.6673103],[44.8650443,41.6673911],[44.8648293,41.6674707],[44.8646136,41.6675499],[44.8643974,41.667628],[44.8641813,41.667705],[44.8639656,41.667781],[44.8637507,41.6678552],[44.8635373,41.6679271],[44.8633248,41.667996],[44.8631136,41.6680629],[44.8629037,41.6681286],[44.862695,41.668193],[44.8624875,41.6682564],[44.8622815,41.6683189],[44.8620765,41.6683808],[44.8618718,41.668442],[44.8616661,41.6685024],[44.8614577,41.6685616],[44.8612463,41.6686204],[44.8610327,41.6686792],[44.8608165,41.6687372],[44.8605977,41.6687935],[44.8603778,41.6688473],[44.8601581,41.6689001],[44.8599387,41.6689529],[44.8597197,41.6690053],[44.8595004,41.669056],[44.8592803,41.6691065],[44.8590586,41.6691567],[44.8588362,41.6692054],[44.8586132,41.6692524],[44.8583884,41.6692983],[44.8581617,41.669344],[44.8579319,41.6693878],[44.8577,41.6694317],[44.857465,41.6694756],[44.8572284,41.6695198],[44.8569889,41.6695626],[44.8567469,41.6696037],[44.856504,41.6696438],[44.8562602,41.6696823],[44.8560164,41.6697206],[44.8557736,41.6697596],[44.8555325,41.6697992],[44.8552929,41.6698391],[44.8550541,41.6698771],[44.8548169,41.6699146],[44.8545828,41.6699523],[44.854353,41.6699894],[44.8541273,41.6700257],[44.8539053,41.6700606],[44.8536864,41.6700956],[44.8534701,41.670131],[44.853257,41.6701658],[44.8530479,41.6702006],[44.8528426,41.6702347],[44.8526412,41.6702685],[44.8524434,41.6703012],[44.8522488,41.6703316],[44.8520563,41.6703595],[44.8518656,41.670387],[44.8516771,41.6704168],[44.85149,41.6704469],[44.851303,41.6704768],[44.8511133,41.6705051],[44.8509204,41.6705327],[44.850724,41.6705603],[44.8505239,41.6705869],[44.8503199,41.6706129],[44.8501121,41.6706396],[44.8499002,41.670666],[44.849684,41.6706925],[44.8494631,41.670719],[44.8492377,41.6707451],[44.8490079,41.6707711],[44.848774,41.6707974],[44.8485364,41.670824],[44.8482953,41.6708505],[44.8480514,41.6708772],[44.8478078,41.6709036],[44.8475679,41.6709295],[44.8473317,41.6709551],[44.8470963,41.6709802],[44.8468613,41.671005],[44.8466268,41.6710305],[44.8463933,41.6710568],[44.8461609,41.6710837],[44.8459288,41.6711095],[44.8456969,41.6711344],[44.8454651,41.6711591],[44.8452331,41.6711845],[44.8450007,41.6712106],[44.8447669,41.671236],[44.8445324,41.6712612],[44.844298,41.6712866],[44.8440668,41.6713117],[44.84384,41.6713365],[44.8436174,41.6713607],[44.843399,41.6713846],[44.8431848,41.6714083],[44.8429746,41.6714317],[44.8427683,41.6714544],[44.8425638,41.671477],[44.8423604,41.6714999],[44.8421572,41.6715238],[44.8419532,41.6715508],[44.8417483,41.6715815],[44.8415415,41.6716116],[44.8413326,41.6716384],[44.8411222,41.6716621],[44.8409134,41.6716844],[44.8407081,41.6717068],[44.8405069,41.6717297],[44.8403093,41.6717516],[44.8401154,41.6717735],[44.8399255,41.6717966],[44.839739,41.6718218],[44.8395551,41.6718509],[44.8393751,41.671886],[44.8391992,41.6719268],[44.8390291,41.671975],[44.8388645,41.6720293],[44.8387052,41.6720882],[44.8385504,41.6721517],[44.8384005,41.6722206],[44.8382569,41.6722951],[44.8381216,41.6723762],[44.8379907,41.6724591],[44.8378646,41.6725446],[44.8377449,41.672634],[44.8376324,41.6727274],[44.8375278,41.6728241],[44.837431,41.6729238],[44.8373395,41.6730254],[44.8372533,41.6731299],[44.8371727,41.6732372],[44.8370973,41.6733469],[44.8370276,41.6734584],[44.8369653,41.6735724],[44.8369105,41.6736887],[44.8368609,41.6738098],[44.83681,41.6739402],[44.8367574,41.6740805],[44.8367059,41.6742306],[44.8366585,41.674391],[44.836616,41.6745612],[44.8365769,41.674734],[44.8365383,41.6748969],[44.8365013,41.6750439],[44.8364684,41.6751686],[44.836441,41.6752693],[44.8364204,41.675351],[44.8364028,41.675429],[44.8363802,41.6755082],[44.8363501,41.6755794],[44.8363137,41.6756406],[44.8362708,41.6756952],[44.8362237,41.6757454],[44.8361733,41.6757913],[44.8361274,41.6758301],[44.8360877,41.6758628],[44.8360493,41.6758936],[44.8360125,41.6759228],[44.8359796,41.6759492],[44.835951,41.6759737],[44.8359283,41.6759992],[44.8359138,41.6760238],[44.8359089,41.6760476],[44.835909,41.6760783],[44.8359168,41.6761142],[44.8359372,41.6761484],[44.8359748,41.676176],[44.8360254,41.6761931],[44.8360874,41.6762072],[44.8361572,41.6762174],[44.8362318,41.6762271],[44.8363116,41.6762388],[44.8363978,41.6762526],[44.8364948,41.67627],[44.836603,41.6762897],[44.8367141,41.6763089],[44.8368232,41.6763268],[44.8369316,41.6763429],[44.837039,41.6763573],[44.83714,41.6763698],[44.8372341,41.6763818],[44.8373266,41.6763955],[44.837417,41.67641],[44.8375063,41.676424],[44.8375942,41.6764373],[44.8376748,41.676449],[44.8377488,41.67646],[44.8378209,41.6764706],[44.8378903,41.6764811],[44.8379487,41.67649],[44.8379925,41.6764969],[44.8380232,41.6765019],[44.8380502,41.6765063],[44.8380743,41.6765103],[44.8381066,41.6765157],[44.8381596,41.6765247],[44.8381875,41.6765296],[44.8382119,41.6765338],[44.8382365,41.6765381],[44.8382666,41.6765436],[44.8382956,41.6765493],[44.8383195,41.6765541],[44.8383635,41.6765629],[44.8383927,41.6765688],[44.8384311,41.6765774],[44.8384733,41.6765884],[44.8385118,41.6765995],[44.8385447,41.6766093],[44.8385747,41.6766186],[44.8386016,41.6766278],[44.8386333,41.6766395],[44.8386603,41.6766498],[44.8386832,41.6766583],[44.8387084,41.6766673],[44.8387394,41.6766782],[44.8387678,41.6766878],[44.8388018,41.6766995],[44.8388455,41.6767146],[44.83889,41.6767292],[44.8389284,41.6767414],[44.8389621,41.6767522],[44.838992,41.6767615],[44.8390179,41.6767692],[44.8390462,41.6767776],[44.8390821,41.6767888],[44.8391156,41.676801],[44.8391418,41.6768147],[44.8391629,41.6768335],[44.8391801,41.6768643],[44.8391863,41.6768945],[44.8391829,41.6769196],[44.8391717,41.6769443],[44.8391494,41.6769679],[44.8391205,41.6769833],[44.8390811,41.6769979],[44.8390319,41.6770136],[44.8389835,41.6770269],[44.8389361,41.6770373],[44.8388898,41.6770476],[44.8388456,41.6770571],[44.8387992,41.677067],[44.8387436,41.6770786],[44.838687,41.6770906],[44.8386356,41.6771017],[44.8385818,41.6771163],[44.8385155,41.6771352],[44.8384367,41.6771584],[44.8383492,41.6771875],[44.8382554,41.67722],[44.8381479,41.6772586],[44.8380291,41.677303],[44.837913,41.6773515],[44.8378018,41.6774053],[44.8376978,41.6774684],[44.8376083,41.6775443],[44.8375376,41.6776316],[44.8374887,41.6777284],[44.8374598,41.6778329],[44.8374439,41.677942],[44.8374348,41.6780546],[44.8374266,41.6781713],[44.8374165,41.678293],[44.8374047,41.6784204],[44.8373909,41.6785531],[44.8373759,41.6786905],[44.8373598,41.678832],[44.8373447,41.6789772],[44.83733,41.6791253],[44.8373151,41.6792744],[44.8373001,41.6794238],[44.8372846,41.6795714],[44.8372653,41.6797149],[44.8372399,41.679854],[44.8372087,41.6799906],[44.8371706,41.6801246],[44.8371282,41.6802562],[44.8370772,41.6803847],[44.8370201,41.6805094],[44.8369581,41.6806273],[44.8368925,41.6807376],[44.8368246,41.6808436],[44.8367533,41.6809478],[44.83668,41.6810508],[44.8366058,41.6811511],[44.8365318,41.6812459],[44.8364642,41.6813324],[44.8363987,41.6814109],[44.8363358,41.6814798],[44.8362743,41.6815428],[44.8362187,41.6815992],[44.8361717,41.6816473],[44.8361346,41.6816853],[44.8361069,41.6817129],[44.8360898,41.6817299],[44.8360746,41.6817451],[44.8360461,41.6817723],[44.8360186,41.6817986],[44.8359794,41.681836],[44.8359302,41.6818828],[44.8358712,41.681937],[44.8358038,41.6819988],[44.8357281,41.682068],[44.8356432,41.6821411],[44.8355502,41.6822112],[44.8354531,41.6822793],[44.8353531,41.6823481],[44.8352475,41.6824182],[44.8351338,41.6824869],[44.8350131,41.6825509],[44.8348874,41.6826106],[44.8347595,41.6826675],[44.8346361,41.6827242],[44.8345143,41.6827796],[44.8343882,41.6828343],[44.8342575,41.6828891],[44.8341225,41.6829446],[44.8339831,41.6829987],[44.8338402,41.6830529],[44.8336954,41.6831081],[44.8335492,41.6831635],[44.833401,41.6832175],[44.833252,41.6832701],[44.8331024,41.6833192],[44.8329525,41.6833617],[44.8328095,41.6834006],[44.8326851,41.6834361],[44.8325739,41.6834678],[44.8324714,41.6834973],[44.8323742,41.6835267],[44.8322753,41.6835547],[44.8321736,41.6835807],[44.8320751,41.6836134],[44.8319738,41.6836449],[44.8318642,41.6836771],[44.8317446,41.6837134],[44.8316156,41.6837528],[44.8314791,41.6837939],[44.8313381,41.6838339],[44.8311929,41.6838738],[44.8310427,41.6839125],[44.8308876,41.6839494],[44.8307268,41.6839829],[44.8305604,41.6840122],[44.8303899,41.6840361],[44.8302165,41.6840554],[44.8300408,41.6840736],[44.8298654,41.6840918],[44.829696,41.6841082],[44.8295345,41.6841226],[44.8293768,41.6841358],[44.8292317,41.6841461],[44.8291037,41.6841531],[44.8289954,41.6841575],[44.828909,41.6841606],[44.8288466,41.6841631],[44.8288016,41.6841649],[44.8287634,41.6841665],[44.82873,41.6841679],[44.8286742,41.6841707],[44.8285808,41.6841758],[44.8284534,41.6841807],[44.8283094,41.6841827],[44.8281635,41.6841823],[44.8280267,41.6841814],[44.8279056,41.6841817],[44.8277965,41.6841825],[44.8276927,41.684184],[44.8275946,41.6841889],[44.8275035,41.6841972],[44.8274262,41.6842067],[44.8273641,41.6842144],[44.8273209,41.68422],[44.8272954,41.6842232],[44.827269,41.6842264],[44.8272344,41.6842301],[44.82719,41.6842339],[44.8271617,41.6842358],[44.827125,41.6842374],[44.8270889,41.6842389],[44.8270588,41.6842433],[44.8270272,41.6842494],[44.8269926,41.6842549],[44.8269525,41.6842592],[44.8269272,41.6842601],[44.8268885,41.6842571],[44.826854,41.6842525],[44.826829,41.6842473],[44.826801,41.6842389],[44.8267784,41.684231],[44.8267556,41.6842198],[44.8267367,41.6842072],[44.8267057,41.6841929],[44.82668,41.6841802],[44.8266503,41.6841646],[44.8265934,41.6841339],[44.8265385,41.684105],[44.8264679,41.6840698],[44.826397,41.684037],[44.8263373,41.6840129],[44.8262883,41.6839973],[44.8262482,41.6839878],[44.8262242,41.6839837],[44.8261719,41.6839815],[44.8261281,41.6839814],[44.8260794,41.6839822],[44.8260246,41.683985],[44.8259584,41.6839899],[44.8258778,41.683996],[44.8257796,41.6840041],[44.8256712,41.6840114],[44.825562,41.6840216],[44.8254581,41.6840334],[44.8253605,41.6840456],[44.8252656,41.6840579],[44.8251847,41.684069],[44.8251159,41.6840796],[44.8250616,41.6840909],[44.8250201,41.6841055],[44.8249914,41.6841196],[44.8249652,41.6841349],[44.8249419,41.6841472],[44.8249089,41.6841676],[44.8248821,41.6841992],[44.8248709,41.6842386],[44.8248739,41.6842867],[44.8248916,41.6843439],[44.8249222,41.6844097],[44.8249635,41.6844838],[44.8250075,41.6845639],[44.8250473,41.6846398],[44.825079,41.6847066],[44.8250981,41.6847607],[44.8251112,41.6847987],[44.8251192,41.6848214],[44.8251405,41.6848467],[44.8251659,41.6848716],[44.8252167,41.684918],[44.825261,41.6849703],[44.8253277,41.6850264],[44.8253851,41.6850742],[44.8254282,41.685105],[44.8254482,41.6851198],[44.8254713,41.6851333],[44.8254995,41.6851518],[44.8255412,41.6851796],[44.8255971,41.6852171],[44.8256617,41.6852573],[44.8257329,41.6853035],[44.8258013,41.6853537],[44.8258582,41.6854068],[44.8259153,41.6854668],[44.8259696,41.685534],[44.8260173,41.6856079],[44.8260614,41.6856884],[44.8261077,41.6857749],[44.8261523,41.6858531],[44.8261936,41.6859308],[44.8262254,41.6860038],[44.8262488,41.6860677],[44.8262573,41.686132],[44.8262727,41.686191],[44.8262798,41.6862522],[44.8262735,41.6863011],[44.826264,41.6863407],[44.8262559,41.6863765],[44.826253,41.6864066],[44.8262565,41.686434],[44.8262678,41.6864606],[44.8262833,41.686494],[44.8262911,41.6865288],[44.8262962,41.6865706],[44.8262894,41.6866052],[44.8262957,41.6866384],[44.8263058,41.6866718],[44.8263267,41.6867008],[44.8263584,41.6867266],[44.826402,41.6867443],[44.8264584,41.6867547],[44.8265202,41.6867583],[44.826574,41.6867571],[44.8266092,41.6867558],[44.8266408,41.6867747],[44.8266815,41.6867703],[44.8267068,41.686767],[44.8267476,41.6867611],[44.8267768,41.6867562],[44.8268066,41.6867507],[44.8268358,41.6867449],[44.8268728,41.6867372],[44.8268977,41.6867314],[44.8269383,41.6867235],[44.8269741,41.6867167],[44.8270267,41.6867074],[44.8270607,41.686701],[44.8270986,41.6866932],[44.8271355,41.6866857],[44.8271663,41.6866795],[44.8271897,41.6866745],[44.8272242,41.6866671],[44.8272476,41.6866619],[44.8272886,41.6866532],[44.8273123,41.6866485],[44.8273413,41.6866425],[44.8273822,41.6866344],[44.8274057,41.6866301],[44.827444,41.686623],[44.8274697,41.6866182],[44.8275037,41.6866215],[44.8275394,41.6866303],[44.8275673,41.6866436],[44.8275843,41.6866565],[44.8276019,41.6866719],[44.8276178,41.6866903],[44.8276274,41.6867092],[44.8276334,41.6867482],[44.8276359,41.6867708],[44.8276393,41.6867909],[44.8276408,41.6868157],[44.8276417,41.6868399],[44.8276425,41.6868573]]]},"properties":{"kind":"track","session":"2026-09-30_session_2026-09-30_14-10-32"}}]}